time/fps,rollout/ep_len_mean,time/total_timesteps,rollout/exploration_rate,time/episodes,rollout/ep_rew_mean,time/time_elapsed,train/loss,train/learning_rate,train/n_updates
2864,10.0,40,0.9989444444444445,4,-0.125,0,,,
2970,10.0,80,0.9978888888888888,8,-0.24375000000000002,0,,,
2716,10.0,120,0.9968333333333333,12,-0.5875,0,,,
2555,10.0,160,0.9957777777777779,16,-0.503125,0,,,
3144,10.0,200,0.9947222222222221,20,-0.5200000000000001,0,,,
2606,10.0,240,0.9936666666666667,24,-0.53125,0,,,
2640,10.0,280,0.9926111111111112,28,-0.375,0,,,
2666,10.0,320,0.9915555555555554,32,-0.3828125,0,,,
2694,10.0,360,0.9904999999999999,36,-0.4194444444444445,0,,,
2688,10.0,400,0.9894444444444446,40,-0.40374999999999994,0,,,
2719,10.0,440,0.9883888888888888,44,-0.41022727272727266,0,,,
2731,10.0,480,0.9873333333333333,48,-0.4302083333333333,0,,,
2671,10.0,520,0.9862777777777779,52,-0.4317307692307692,0,,,
2671,10.0,560,0.9852222222222221,56,-0.3830357142857143,0,,,
2676,10.0,600,0.9841666666666666,60,-0.2733333333333334,0,,,
2676,10.0,640,0.9831111111111113,64,-0.23046875,0,,,
2697,10.0,680,0.9820555555555555,68,-0.20955882352941177,0,,,
2694,10.0,720,0.981,72,-0.2048611111111111,0,,,
2712,10.0,760,0.9799444444444445,76,-0.20789473684210527,0,,,
2681,10.0,800,0.9788888888888887,80,-0.16250000000000003,0,,,
2681,10.0,840,0.9778333333333333,84,-0.10952380952380955,0,,,
2689,10.0,880,0.9767777777777779,88,-0.11704545454545455,0,,,
2704,10.0,920,0.975722222222222,92,-0.0641304347826087,0,,,
2695,10.0,960,0.9746666666666667,96,-0.03854166666666667,0,,,
2694,10.0,1000,0.9736111111111112,100,0.0019999999999999914,0,,,
2304,10.0,1040,0.9725555555555554,104,0.04999999999999998,0,0.06844305992126465,0.001,9
2034,10.0,1080,0.9715,108,0.030999999999999996,0,0.06573212891817093,0.001,19
1810,10.0,1120,0.9704444444444446,112,0.08649999999999998,0,0.06450991332530975,0.001,29
1688,10.0,1160,0.9693888888888887,116,0.12399999999999997,0,0.04078594595193863,0.001,39
1593,10.0,1200,0.9683333333333333,120,0.233,0,0.04636082053184509,0.001,49
1510,10.0,1240,0.9672777777777779,124,0.24599999999999997,0,0.04281170666217804,0.001,59
1422,10.0,1280,0.9662222222222221,128,0.21500000000000002,0,0.027682170271873474,0.001,69
1345,10.0,1320,0.9651666666666666,132,0.28950000000000004,0,0.01547263190150261,0.001,79
1259,10.0,1360,0.9641111111111111,136,0.33349999999999996,1,0.04271535947918892,0.001,89
1197,10.0,1400,0.9630555555555554,140,0.3239999999999999,1,0.023856697604060173,0.001,99
1153,10.0,1440,0.962,144,0.326,1,0.02022405155003071,0.001,109
1103,10.0,1480,0.9609444444444445,148,0.38550000000000006,1,0.026501037180423737,0.001,119
1061,10.0,1520,0.9598888888888888,152,0.36550000000000005,1,0.14173687994480133,0.001,129
1030,10.0,1560,0.9588333333333333,156,0.352,1,0.06710774451494217,0.001,139
1003,10.0,1600,0.9577777777777778,160,0.29899999999999993,1,0.04917411133646965,0.001,149
981,10.0,1640,0.956722222222222,164,0.2725,1,0.03819062188267708,0.001,159
964,10.0,1680,0.9556666666666667,168,0.2425,1,0.032019443809986115,0.001,169
951,10.0,1720,0.9546111111111112,172,0.3055,1,0.02110845223069191,0.001,179
937,10.0,1760,0.9535555555555554,176,0.29700000000000004,1,0.028455698862671852,0.001,189
928,10.0,1800,0.9524999999999999,180,0.26099999999999995,1,0.02669995278120041,0.001,199
912,10.0,1840,0.9514444444444445,184,0.1905,2,0.02937913127243519,0.001,209
898,10.0,1880,0.9503888888888887,188,0.19,2,0.0177711583673954,0.001,219
882,10.0,1920,0.9493333333333333,192,0.21299999999999997,2,0.019357413053512573,0.001,229
866,10.0,1960,0.9482777777777779,196,0.2065,2,0.02873239852488041,0.001,239
852,10.0,2000,0.9472222222222221,200,0.16250000000000003,2,0.022565392777323723,0.001,249
841,10.0,2040,0.9461666666666666,204,0.10150000000000002,2,0.12188203632831573,0.001,259
829,10.0,2080,0.9451111111111111,208,0.0875,2,0.07067523896694183,0.001,269
818,10.0,2120,0.9440555555555554,212,0.02500000000000001,2,0.032385002821683884,0.001,279
808,10.0,2160,0.943,216,0.01099999999999998,2,0.06236653029918671,0.001,289
797,10.0,2200,0.9419444444444445,220,-0.04600000000000005,2,0.0313146747648716,0.001,299
787,10.0,2240,0.9408888888888888,224,-0.03800000000000001,2,0.047276370227336884,0.001,309
779,10.0,2280,0.9398333333333333,228,-0.0875,2,0.032512255012989044,0.001,319
775,10.0,2320,0.9387777777777778,232,-0.18600000000000003,2,0.023279709741473198,0.001,329
770,10.0,2360,0.937722222222222,236,-0.23449999999999996,3,0.026910793036222458,0.001,339
766,10.0,2400,0.9366666666666666,240,-0.22549999999999998,3,0.03327076882123947,0.001,349
762,10.0,2440,0.9356111111111112,244,-0.23549999999999993,3,0.0327318012714386,0.001,359
757,10.0,2480,0.9345555555555557,248,-0.27649999999999997,3,0.041571300476789474,0.001,369
746,10.0,2520,0.9335,252,-0.2765,3,0.06183914095163345,0.001,379
739,10.0,2560,0.9324444444444445,256,-0.30999999999999994,3,0.12935133278369904,0.001,389
734,10.0,2600,0.9313888888888887,260,-0.3504999999999999,3,0.10156407207250595,0.001,399
726,10.0,2640,0.9303333333333332,264,-0.32249999999999995,3,0.06237710267305374,0.001,409
719,10.0,2680,0.9292777777777779,268,-0.31249999999999994,3,0.06633509695529938,0.001,419
713,10.0,2720,0.9282222222222224,272,-0.3764999999999999,3,0.04198060557246208,0.001,429
705,10.0,2760,0.9271666666666666,276,-0.38799999999999996,3,0.034494370222091675,0.001,439
701,10.0,2800,0.9261111111111111,280,-0.37550000000000006,3,0.047083161771297455,0.001,449
698,10.0,2840,0.9250555555555557,284,-0.3704999999999999,4,0.03790193796157837,0.001,459
694,10.0,2880,0.9239999999999999,288,-0.352,4,0.03408299386501312,0.001,469
691,10.0,2920,0.9229444444444445,292,-0.445,4,0.032841991633176804,0.001,479
689,10.0,2960,0.9218888888888891,296,-0.44849999999999995,4,0.03332704305648804,0.001,489
687,10.0,3000,0.9208333333333333,300,-0.46699999999999997,4,0.03011062555015087,0.001,499
684,10.0,3040,0.9197777777777778,304,-0.4464999999999999,4,0.09411339461803436,0.001,509
681,10.0,3080,0.9187222222222224,308,-0.4375,4,0.07709475606679916,0.001,519
678,10.0,3120,0.9176666666666666,312,-0.353,4,0.09087894856929779,0.001,529
673,10.0,3160,0.9166111111111112,316,-0.415,4,0.06335947662591934,0.001,539
668,10.0,3200,0.9155555555555557,320,-0.431,4,0.057934388518333435,0.001,549
666,10.0,3240,0.9144999999999999,324,-0.381,4,0.031059468165040016,0.001,559
660,10.0,3280,0.9134444444444445,328,-0.2775,4,0.04271194711327553,0.001,569
657,10.0,3320,0.912388888888889,332,-0.28350000000000003,5,0.039291493594646454,0.001,579
657,10.0,3360,0.9113333333333332,336,-0.2895,5,0.05201819911599159,0.001,589
653,10.0,3400,0.9102777777777779,340,-0.2744999999999999,5,0.04233086109161377,0.001,599
652,10.0,3440,0.9092222222222224,344,-0.236,5,0.023780198767781258,0.001,609
651,10.0,3480,0.9081666666666666,348,-0.23049999999999998,5,0.02645951323211193,0.001,619
650,10.0,3520,0.9071111111111112,352,-0.20749999999999996,5,0.05892661213874817,0.001,629
646,10.0,3560,0.9060555555555557,356,-0.14450000000000002,5,0.09976780414581299,0.001,639
644,10.0,3600,0.9049999999999999,360,-0.09050000000000002,5,0.05741625279188156,0.001,649
641,10.0,3640,0.9039444444444444,364,-0.15250000000000002,5,0.08549656718969345,0.001,659
637,10.0,3680,0.9028888888888891,368,-0.14300000000000002,5,0.07702285796403885,0.001,669
635,10.0,3720,0.9018333333333333,372,-0.1285,5,0.05992777273058891,0.001,679
632,10.0,3760,0.9007777777777778,376,-0.12849999999999998,5,0.05106468126177788,0.001,689
630,10.0,3800,0.8997222222222223,380,-0.1235,6,0.04609113559126854,0.001,699
628,10.0,3840,0.8986666666666666,384,-0.03699999999999999,6,0.0604427233338356,0.001,709
627,10.0,3880,0.8976111111111111,388,-0.036999999999999984,6,0.043572839349508286,0.001,719
627,10.0,3920,0.8965555555555557,392,-0.06,6,0.05590449273586273,0.001,729
626,10.0,3960,0.8955,396,-0.065,6,0.055224042385816574,0.001,739
626,10.0,4000,0.8944444444444445,400,-0.003999999999999995,6,0.04623929038643837,0.001,749
626,10.0,4040,0.893388888888889,404,-0.034999999999999996,6,0.08092799037694931,0.001,759
623,10.0,4080,0.8923333333333332,408,0.024000000000000018,6,0.0861285924911499,0.001,769
621,10.0,4120,0.8912777777777778,412,-0.010499999999999975,6,0.11952060461044312,0.001,779
619,10.0,4160,0.8902222222222224,416,0.024000000000000004,6,0.05282372981309891,0.001,789
617,10.0,4200,0.8891666666666665,420,-0.009000000000000011,6,0.06112949177622795,0.001,799
614,10.0,4240,0.8881111111111111,424,-0.10150000000000002,6,0.07479801774024963,0.001,809
612,10.0,4280,0.8870555555555557,428,-0.13949999999999999,6,0.04890434071421623,0.001,819
610,10.0,4320,0.8859999999999999,432,-0.06899999999999999,7,0.046567402780056,0.001,829
609,10.0,4360,0.8849444444444444,436,-0.06899999999999999,7,0.02465442568063736,0.001,839
608,10.0,4400,0.8838888888888891,440,-0.1375,7,0.045634541660547256,0.001,849
607,10.0,4440,0.8828333333333332,444,-0.18299999999999997,7,0.08132373541593552,0.001,859
606,10.0,4480,0.8817777777777778,448,-0.16899999999999998,7,0.04047886282205582,0.001,869
606,10.0,4520,0.8807222222222224,452,-0.18700000000000003,7,0.10075210779905319,0.001,879
606,10.0,4560,0.8796666666666666,456,-0.20199999999999999,7,0.08638294786214828,0.001,889
604,10.0,4600,0.8786111111111111,460,-0.2339999999999999,7,0.05466128885746002,0.001,899
602,10.0,4640,0.8775555555555556,464,-0.177,7,0.07251179218292236,0.001,909
600,10.0,4680,0.8764999999999998,468,-0.1885,7,0.04269930720329285,0.001,919
598,10.0,4720,0.8754444444444445,472,-0.19599999999999998,7,0.06897523254156113,0.001,929
596,10.0,4760,0.874388888888889,476,-0.19349999999999995,7,0.04894455149769783,0.001,939
593,10.0,4800,0.8733333333333332,480,-0.24799999999999997,8,0.05855483189225197,0.001,949
592,10.0,4840,0.8722777777777777,484,-0.33049999999999996,8,0.06552713364362717,0.001,959
592,10.0,4880,0.8712222222222223,488,-0.37150000000000005,8,0.055350225418806076,0.001,969
591,10.0,4920,0.8701666666666665,492,-0.3035,8,0.06432817876338959,0.001,979
591,10.0,4960,0.8691111111111112,496,-0.3155,8,0.05765986442565918,0.001,989
590,10.0,5000,0.8680555555555557,500,-0.38299999999999995,8,0.02873721346259117,0.001,999
590,10.0,5040,0.8669999999999999,504,-0.3975,8,0.07987415790557861,0.001,1009
587,10.0,5080,0.8659444444444444,508,-0.42699999999999994,8,0.08882401883602142,0.001,1019
586,10.0,5120,0.864888888888889,512,-0.45799999999999996,8,0.07886099070310593,0.001,1029
585,10.0,5160,0.8638333333333332,516,-0.4710000000000001,8,0.0643988624215126,0.001,1039
583,10.0,5200,0.8627777777777778,520,-0.5035000000000001,8,0.05206214636564255,0.001,1049
582,10.0,5240,0.8617222222222223,524,-0.447,9,0.07266725599765778,0.001,1059
580,10.0,5280,0.8606666666666665,528,-0.475,9,0.057703305035829544,0.001,1069
579,10.0,5320,0.8596111111111111,532,-0.5250000000000001,9,0.04837162792682648,0.001,1079
577,10.0,5360,0.8585555555555556,536,-0.442,9,0.03922160342335701,0.001,1089
574,10.0,5400,0.8574999999999999,540,-0.39299999999999996,9,0.07878461480140686,0.001,1099
573,10.0,5440,0.8564444444444445,544,-0.37450000000000006,9,0.07869364321231842,0.001,1109
570,10.0,5480,0.855388888888889,548,-0.43800000000000006,9,0.048338472843170166,0.001,1119
569,10.0,5520,0.8543333333333332,552,-0.4364999999999999,9,0.14222446084022522,0.001,1129
568,10.0,5560,0.8532777777777778,556,-0.45049999999999996,9,0.09067368507385254,0.001,1139
568,10.0,5600,0.8522222222222223,560,-0.4775,9,0.12993089854717255,0.001,1149
563,10.0,5640,0.8511666666666665,564,-0.5840000000000001,10,0.09207965433597565,0.001,1159
559,10.0,5680,0.850111111111111,568,-0.5925,10,0.06382972002029419,0.001,1169
554,10.0,5720,0.8490555555555557,572,-0.6145,10,0.08272279798984528,0.001,1179
549,10.0,5760,0.8479999999999999,576,-0.6185,10,0.06882920861244202,0.001,1189
545,10.0,5800,0.8469444444444445,580,-0.5775,10,0.08771977573633194,0.001,1199
541,10.0,5840,0.845888888888889,584,-0.5439999999999998,10,0.058279190212488174,0.001,1209
538,10.0,5880,0.8448333333333332,588,-0.5465000000000001,10,0.06242462620139122,0.001,1219
535,10.0,5920,0.8437777777777777,592,-0.573,11,0.07201835513114929,0.001,1229
533,10.0,5960,0.8427222222222224,596,-0.6735,11,0.04536134749650955,0.001,1239
530,10.0,6000,0.8416666666666666,600,-0.6845,11,0.03505084663629532,0.001,1249
528,10.0,6040,0.8406111111111111,604,-0.6680000000000003,11,0.07810933887958527,0.001,1259
525,10.0,6080,0.8395555555555556,608,-0.6640000000000001,11,0.09720152616500854,0.001,1269
522,10.0,6120,0.8384999999999998,612,-0.6425,11,0.07149247825145721,0.001,1279
518,10.0,6160,0.8374444444444444,616,-0.64,11,0.0688907578587532,0.001,1289
514,10.0,6200,0.836388888888889,620,-0.547,12,0.05963407829403877,0.001,1299
511,10.0,6240,0.8353333333333332,624,-0.5474999999999999,12,0.07134919613599777,0.001,1309
507,10.0,6280,0.8342777777777778,628,-0.5634999999999998,12,0.04983551800251007,0.001,1319
504,10.0,6320,0.8332222222222223,632,-0.5589999999999999,12,0.06822040677070618,0.001,1329
501,10.0,6360,0.8321666666666665,636,-0.6154999999999999,12,0.06713081151247025,0.001,1339
497,10.0,6400,0.8311111111111111,640,-0.626,12,0.0520617738366127,0.001,1349
492,10.0,6440,0.8300555555555557,644,-0.6265,13,0.05362972617149353,0.001,1359
490,10.0,6480,0.8289999999999998,648,-0.609,13,0.050994306802749634,0.001,1369
488,10.0,6520,0.8279444444444444,652,-0.548,13,0.1676022708415985,0.001,1379
486,10.0,6560,0.826888888888889,656,-0.618,13,0.08996766060590744,0.001,1389
484,10.0,6600,0.8258333333333332,660,-0.6195,13,0.06427675485610962,0.001,1399
482,10.0,6640,0.8247777777777777,664,-0.5735000000000001,13,0.07828239351511002,0.001,1409
482,10.0,6680,0.8237222222222222,668,-0.5720000000000001,13,0.0605793371796608,0.001,1419
481,10.0,6720,0.8226666666666665,672,-0.612,13,0.07975780218839645,0.001,1429
481,10.0,6760,0.8216111111111111,676,-0.5945,14,0.04146162420511246,0.001,1439
480,10.0,6800,0.8205555555555556,680,-0.5844999999999999,14,0.07676063477993011,0.001,1449
478,10.0,6840,0.8194999999999999,684,-0.6119999999999999,14,0.058489225804805756,0.001,1459
476,10.0,6880,0.8184444444444444,688,-0.6294999999999998,14,0.07185573130846024,0.001,1469
474,10.0,6920,0.8173888888888889,692,-0.6635000000000001,14,0.06892527639865875,0.001,1479
473,10.0,6960,0.8163333333333331,696,-0.599,14,0.050738390535116196,0.001,1489
473,10.0,7000,0.8152777777777778,700,-0.5485000000000001,14,0.06278494000434875,0.001,1499
473,10.0,7040,0.8142222222222223,704,-0.5655,14,0.10775338113307953,0.001,1509
473,10.0,7080,0.8131666666666668,708,-0.5494999999999999,14,0.06847694516181946,0.001,1519
473,10.0,7120,0.812111111111111,712,-0.5840000000000001,15,0.11065100133419037,0.001,1529
473,10.0,7160,0.8110555555555556,716,-0.5740000000000001,15,0.05331939458847046,0.001,1539
472,10.0,7200,0.8099999999999998,720,-0.5780000000000001,15,0.10252822190523148,0.001,1549
472,10.0,7240,0.8089444444444444,724,-0.6419999999999999,15,0.06641323864459991,0.001,1559
471,10.0,7280,0.8078888888888889,728,-0.6229999999999999,15,0.07149005681276321,0.001,1569
471,10.0,7320,0.8068333333333335,732,-0.5765,15,0.06776811182498932,0.001,1579
472,10.0,7360,0.8057777777777777,736,-0.5760000000000001,15,0.037430670112371445,0.001,1589
472,10.0,7400,0.8047222222222223,740,-0.5654999999999999,15,0.0736369863152504,0.001,1599
472,10.0,7440,0.8036666666666665,744,-0.589,15,0.046615421772003174,0.001,1609
472,10.0,7480,0.802611111111111,748,-0.5710000000000001,15,0.03560659661889076,0.001,1619
471,10.0,7520,0.8015555555555556,752,-0.645,15,0.15346361696720123,0.001,1629
471,10.0,7560,0.8005000000000002,756,-0.579,16,0.10597044229507446,0.001,1639
471,10.0,7600,0.7994444444444444,760,-0.5399999999999999,16,0.10228877514600754,0.001,1649
471,10.0,7640,0.7983888888888889,764,-0.4670000000000001,16,0.11289332062005997,0.001,1659
471,10.0,7680,0.7973333333333332,768,-0.4960000000000001,16,0.08985288441181183,0.001,1669
471,10.0,7720,0.7962777777777778,772,-0.461,16,0.12644639611244202,0.001,1679
471,10.0,7760,0.7952222222222223,776,-0.44599999999999995,16,0.07583748549222946,0.001,1689
471,10.0,7800,0.7941666666666669,780,-0.5055000000000001,16,0.046094153076410294,0.001,1699
471,10.0,7840,0.7931111111111111,784,-0.4919999999999999,16,0.06638697534799576,0.001,1709
471,10.0,7880,0.7920555555555556,788,-0.4689999999999999,16,0.08203203976154327,0.001,1719
471,10.0,7920,0.7909999999999998,792,-0.44199999999999995,16,0.09600987285375595,0.001,1729
472,10.0,7960,0.7899444444444443,796,-0.425,16,0.12719513475894928,0.001,1739
472,10.0,8000,0.788888888888889,800,-0.40549999999999997,16,0.07451826333999634,0.001,1749
472,10.0,8040,0.7878333333333335,804,-0.375,17,0.12704122066497803,0.001,1759
472,10.0,8080,0.7867777777777777,808,-0.37850000000000017,17,0.11872446537017822,0.001,1769
471,10.0,8120,0.7857222222222222,812,-0.3245,17,0.06878455728292465,0.001,1779
471,10.0,8160,0.7846666666666664,816,-0.3405,17,0.07619031518697739,0.001,1789
471,10.0,8200,0.783611111111111,820,-0.41550000000000004,17,0.06161025911569595,0.001,1799
471,10.0,8240,0.7825555555555556,824,-0.38400000000000006,17,0.08309207856655121,0.001,1809
471,10.0,8280,0.7815000000000001,828,-0.38299999999999995,17,0.08197006583213806,0.001,1819
471,10.0,8320,0.7804444444444444,832,-0.4275,17,0.08259270340204239,0.001,1829
471,10.0,8360,0.7793888888888889,836,-0.48750000000000004,17,0.045982349663972855,0.001,1839
472,10.0,8400,0.7783333333333331,840,-0.49900000000000005,17,0.09804826974868774,0.001,1849
472,10.0,8440,0.7772777777777777,844,-0.5255,17,0.08084652572870255,0.001,1859
472,10.0,8480,0.7762222222222223,848,-0.5660000000000001,17,0.0665479227900505,0.001,1869
471,10.0,8520,0.7751666666666668,852,-0.49150000000000005,18,0.09149738401174545,0.001,1879
471,10.0,8560,0.7741111111111111,856,-0.5085000000000001,18,0.12904825806617737,0.001,1889
471,10.0,8600,0.7730555555555556,860,-0.5375,18,0.09058400988578796,0.001,1899
471,10.0,8640,0.7720000000000001,864,-0.5965000000000001,18,0.0733647421002388,0.001,1909
470,10.0,8680,0.7709444444444443,868,-0.5775,18,0.07687422633171082,0.001,1919
470,10.0,8720,0.769888888888889,872,-0.5760000000000001,18,0.07913398742675781,0.001,1929
468,10.0,8760,0.7688333333333335,876,-0.6335000000000001,18,0.12335406243801117,0.001,1939
468,10.0,8800,0.7677777777777777,880,-0.5870000000000001,18,0.05805462226271629,0.001,1949
468,10.0,8840,0.7667222222222222,884,-0.6160000000000001,18,0.05811541527509689,0.001,1959
467,10.0,8880,0.7656666666666668,888,-0.613,18,0.07043816149234772,0.001,1969
468,10.0,8920,0.764611111111111,892,-0.5355000000000001,19,0.06642928719520569,0.001,1979
468,10.0,8960,0.7635555555555555,896,-0.49949999999999994,19,0.10125628113746643,0.001,1989
468,10.0,9000,0.7625000000000002,900,-0.5385,19,0.06488510966300964,0.001,1999
469,10.0,9040,0.7614444444444444,904,-0.5654999999999999,19,0.17577746510505676,0.001,2009
469,10.0,9080,0.7603888888888889,908,-0.5415,19,0.15995509922504425,0.001,2019
469,10.0,9120,0.7593333333333334,912,-0.536,19,0.06119231879711151,0.001,2029
469,10.0,9160,0.7582777777777777,916,-0.5490000000000002,19,0.11452841758728027,0.001,2039
468,10.0,9200,0.7572222222222222,920,-0.54,19,0.09050220251083374,0.001,2049
465,10.0,9240,0.7561666666666669,924,-0.575,19,0.08278828114271164,0.001,2059
464,10.0,9280,0.7551111111111111,928,-0.5979999999999999,19,0.09119072556495667,0.001,2069
464,10.0,9320,0.7540555555555556,932,-0.597,20,0.0928477868437767,0.001,2079
465,10.0,9360,0.7530000000000001,936,-0.579,20,0.1353115290403366,0.001,2089
465,10.0,9400,0.7519444444444443,940,-0.573,20,0.07149757444858551,0.001,2099
465,10.0,9440,0.7508888888888889,944,-0.524,20,0.04993408918380737,0.001,2109
465,10.0,9480,0.7498333333333335,948,-0.5379999999999999,20,0.08940287679433823,0.001,2119
464,10.0,9520,0.7487777777777777,952,-0.6069999999999999,20,0.14317388832569122,0.001,2129
463,10.0,9560,0.7477222222222222,956,-0.575,20,0.12208689004182816,0.001,2139
462,10.0,9600,0.7466666666666668,960,-0.5554999999999999,20,0.07656658440828323,0.001,2149
462,10.0,9640,0.745611111111111,964,-0.557,20,0.07236967980861664,0.001,2159
462,10.0,9680,0.7445555555555555,968,-0.5605,20,0.09476704895496368,0.001,2169
462,10.0,9720,0.7435,972,-0.5165,21,0.06614940613508224,0.001,2179
462,10.0,9760,0.7424444444444444,976,-0.5155000000000001,21,0.09125231951475143,0.001,2189
462,10.0,9800,0.7413888888888889,980,-0.5805,21,0.06263165920972824,0.001,2199
462,10.0,9840,0.7403333333333335,984,-0.603,21,0.10037469863891602,0.001,2209
463,10.0,9880,0.7392777777777777,988,-0.6520000000000001,21,0.17382115125656128,0.001,2219
463,10.0,9920,0.7382222222222222,992,-0.7325,21,0.0625496432185173,0.001,2229
463,10.0,9960,0.7371666666666667,996,-0.7705000000000001,21,0.09998204559087753,0.001,2239
463,10.0,10000,0.7361111111111109,1000,-0.7845,21,0.07819562405347824,0.001,2249
463,10.0,10040,0.7350555555555556,1004,-0.8015000000000001,21,0.1486763209104538,0.001,2259
462,10.0,10080,0.7340000000000001,1008,-0.845,21,0.13140511512756348,0.001,2269
455,10.0,10120,0.7329444444444444,1012,-0.8724999999999998,22,0.09790980070829391,0.001,2279
454,10.0,10160,0.7318888888888888,1016,-0.9130000000000001,22,0.10812723636627197,0.001,2289
454,10.0,10200,0.7308333333333334,1020,-0.9205000000000002,22,0.11566946655511856,0.001,2299
453,10.0,10240,0.7297777777777776,1024,-0.9625000000000001,22,0.10141321271657944,0.001,2309
452,10.0,10280,0.7287222222222223,1028,-1.0195,22,0.0957796573638916,0.001,2319
449,10.0,10320,0.7276666666666667,1032,-1.0134999999999998,22,0.11771418154239655,0.001,2329
448,10.0,10360,0.726611111111111,1036,-1.02,23,0.08536212146282196,0.001,2339
447,10.0,10400,0.7255555555555555,1040,-1.0455,23,0.05446285754442215,0.001,2349
446,10.0,10440,0.7245000000000001,1044,-1.0775000000000001,23,0.09903266280889511,0.001,2359
446,10.0,10480,0.7234444444444443,1048,-1.0430000000000001,23,0.07191699743270874,0.001,2369
446,10.0,10520,0.7223888888888889,1052,-1.0644999999999998,23,0.14274311065673828,0.001,2379
446,10.0,10560,0.7213333333333334,1056,-1.088,23,0.11456765979528427,0.001,2389
446,10.0,10600,0.7202777777777776,1060,-1.0515,23,0.12803803384304047,0.001,2399
446,10.0,10640,0.7192222222222222,1064,-1.05,23,0.07402202486991882,0.001,2409
445,10.0,10680,0.7181666666666667,1068,-1.014,23,0.08272620290517807,0.001,2419
445,10.0,10720,0.717111111111111,1072,-1.0305,24,0.0632813572883606,0.001,2429
445,10.0,10760,0.7160555555555556,1076,-1.005,24,0.11199329793453217,0.001,2439
444,10.0,10800,0.7150000000000001,1080,-0.9545,24,0.10304536670446396,0.001,2449
444,10.0,10840,0.7139444444444443,1084,-0.8855000000000001,24,0.09060045331716537,0.001,2459
444,10.0,10880,0.7128888888888889,1088,-0.8345000000000004,24,0.09588249027729034,0.001,2469
443,10.0,10920,0.7118333333333334,1092,-0.8905000000000001,24,0.09484560787677765,0.001,2479
443,10.0,10960,0.7107777777777777,1096,-0.9114999999999998,24,0.07499004900455475,0.001,2489
442,10.0,11000,0.7097222222222221,1100,-0.9094999999999999,24,0.10579951107501984,0.001,2499
442,10.0,11040,0.7086666666666668,1104,-0.9055,24,0.08434881269931793,0.001,2509
440,10.0,11080,0.707611111111111,1108,-0.9904999999999999,25,0.058587200939655304,0.001,2519
440,10.0,11120,0.7065555555555556,1112,-1.0334999999999999,25,0.11752355843782425,0.001,2529
439,10.0,11160,0.7055,1116,-1.0234999999999999,25,0.11667283624410629,0.001,2539
439,10.0,11200,0.7044444444444442,1120,-1.013,25,0.10370507836341858,0.001,2549
438,10.0,11240,0.7033888888888888,1124,-0.9539999999999997,25,0.09500844776630402,0.001,2559
437,10.0,11280,0.7023333333333335,1128,-0.9384999999999999,25,0.10136854648590088,0.001,2569
437,10.0,11320,0.7012777777777777,1132,-0.9199999999999998,25,0.07071054726839066,0.001,2579
434,10.0,11360,0.7002222222222222,1136,-0.8919999999999999,26,0.09606095403432846,0.001,2589
432,10.0,11400,0.6991666666666667,1140,-0.9154999999999996,26,0.0805927962064743,0.001,2599
430,10.0,11440,0.6981111111111109,1144,-0.9355000000000001,26,0.09173533320426941,0.001,2609
425,10.0,11480,0.6970555555555555,1148,-0.9595,26,0.12402261793613434,0.001,2619
423,10.0,11520,0.6960000000000001,1152,-0.9214999999999999,27,0.11541742086410522,0.001,2629
422,10.0,11560,0.6949444444444444,1156,-0.9685000000000001,27,0.10883869975805283,0.001,2639
418,10.0,11600,0.6938888888888889,1160,-1.0200000000000002,27,0.09429452568292618,0.001,2649
416,10.0,11640,0.6928333333333334,1164,-1.0195,27,0.07878973335027695,0.001,2659
414,10.0,11680,0.691777777777778,1168,-0.9850000000000001,28,0.07929591834545135,0.001,2669
411,10.0,11720,0.6907222222222222,1172,-1.0145,28,0.11427495628595352,0.001,2679
404,10.0,11760,0.6896666666666668,1176,-1.0585,29,0.09552634507417679,0.001,2689
400,10.0,11800,0.688611111111111,1180,-1.0659999999999998,29,0.07595520466566086,0.001,2699
399,10.0,11840,0.6875555555555555,1184,-1.1404999999999998,29,0.07646407186985016,0.001,2709
398,10.0,11880,0.6865000000000001,1188,-1.0925,29,0.09103471040725708,0.001,2719
397,10.0,11920,0.6854444444444446,1192,-1.0510000000000002,29,0.1099625825881958,0.001,2729
395,10.0,11960,0.6843888888888888,1196,-1.057,30,0.12548232078552246,0.001,2739
392,10.0,12000,0.6833333333333333,1200,-1.0305000000000002,30,0.09443818032741547,0.001,2749
390,10.0,12040,0.6822777777777775,1204,-1.0765,30,0.1719484031200409,0.001,2759
388,10.0,12080,0.6812222222222222,1208,-1.058,31,0.11315009742975235,0.001,2769
389,10.0,12120,0.6801666666666667,1212,-1.0155,31,0.170305997133255,0.001,2779
389,10.0,12160,0.6791111111111112,1216,-1.0110000000000001,31,0.136002317070961,0.001,2789
389,10.0,12200,0.6780555555555555,1220,-1.0685,31,0.07560107856988907,0.001,2799
389,10.0,12240,0.677,1224,-1.0504999999999998,31,0.08974283933639526,0.001,2809
390,10.0,12280,0.6759444444444442,1228,-1.0165,31,0.10001702606678009,0.001,2819
390,10.0,12320,0.6748888888888889,1232,-1.1025,31,0.10817565023899078,0.001,2829
389,10.0,12360,0.6738333333333334,1236,-1.047,31,0.09972966462373734,0.001,2839
388,10.0,12400,0.6727777777777779,1240,-1.001,31,0.09956661611795425,0.001,2849
388,10.0,12440,0.6717222222222221,1244,-0.9694999999999999,32,0.09515100717544556,0.001,2859
388,10.0,12480,0.6706666666666667,1248,-1.0105,32,0.1135091632604599,0.001,2869
387,10.0,12520,0.6696111111111109,1252,-0.9855000000000002,32,0.1795792132616043,0.001,2879
386,10.0,12560,0.6685555555555556,1256,-0.9600000000000002,32,0.16609105467796326,0.001,2889
386,10.0,12600,0.6675,1260,-0.9289999999999999,32,0.11012975871562958,0.001,2899
386,10.0,12640,0.6664444444444446,1264,-1.012,32,0.07072460651397705,0.001,2909
387,10.0,12680,0.6653888888888888,1268,-1.096,32,0.09626679122447968,0.001,2919
387,10.0,12720,0.6643333333333334,1272,-1.1114999999999997,32,0.08470774441957474,0.001,2929
387,10.0,12760,0.6632777777777776,1276,-1.111,32,0.14155785739421844,0.001,2939
387,10.0,12800,0.6622222222222222,1280,-1.1260000000000001,33,0.11320310831069946,0.001,2949
386,10.0,12840,0.6611666666666667,1284,-1.1159999999999999,33,0.10541006177663803,0.001,2959
387,10.0,12880,0.6601111111111113,1288,-1.175,33,0.09646417945623398,0.001,2969
387,10.0,12920,0.6590555555555555,1292,-1.221,33,0.09542836248874664,0.001,2979
387,10.0,12960,0.658,1296,-1.2705,33,0.11269702762365341,0.001,2989
387,10.0,13000,0.6569444444444443,1300,-1.2965,33,0.12202747911214828,0.001,2999
387,10.0,13040,0.6558888888888889,1304,-1.2205,33,0.11385712772607803,0.001,3009
387,10.0,13080,0.6548333333333334,1308,-1.1614999999999998,33,0.11870835721492767,0.001,3019
386,10.0,13120,0.653777777777778,1312,-1.214,33,0.1315285861492157,0.001,3029
386,10.0,13160,0.6527222222222222,1316,-1.1784999999999999,34,0.16250112652778625,0.001,3039
386,10.0,13200,0.6516666666666667,1320,-1.1354999999999997,34,0.12447421252727509,0.001,3049
387,10.0,13240,0.6506111111111109,1324,-1.141,34,0.08176462352275848,0.001,3059
387,10.0,13280,0.6495555555555554,1328,-1.2175,34,0.06736140698194504,0.001,3069
387,10.0,13320,0.6485000000000001,1332,-1.175,34,0.09858370572328568,0.001,3079
387,10.0,13360,0.6474444444444446,1336,-1.3315000000000001,34,0.07830479741096497,0.001,3089
387,10.0,13400,0.6463888888888889,1340,-1.3425,34,0.14069177210330963,0.001,3099
384,10.0,13440,0.6453333333333333,1344,-1.3475,34,0.1499791294336319,0.001,3109
381,10.0,13480,0.644277777777778,1348,-1.345,35,0.08676883578300476,0.001,3119
381,10.0,13520,0.6432222222222221,1352,-1.4494999999999998,35,0.1541311889886856,0.001,3129
381,10.0,13560,0.6421666666666668,1356,-1.4685,35,0.18828782439231873,0.001,3139
381,10.0,13600,0.6411111111111112,1360,-1.5415,35,0.11745916306972504,0.001,3149
381,10.0,13640,0.6400555555555555,1364,-1.5230000000000001,35,0.11907419562339783,0.001,3159
381,10.0,13680,0.639,1368,-1.6504999999999999,35,0.08733151108026505,0.001,3169
381,10.0,13720,0.6379444444444446,1372,-1.6855000000000004,35,0.1274896115064621,0.001,3179
381,10.0,13760,0.6368888888888888,1376,-1.6254999999999997,36,0.08578446507453918,0.001,3189
381,10.0,13800,0.6358333333333334,1380,-1.6354999999999997,36,0.10270187258720398,0.001,3199
381,10.0,13840,0.6347777777777779,1384,-1.6534999999999997,36,0.07623891532421112,0.001,3209
381,10.0,13880,0.6337222222222221,1388,-1.6965000000000003,36,0.15827329456806183,0.001,3219
381,10.0,13920,0.6326666666666667,1392,-1.679,36,0.14473065733909607,0.001,3229
382,10.0,13960,0.6316111111111112,1396,-1.6715,36,0.05696174502372742,0.001,3239
382,10.0,14000,0.6305555555555555,1400,-1.683,36,0.09098651260137558,0.001,3249
382,10.0,14040,0.6295000000000001,1404,-1.7025,36,0.12942346930503845,0.001,3259
382,10.0,14080,0.6284444444444446,1408,-1.7765,36,0.0980902910232544,0.001,3269
382,10.0,14120,0.6273888888888888,1412,-1.7774999999999996,36,0.11184091866016388,0.001,3279
382,10.0,14160,0.6263333333333334,1416,-1.898,37,0.18303397297859192,0.001,3289
382,10.0,14200,0.6252777777777779,1420,-1.9335000000000002,37,0.15070708096027374,0.001,3299
382,10.0,14240,0.6242222222222221,1424,-1.9625,37,0.09374701976776123,0.001,3309
382,10.0,14280,0.6231666666666666,1428,-1.9095,37,0.14632834494113922,0.001,3319
381,10.0,14320,0.6221111111111113,1432,-1.8550000000000006,37,0.10098075866699219,0.001,3329
381,10.0,14360,0.6210555555555555,1436,-1.8264999999999998,37,0.1225176453590393,0.001,3339
381,10.0,14400,0.62,1440,-1.8649999999999993,37,0.1328343003988266,0.001,3349
381,10.0,14440,0.6189444444444445,1444,-1.9385,37,0.12569618225097656,0.001,3359
381,10.0,14480,0.6178888888888887,1448,-1.8900000000000003,37,0.12261688709259033,0.001,3369
381,10.0,14520,0.6168333333333333,1452,-1.76,38,0.13784284889698029,0.001,3379
381,10.0,14560,0.6157777777777779,1456,-1.7695,38,0.15300194919109344,0.001,3389
380,10.0,14600,0.6147222222222222,1460,-1.7300000000000002,38,0.13455429673194885,0.001,3399
380,10.0,14640,0.6136666666666667,1464,-1.6964999999999997,38,0.09783089905977249,0.001,3409
380,10.0,14680,0.6126111111111112,1468,-1.5125,38,0.10730786621570587,0.001,3419
380,10.0,14720,0.6115555555555554,1472,-1.5575,38,0.08733608573675156,0.001,3429
380,10.0,14760,0.6105,1476,-1.5745000000000005,38,0.11270055174827576,0.001,3439
380,10.0,14800,0.6094444444444446,1480,-1.5245000000000004,38,0.09894533455371857,0.001,3449
380,10.0,14840,0.6083888888888889,1484,-1.511,39,0.09623785316944122,0.001,3459
380,10.0,14880,0.6073333333333333,1488,-1.4205,39,0.12921376526355743,0.001,3469
380,10.0,14920,0.6062777777777779,1492,-1.3405,39,0.10985539108514786,0.001,3479
380,10.0,14960,0.6052222222222221,1496,-1.2365000000000002,39,0.10902081429958344,0.001,3489
380,10.0,15000,0.6041666666666667,1500,-1.3185,39,0.08906403928995132,0.001,3499
381,10.0,15040,0.6031111111111112,1504,-1.328,39,0.07929565012454987,0.001,3509
381,10.0,15080,0.6020555555555553,1508,-1.3050000000000004,39,0.12597526609897614,0.001,3519
381,10.0,15120,0.601,1512,-1.2840000000000003,39,0.16204020380973816,0.001,3529
381,10.0,15160,0.5999444444444446,1516,-1.1900000000000002,39,0.13679036498069763,0.001,3539
381,10.0,15200,0.5988888888888888,1520,-1.12,39,0.08021282404661179,0.001,3549
381,10.0,15240,0.5978333333333333,1524,-1.147,39,0.12765897810459137,0.001,3559
382,10.0,15280,0.5967777777777779,1528,-1.128,39,0.19292232394218445,0.001,3569
381,10.0,15320,0.595722222222222,1532,-1.2035,40,0.12287610024213791,0.001,3579
381,10.0,15360,0.5946666666666667,1536,-1.1660000000000001,40,0.12164577841758728,0.001,3589
382,10.0,15400,0.5936111111111112,1540,-1.1305,40,0.14127899706363678,0.001,3599
382,10.0,15440,0.5925555555555555,1544,-1.0655,40,0.13612382113933563,0.001,3609
382,10.0,15480,0.5915,1548,-1.139,40,0.11188393086194992,0.001,3619
382,10.0,15520,0.5904444444444445,1552,-1.245,40,0.141061469912529,0.001,3629
382,10.0,15560,0.5893888888888887,1556,-1.3015,40,0.13263680040836334,0.001,3639
382,10.0,15600,0.5883333333333334,1560,-1.388,40,0.17420491576194763,0.001,3649
383,10.0,15640,0.5872777777777779,1564,-1.35,40,0.12491272389888763,0.001,3659
383,10.0,15680,0.5862222222222221,1568,-1.435,40,0.14346212148666382,0.001,3669
383,10.0,15720,0.5851666666666666,1572,-1.3415000000000004,40,0.1705772578716278,0.001,3679
383,10.0,15760,0.5841111111111112,1576,-1.3535,41,0.1016959398984909,0.001,3689
383,10.0,15800,0.5830555555555558,1580,-1.4044999999999999,41,0.11279934644699097,0.001,3699
383,10.0,15840,0.582,1584,-1.385,41,0.10577433556318283,0.001,3709
383,10.0,15880,0.5809444444444445,1588,-1.3995,41,0.2075910121202469,0.001,3719
384,10.0,15920,0.5798888888888888,1592,-1.5099999999999993,41,0.08911208808422089,0.001,3729
384,10.0,15960,0.5788333333333333,1596,-1.6019999999999999,41,0.09889048337936401,0.001,3739
384,10.0,16000,0.577777777777778,1600,-1.5575,41,0.13926903903484344,0.001,3749
384,10.0,16040,0.5767222222222225,1604,-1.635,41,0.18285611271858215,0.001,3759
384,10.0,16080,0.5756666666666667,1608,-1.636,41,0.11564432084560394,0.001,3769
384,10.0,16120,0.5746111111111112,1612,-1.6215000000000002,41,0.14662247896194458,0.001,3779
384,10.0,16160,0.5735555555555554,1616,-1.6985000000000001,42,0.11860069632530212,0.001,3789
383,10.0,16200,0.5725,1620,-1.7354999999999998,42,0.13660289347171783,0.001,3799
381,10.0,16240,0.5714444444444445,1624,-1.8300000000000003,42,0.1533617526292801,0.001,3809
381,10.0,16280,0.5703888888888891,1628,-1.8795,42,0.16169749200344086,0.001,3819
380,10.0,16320,0.5693333333333332,1632,-1.8615000000000002,42,0.09172769635915756,0.001,3829
380,10.0,16360,0.5682777777777779,1636,-1.8889999999999998,43,0.06636714190244675,0.001,3839
379,10.0,16400,0.5672222222222221,1640,-1.8914999999999997,43,0.06832107156515121,0.001,3849
379,10.0,16440,0.5661666666666666,1644,-1.8975,43,0.1288537234067917,0.001,3859
378,10.0,16480,0.5651111111111111,1648,-1.827,43,0.11329573392868042,0.001,3869
377,10.0,16520,0.5640555555555558,1652,-1.8395,43,0.12861047685146332,0.001,3879
376,10.0,16560,0.563,1656,-1.8344999999999998,43,0.10652251541614532,0.001,3889
375,10.0,16600,0.5619444444444446,1660,-1.7194999999999998,44,0.1726401299238205,0.001,3899
375,10.0,16640,0.5608888888888888,1664,-1.7394999999999998,44,0.1427077203989029,0.001,3909
374,10.0,16680,0.5598333333333333,1668,-1.672,44,0.08293145149946213,0.001,3919
371,10.0,16720,0.5587777777777778,1672,-1.7684999999999997,44,0.17351023852825165,0.001,3929
369,10.0,16760,0.5577222222222225,1676,-1.7669999999999997,45,0.14413568377494812,0.001,3939
368,10.0,16800,0.5566666666666666,1680,-1.7734999999999996,45,0.12460724264383316,0.001,3949
366,10.0,16840,0.5556111111111112,1684,-1.8769999999999998,45,0.09451144933700562,0.001,3959
366,10.0,16880,0.5545555555555554,1688,-1.9705000000000001,46,0.08653333783149719,0.001,3969
365,10.0,16920,0.5534999999999999,1692,-1.9900000000000002,46,0.10018463432788849,0.001,3979
365,10.0,16960,0.5524444444444445,1696,-1.903,46,0.07548853754997253,0.001,3989
364,10.0,17000,0.551388888888889,1700,-1.9264999999999999,46,0.18926358222961426,0.001,3999
364,10.0,17040,0.5503333333333332,1704,-1.8555000000000001,46,0.142633855342865,0.001,4009
364,10.0,17080,0.5492777777777778,1708,-1.8395000000000001,46,0.09750998765230179,0.001,4019
364,10.0,17120,0.5482222222222222,1712,-1.8850000000000002,46,0.13009122014045715,0.001,4029
364,10.0,17160,0.5471666666666666,1716,-1.8625000000000003,47,0.13295288383960724,0.001,4039
364,10.0,17200,0.5461111111111112,1720,-1.8929999999999996,47,0.10615447908639908,0.001,4049
364,10.0,17240,0.5450555555555558,1724,-1.786,47,0.09365557134151459,0.001,4059
364,10.0,17280,0.544,1728,-1.6655000000000002,47,0.11580602079629898,0.001,4069
364,10.0,17320,0.5429444444444445,1732,-1.6915000000000004,47,0.1280030906200409,0.001,4079
364,10.0,17360,0.5418888888888886,1736,-1.6405,47,0.11669333279132843,0.001,4089
364,10.0,17400,0.5408333333333333,1740,-1.6670000000000003,47,0.1064402386546135,0.001,4099
364,10.0,17440,0.5397777777777779,1744,-1.7675,47,0.17333418130874634,0.001,4109
364,10.0,17480,0.5387222222222223,1748,-1.7734999999999999,47,0.13630330562591553,0.001,4119
364,10.0,17520,0.5376666666666665,1752,-1.7590000000000003,48,0.2014169692993164,0.001,4129
364,10.0,17560,0.5366111111111111,1756,-1.6749999999999998,48,0.12341839075088501,0.001,4139
364,10.0,17600,0.5355555555555553,1760,-1.699,48,0.15026140213012695,0.001,4149
364,10.0,17640,0.5345,1764,-1.7465000000000002,48,0.11732877045869827,0.001,4159
364,10.0,17680,0.5334444444444444,1768,-1.7785,48,0.12715238332748413,0.001,4169
364,10.0,17720,0.532388888888889,1772,-1.755,48,0.10675051808357239,0.001,4179
364,10.0,17760,0.5313333333333333,1776,-1.8124999999999998,48,0.11842376738786697,0.001,4189
364,10.0,17800,0.5302777777777778,1780,-1.8414999999999997,48,0.11566124111413956,0.001,4199
365,10.0,17840,0.529222222222222,1784,-1.7605000000000002,48,0.18777500092983246,0.001,4209
365,10.0,17880,0.5281666666666667,1788,-1.68,48,0.09392484277486801,0.001,4219
365,10.0,17920,0.5271111111111112,1792,-1.6845,49,0.1415715515613556,0.001,4229
365,10.0,17960,0.5260555555555557,1796,-1.7864999999999998,49,0.15807612240314484,0.001,4239
365,10.0,18000,0.5249999999999999,1800,-1.8144999999999998,49,0.10469838231801987,0.001,4249
365,10.0,18040,0.5239444444444445,1804,-1.8015000000000003,49,0.11292440444231033,0.001,4259
365,10.0,18080,0.5228888888888887,1808,-1.7715,49,0.09475785493850708,0.001,4269
364,10.0,18120,0.5218333333333333,1812,-1.7369999999999999,49,0.1281469166278839,0.001,4279
364,10.0,18160,0.5207777777777778,1816,-1.6334999999999997,49,0.08901741355657578,0.001,4289
364,10.0,18200,0.5197222222222224,1820,-1.6070000000000002,49,0.10073881596326828,0.001,4299
364,10.0,18240,0.5186666666666666,1824,-1.5765,50,0.12891821563243866,0.001,4309
364,10.0,18280,0.5176111111111111,1828,-1.67,50,0.10449960827827454,0.001,4319
364,10.0,18320,0.5165555555555554,1832,-1.7190000000000003,50,0.10668465495109558,0.001,4329
364,10.0,18360,0.5155,1836,-1.7595,50,0.171554833650589,0.001,4339
364,10.0,18400,0.5144444444444445,1840,-1.8545000000000003,50,0.11940974742174149,0.001,4349
364,10.0,18440,0.5133888888888891,1844,-1.7330000000000003,50,0.1351867914199829,0.001,4359
364,10.0,18480,0.5123333333333333,1848,-1.751,50,0.15768326818943024,0.001,4369
364,10.0,18520,0.5112777777777778,1852,-1.7855,50,0.1196206659078598,0.001,4379
365,10.0,18560,0.510222222222222,1856,-1.8974999999999997,50,0.12044657766819,0.001,4389
365,10.0,18600,0.5091666666666665,1860,-1.9925,50,0.13948190212249756,0.001,4399
365,10.0,18640,0.5081111111111112,1864,-1.95,51,0.1693849414587021,0.001,4409
365,10.0,18680,0.5070555555555557,1868,-1.9505000000000003,51,0.11264150589704514,0.001,4419
365,10.0,18720,0.5059999999999999,1872,-1.935,51,0.13022591173648834,0.001,4429
365,10.0,18760,0.5049444444444444,1876,-1.8965000000000003,51,0.09468149393796921,0.001,4439
365,10.0,18800,0.5038888888888886,1880,-1.8970000000000002,51,0.17730164527893066,0.001,4449
365,10.0,18840,0.5028333333333332,1884,-1.9425,51,0.10963034629821777,0.001,4459
365,10.0,18880,0.5017777777777778,1888,-2.0155000000000003,51,0.1178424283862114,0.001,4469
365,10.0,18920,0.5007222222222223,1892,-1.9610000000000003,51,0.18666291236877441,0.001,4479
365,10.0,18960,0.4996666666666666,1896,-1.9320000000000002,51,0.11655621975660324,0.001,4489
365,10.0,19000,0.4986111111111111,1900,-1.8914999999999997,51,0.15470030903816223,0.001,4499
365,10.0,19040,0.4975555555555553,1904,-1.8564999999999998,52,0.12160484492778778,0.001,4509
366,10.0,19080,0.49649999999999994,1908,-1.8405000000000005,52,0.1857667863368988,0.001,4519
366,10.0,19120,0.49544444444444447,1912,-1.8395,52,0.13078013062477112,0.001,4529
366,10.0,19160,0.494388888888889,1916,-1.9709999999999999,52,0.13988341391086578,0.001,4539
365,10.0,19200,0.4933333333333332,1920,-2.0140000000000002,52,0.14100247621536255,0.001,4549
365,10.0,19240,0.4922777777777778,1924,-2.084,52,0.09507617354393005,0.001,4559
366,10.0,19280,0.491222222222222,1928,-2.0564999999999998,52,0.12941032648086548,0.001,4569
366,10.0,19320,0.49016666666666653,1932,-1.9910000000000003,52,0.09183426201343536,0.001,4579
366,10.0,19360,0.48911111111111105,1936,-2.0375,52,0.11901569366455078,0.001,4589
366,10.0,19400,0.4880555555555557,1940,-1.8925,52,0.10746873170137405,0.001,4599
366,10.0,19440,0.4869999999999999,1944,-1.9075,53,0.08087094873189926,0.001,4609
366,10.0,19480,0.4859444444444444,1948,-2.0364999999999998,53,0.09746798872947693,0.001,4619
366,10.0,19520,0.4848888888888889,1952,-2.032,53,0.11806034296751022,0.001,4629
367,10.0,19560,0.4838333333333332,1956,-1.8940000000000001,53,0.10889378190040588,0.001,4639
367,10.0,19600,0.48277777777777786,1960,-1.8659999999999997,53,0.12095405161380768,0.001,4649
367,10.0,19640,0.4817222222222224,1964,-1.8825,53,0.1876613348722458,0.001,4659
367,10.0,19680,0.4806666666666666,1968,-1.8760000000000003,53,0.12968389689922333,0.001,4669
367,10.0,19720,0.4796111111111111,1972,-1.9234999999999998,53,0.11908064782619476,0.001,4679
367,10.0,19760,0.47855555555555573,1976,-1.9950000000000003,53,0.10614891350269318,0.001,4689
367,10.0,19800,0.4774999999999999,1980,-2.0375,53,0.0690215528011322,0.001,4699
367,10.0,19840,0.47644444444444445,1984,-1.9969999999999997,53,0.11324578523635864,0.001,4709
367,10.0,19880,0.47538888888888897,1988,-1.9864999999999997,54,0.1641964614391327,0.001,4719
367,10.0,19920,0.47433333333333316,1992,-1.9360000000000002,54,0.13028159737586975,0.001,4729
367,10.0,19960,0.4732777777777778,1996,-1.9965000000000004,54,0.14591194689273834,0.001,4739
367,10.0,20000,0.4722222222222223,2000,-2.0020000000000007,54,0.13678233325481415,0.001,4749
367,10.0,20040,0.4711666666666665,2004,-2.0740000000000007,54,0.13431483507156372,0.001,4759
367,10.0,20080,0.47011111111111104,2008,-2.2125,54,0.09681698679924011,0.001,4769
367,10.0,20120,0.46905555555555567,2012,-2.262,54,0.17368969321250916,0.001,4779
367,10.0,20160,0.46799999999999986,2016,-2.235,54,0.1981666386127472,0.001,4789
367,10.0,20200,0.4669444444444445,2020,-2.2295,55,0.14641620218753815,0.001,4799
367,10.0,20240,0.465888888888889,2024,-2.2065,55,0.16813117265701294,0.001,4809
366,10.0,20280,0.4648333333333332,2028,-2.266,55,0.1305467039346695,0.001,4819
367,10.0,20320,0.46377777777777773,2032,-2.3459999999999996,55,0.11214934289455414,0.001,4829
367,10.0,20360,0.46272222222222237,2036,-2.3085000000000004,55,0.10756663233041763,0.001,4839
366,10.0,20400,0.46166666666666656,2040,-2.3760000000000003,55,0.09533904492855072,0.001,4849
366,10.0,20440,0.4606111111111111,2044,-2.4535,55,0.10520751029253006,0.001,4859
366,10.0,20480,0.4595555555555556,2048,-2.3265000000000002,55,0.10551951825618744,0.001,4869
366,10.0,20520,0.4584999999999998,2052,-2.282,55,0.09183225780725479,0.001,4879
366,10.0,20560,0.45744444444444443,2056,-2.33,56,0.17617852985858917,0.001,4889
366,10.0,20600,0.45638888888888896,2060,-2.31,56,0.09125952422618866,0.001,4899
366,10.0,20640,0.4553333333333335,2064,-2.2515,56,0.08709903061389923,0.001,4909
366,10.0,20680,0.45427777777777767,2068,-2.2775000000000003,56,0.11915766447782516,0.001,4919
366,10.0,20720,0.4532222222222223,2072,-2.2770000000000006,56,0.20201849937438965,0.001,4929
366,10.0,20760,0.4521666666666666,2076,-2.313,56,0.13724854588508606,0.001,4939
366,10.0,20800,0.45111111111111113,2080,-2.2640000000000002,56,0.09844022244215012,0.001,4949
366,10.0,20840,0.45005555555555565,2084,-2.3480000000000003,56,0.15167012810707092,0.001,4959
366,10.0,20880,0.4490000000000003,2088,-2.404,57,0.09975716471672058,0.001,4969
366,10.0,20920,0.4479444444444445,2092,-2.469,57,0.1000639945268631,0.001,4979
366,10.0,20960,0.446888888888889,2096,-2.3884999999999996,57,0.11991524696350098,0.001,4989
366,10.0,21000,0.4458333333333332,2100,-2.3945000000000003,57,0.17472121119499207,0.001,4999
365,10.0,21040,0.4447777777777777,2104,-2.447,57,0.130558043718338,0.001,5009
365,10.0,21080,0.44372222222222235,2108,-2.4355,57,0.12689827382564545,0.001,5019
365,10.0,21120,0.4426666666666669,2112,-2.582,57,0.1900322288274765,0.001,5029
364,10.0,21160,0.44161111111111107,2116,-2.61,58,0.12648306787014008,0.001,5039
364,10.0,21200,0.4405555555555556,2120,-2.586,58,0.10488216578960419,0.001,5049
363,10.0,21240,0.4394999999999998,2124,-2.5484999999999998,58,0.15970468521118164,0.001,5059
362,10.0,21280,0.4384444444444444,2128,-2.4465,58,0.14888018369674683,0.001,5069
352,10.0,21320,0.43738888888888894,2132,-2.388,60,0.12326397001743317,0.001,5079
346,10.0,21360,0.43633333333333346,2136,-2.3435,61,0.10284452885389328,0.001,5089
345,10.0,21400,0.43527777777777776,2140,-2.375,61,0.12809857726097107,0.001,5099
344,10.0,21440,0.4342222222222223,2144,-2.3045,62,0.0950954258441925,0.001,5109
343,10.0,21480,0.4331666666666665,2148,-2.314,62,0.08484186977148056,0.001,5119
343,10.0,21520,0.4321111111111111,2152,-2.3055,62,0.17522092163562775,0.001,5129
342,10.0,21560,0.43105555555555564,2156,-2.3825000000000003,62,0.10727517306804657,0.001,5139
342,10.0,21600,0.43000000000000016,2160,-2.3379999999999996,63,0.11695074290037155,0.001,5149
341,10.0,21640,0.42894444444444435,2164,-2.4349999999999996,63,0.1542903184890747,0.001,5159
339,10.0,21680,0.427888888888889,2168,-2.5140000000000002,63,0.06475912779569626,0.001,5169
339,10.0,21720,0.4268333333333332,2172,-2.4675,64,0.13649213314056396,0.001,5179
339,10.0,21760,0.4257777777777777,2176,-2.3425,64,0.10620523989200592,0.001,5189
339,10.0,21800,0.4247222222222222,2180,-2.3265000000000002,64,0.13181868195533752,0.001,5199
339,10.0,21840,0.42366666666666686,2184,-2.2375,64,0.12932787835597992,0.001,5209
339,10.0,21880,0.42261111111111105,2188,-2.2515,64,0.10389135777950287,0.001,5219
339,10.0,21920,0.42155555555555557,2192,-2.3535000000000004,64,0.12008567154407501,0.001,5229
339,10.0,21960,0.4204999999999999,2196,-2.3765,64,0.12685182690620422,0.001,5239
339,10.0,22000,0.4194444444444444,2200,-2.4185000000000003,64,0.12298928946256638,0.001,5249
338,10.0,22040,0.41838888888888903,2204,-2.3965,65,0.12804235517978668,0.001,5259
338,10.0,22080,0.41733333333333356,2208,-2.3645,65,0.1241500973701477,0.001,5269
338,10.0,22120,0.41627777777777775,2212,-2.2335000000000003,65,0.13139784336090088,0.001,5279
338,10.0,22160,0.41522222222222227,2216,-2.1130000000000004,65,0.14068728685379028,0.001,5289
338,10.0,22200,0.41416666666666646,2220,-2.1265,65,0.11446718871593475,0.001,5299
338,10.0,22240,0.4131111111111111,2224,-2.1515000000000004,65,0.16720879077911377,0.001,5309
338,10.0,22280,0.4120555555555556,2228,-2.2255000000000003,65,0.13481688499450684,0.001,5319
338,10.0,22320,0.41100000000000014,2232,-2.1905,66,0.10700652003288269,0.001,5329
338,10.0,22360,0.40994444444444433,2236,-2.2555000000000005,66,0.09798537194728851,0.001,5339
337,10.0,22400,0.40888888888888897,2240,-2.2695,66,0.10672789812088013,0.001,5349
336,10.0,22440,0.40783333333333316,2244,-2.2454999999999994,66,0.1069650650024414,0.001,5359
336,10.0,22480,0.4067777777777777,2248,-2.2195,66,0.12251552194356918,0.001,5369
336,10.0,22520,0.4057222222222223,2252,-2.2885000000000004,66,0.14814825356006622,0.001,5379
336,10.0,22560,0.40466666666666684,2256,-2.2415000000000003,67,0.12047738581895828,0.001,5389
335,10.0,22600,0.40361111111111103,2260,-2.308,67,0.11658737063407898,0.001,5399
335,10.0,22640,0.40255555555555567,2264,-2.3230000000000004,67,0.10372189432382584,0.001,5409
335,10.0,22680,0.40149999999999986,2268,-2.2965000000000004,67,0.1300734430551529,0.001,5419
335,10.0,22720,0.4004444444444444,2272,-2.3390000000000004,67,0.07693617790937424,0.001,5429
335,10.0,22760,0.3993888888888889,2276,-2.3885,67,0.11939466744661331,0.001,5439
335,10.0,22800,0.39833333333333354,2280,-2.4990000000000006,68,0.15997248888015747,0.001,5449
334,10.0,22840,0.39727777777777773,2284,-2.4235000000000007,68,0.1378573477268219,0.001,5459
335,10.0,22880,0.39622222222222225,2288,-2.3335,68,0.15567569434642792,0.001,5469
335,10.0,22920,0.39516666666666644,2292,-2.234,68,0.0914459377527237,0.001,5479
335,10.0,22960,0.39411111111111097,2296,-2.2234999999999996,68,0.11522555351257324,0.001,5489
335,10.0,23000,0.3930555555555556,2300,-2.1465,68,0.1107303574681282,0.001,5499
335,10.0,23040,0.3920000000000001,2304,-2.1315,68,0.07960394024848938,0.001,5509
335,10.0,23080,0.39094444444444443,2308,-2.1625,68,0.14676505327224731,0.001,5519
335,10.0,23120,0.38988888888888895,2312,-2.1630000000000003,68,0.14414937794208527,0.001,5529
335,10.0,23160,0.38883333333333314,2316,-2.2765,69,0.1433548927307129,0.001,5539
335,10.0,23200,0.3877777777777778,2320,-2.3634999999999997,69,0.10089857876300812,0.001,5549
335,10.0,23240,0.3867222222222223,2324,-2.333,69,0.16023313999176025,0.001,5559
335,10.0,23280,0.3856666666666668,2328,-2.3609999999999998,69,0.14708583056926727,0.001,5569
335,10.0,23320,0.384611111111111,2332,-2.4215,69,0.12661772966384888,0.001,5579
335,10.0,23360,0.38355555555555565,2336,-2.4655,69,0.15088187158107758,0.001,5589
335,10.0,23400,0.38249999999999984,2340,-2.5140000000000002,69,0.1160617247223854,0.001,5599
335,10.0,23440,0.38144444444444436,2344,-2.594,69,0.09442438185214996,0.001,5609
335,10.0,23480,0.3803888888888889,2348,-2.6319999999999997,69,0.13998138904571533,0.001,5619
335,10.0,23520,0.3793333333333335,2352,-2.662,70,0.1590789258480072,0.001,5629
335,10.0,23560,0.3782777777777777,2356,-2.7579999999999996,70,0.1996653825044632,0.001,5639
335,10.0,23600,0.37722222222222224,2360,-2.7430000000000003,70,0.13176178932189941,0.001,5649
335,10.0,23640,0.37616666666666654,2364,-2.778,70,0.094404436647892,0.001,5659
335,10.0,23680,0.37511111111111106,2368,-2.866999999999999,70,0.1662403643131256,0.001,5669
335,10.0,23720,0.3740555555555556,2372,-2.8580000000000005,70,0.11958610266447067,0.001,5679
335,10.0,23760,0.3730000000000002,2376,-2.8764999999999996,70,0.16015776991844177,0.001,5689
335,10.0,23800,0.3719444444444444,2380,-2.8125,70,0.13363389670848846,0.001,5699
335,10.0,23840,0.37088888888888893,2384,-2.908,71,0.17479807138442993,0.001,5709
335,10.0,23880,0.3698333333333331,2388,-2.8960000000000004,71,0.08443700522184372,0.001,5719
335,10.0,23920,0.36877777777777765,2392,-2.9419999999999997,71,0.12814168632030487,0.001,5729
335,10.0,23960,0.3677222222222223,2396,-3.0414999999999996,71,0.1423308551311493,0.001,5739
335,10.0,24000,0.3666666666666668,2400,-3.0785,71,0.11754342168569565,0.001,5749
335,10.0,24040,0.365611111111111,2404,-3.1604999999999994,71,0.13657347857952118,0.001,5759
335,10.0,24080,0.3645555555555555,2408,-3.0894999999999997,71,0.1611064076423645,0.001,5769
334,10.0,24120,0.3634999999999997,2412,-3.0334999999999996,72,0.16173401474952698,0.001,5779
334,10.0,24160,0.36244444444444435,2416,-3.0369999999999995,72,0.1533612161874771,0.001,5789
334,10.0,24200,0.36138888888888887,2420,-3.0005,72,0.0798848420381546,0.001,5799
334,10.0,24240,0.3603333333333334,2424,-3.099,72,0.13072066009044647,0.001,5809
334,10.0,24280,0.3592777777777777,2428,-3.1005000000000003,72,0.1645268201828003,0.001,5819
335,10.0,24320,0.35822222222222233,2432,-3.0865000000000005,72,0.09568830579519272,0.001,5829
334,10.0,24360,0.3571666666666665,2436,-2.992,72,0.1559605896472931,0.001,5839
334,10.0,24400,0.35611111111111104,2440,-2.9365000000000006,72,0.13071127235889435,0.001,5849
334,10.0,24440,0.35505555555555557,2444,-2.8535000000000004,72,0.17567679286003113,0.001,5859
334,10.0,24480,0.3540000000000002,2448,-2.894,73,0.1256595253944397,0.001,5869
334,10.0,24520,0.3529444444444444,2452,-2.8255,73,0.14670631289482117,0.001,5879
334,10.0,24560,0.3518888888888889,2456,-2.7415,73,0.17027969658374786,0.001,5889
334,10.0,24600,0.35083333333333344,2460,-2.7359999999999998,73,0.15092036128044128,0.001,5899
333,10.0,24640,0.34977777777777763,2464,-2.6435000000000004,73,0.1669585406780243,0.001,5909
331,10.0,24680,0.34872222222222227,2468,-2.554,74,0.08669397234916687,0.001,5919
331,10.0,24720,0.3476666666666668,2472,-2.4870000000000005,74,0.11308768391609192,0.001,5929
330,10.0,24760,0.346611111111111,2476,-2.4234999999999998,74,0.11413918435573578,0.001,5939
330,10.0,24800,0.3455555555555555,2480,-2.4385000000000003,75,0.14721937477588654,0.001,5949
330,10.0,24840,0.34450000000000014,2484,-2.499,75,0.1044243574142456,0.001,5959
329,10.0,24880,0.34344444444444433,2488,-2.533,75,0.13260793685913086,0.001,5969
329,10.0,24920,0.34238888888888896,2492,-2.487,75,0.1166263148188591,0.001,5979
328,10.0,24960,0.3413333333333335,2496,-2.5170000000000003,75,0.13563531637191772,0.001,5989
327,10.0,25000,0.3402777777777777,2500,-2.533,76,0.12786896526813507,0.001,5999
327,10.0,25040,0.3392222222222222,2504,-2.4775,76,0.11624476313591003,0.001,6009
326,10.0,25080,0.33816666666666684,2508,-2.4850000000000008,76,0.1467336118221283,0.001,6019
326,10.0,25120,0.33711111111111103,2512,-2.4815000000000005,77,0.137470543384552,0.001,6029
325,10.0,25160,0.33605555555555555,2516,-2.5045,77,0.1008671373128891,0.001,6039
325,10.0,25200,0.3350000000000001,2520,-2.4695,77,0.15097187459468842,0.001,6049
324,10.0,25240,0.33394444444444427,2524,-2.3815,77,0.19996801018714905,0.001,6059
324,10.0,25280,0.3328888888888889,2528,-2.3350000000000004,77,0.13841485977172852,0.001,6069
324,10.0,25320,0.3318333333333334,2532,-2.342,78,0.11748798936605453,0.001,6079
323,10.0,25360,0.3307777777777776,2536,-2.319,78,0.10100963711738586,0.001,6089
323,10.0,25400,0.32972222222222214,2540,-2.2954999999999997,78,0.13809719681739807,0.001,6099
323,10.0,25440,0.3286666666666668,2544,-2.3774999999999995,78,0.14088217914104462,0.001,6109
323,10.0,25480,0.3276111111111111,2548,-2.344,78,0.1327092945575714,0.001,6119
323,10.0,25520,0.3265555555555556,2552,-2.3345,78,0.17209675908088684,0.001,6129
323,10.0,25560,0.3255000000000001,2556,-2.3009999999999997,79,0.17272718250751495,0.001,6139
322,10.0,25600,0.3244444444444443,2560,-2.4019999999999997,79,0.12484767287969589,0.001,6149
323,10.0,25640,0.32338888888888895,2564,-2.529,79,0.11185978353023529,0.001,6159
322,10.0,25680,0.32233333333333347,2568,-2.4600000000000004,79,0.10181503742933273,0.001,6169
322,10.0,25720,0.321277777777778,2572,-2.536,79,0.12922565639019012,0.001,6179
322,10.0,25760,0.3202222222222222,2576,-2.6689999999999996,79,0.11455842852592468,0.001,6189
323,10.0,25800,0.3191666666666668,2580,-2.5980000000000003,79,0.09383707493543625,0.001,6199
323,10.0,25840,0.318111111111111,2584,-2.5485,79,0.10226796567440033,0.001,6209
323,10.0,25880,0.31705555555555553,2588,-2.6029999999999998,80,0.15163660049438477,0.001,6219
323,10.0,25920,0.31600000000000006,2592,-2.7015,80,0.169819176197052,0.001,6229
323,10.0,25960,0.3149444444444447,2596,-2.5989999999999998,80,0.1432553231716156,0.001,6239
323,10.0,26000,0.3138888888888889,2600,-2.5789999999999997,80,0.1256508231163025,0.001,6249
323,10.0,26040,0.3128333333333334,2604,-2.4989999999999997,80,0.15289470553398132,0.001,6259
323,10.0,26080,0.3117777777777777,2608,-2.65,80,0.10363584011793137,0.001,6269
323,10.0,26120,0.31072222222222223,2612,-2.744,80,0.09727315604686737,0.001,6279
323,10.0,26160,0.30966666666666676,2616,-2.674,80,0.15601083636283875,0.001,6289
323,10.0,26200,0.3086111111111114,2620,-2.701,80,0.15432558953762054,0.001,6299
323,10.0,26240,0.3075555555555556,2624,-2.7774999999999994,80,0.17111559212207794,0.001,6309
324,10.0,26280,0.3065000000000001,2628,-2.858499999999999,81,0.09354358911514282,0.001,6319
324,10.0,26320,0.3054444444444443,2632,-2.9134999999999995,81,0.13359247148036957,0.001,6329
324,10.0,26360,0.3043888888888888,2636,-3.0439999999999996,81,0.10502789169549942,0.001,6339
324,10.0,26400,0.30333333333333345,2640,-3.1184999999999996,81,0.07821382582187653,0.001,6349
324,10.0,26440,0.302277777777778,2644,-3.0115000000000003,81,0.09800916165113449,0.001,6359
325,10.0,26480,0.30122222222222217,2648,-3.01,81,0.14655701816082,0.001,6369
325,10.0,26520,0.3001666666666667,2652,-3.0325,81,0.11204873025417328,0.001,6379
325,10.0,26560,0.2991111111111109,2656,-2.9530000000000003,81,0.10800827294588089,0.001,6389
325,10.0,26600,0.2980555555555555,2660,-2.8249999999999993,81,0.10904426872730255,0.001,6399
325,10.0,26640,0.29700000000000004,2664,-2.7775,81,0.11565755307674408,0.001,6409
325,10.0,26680,0.29594444444444457,2668,-2.8145000000000007,81,0.12690308690071106,0.001,6419
325,10.0,26720,0.29488888888888887,2672,-2.7700000000000005,82,0.1178956851363182,0.001,6429
325,10.0,26760,0.2938333333333335,2676,-2.6664999999999996,82,0.12607087194919586,0.001,6439
325,10.0,26800,0.2927777777777777,2680,-2.7715000000000005,82,0.13123810291290283,0.001,6449
325,10.0,26840,0.2917222222222222,2684,-2.76,82,0.1383504569530487,0.001,6459
325,10.0,26880,0.29066666666666674,2688,-2.708,82,0.12360712885856628,0.001,6469
325,10.0,26920,0.2896111111111114,2692,-2.5795,82,0.17057844996452332,0.001,6479
326,10.0,26960,0.28855555555555557,2696,-2.5860000000000003,82,0.13025516271591187,0.001,6489
326,10.0,27000,0.2875000000000001,2700,-2.7120000000000006,82,0.11338833719491959,0.001,6499
326,10.0,27040,0.2864444444444443,2704,-2.861,82,0.08831248432397842,0.001,6509
326,10.0,27080,0.2853888888888888,2708,-2.747,83,0.09302865713834763,0.001,6519
325,10.0,27120,0.28433333333333344,2712,-2.647,83,0.10740271955728531,0.001,6529
325,10.0,27160,0.28327777777777796,2716,-2.6335,83,0.1268785148859024,0.001,6539
325,10.0,27200,0.28222222222222215,2720,-2.671,83,0.13448286056518555,0.001,6549
325,10.0,27240,0.2811666666666667,2724,-2.6595,83,0.13709162175655365,0.001,6559
325,10.0,27280,0.280111111111111,2728,-2.5690000000000004,83,0.11611311137676239,0.001,6569
325,10.0,27320,0.2790555555555555,2732,-2.505,84,0.13147087395191193,0.001,6579
325,10.0,27360,0.27800000000000014,2736,-2.4269999999999996,84,0.19212834537029266,0.001,6589
324,10.0,27400,0.27694444444444466,2740,-2.363,84,0.10989243537187576,0.001,6599
324,10.0,27440,0.27588888888888885,2744,-2.42,84,0.15864546597003937,0.001,6609
324,10.0,27480,0.2748333333333334,2748,-2.573,84,0.15009649097919464,0.001,6619
324,10.0,27520,0.27377777777777756,2752,-2.5465,84,0.15555061399936676,0.001,6629
324,10.0,27560,0.2727222222222222,2756,-2.6785,84,0.14591245353221893,0.001,6639
324,10.0,27600,0.2716666666666667,2760,-2.8075,85,0.14612820744514465,0.001,6649
324,10.0,27640,0.27061111111111125,2764,-2.7455000000000007,85,0.09128306806087494,0.001,6659
324,10.0,27680,0.26955555555555544,2768,-2.7489999999999997,85,0.11517879366874695,0.001,6669
324,10.0,27720,0.26850000000000007,2772,-2.7565,85,0.1166113018989563,0.001,6679
323,10.0,27760,0.26744444444444426,2776,-2.8354999999999997,85,0.13936905562877655,0.001,6689
323,10.0,27800,0.2663888888888888,2780,-2.77,85,0.12828853726387024,0.001,6699
323,10.0,27840,0.2653333333333333,2784,-2.7379999999999995,86,0.13120147585868835,0.001,6709
323,10.0,27880,0.26427777777777794,2788,-2.676,86,0.13368266820907593,0.001,6719
322,10.0,27920,0.26322222222222225,2792,-2.7084999999999995,86,0.08896277099847794,0.001,6729
322,10.0,27960,0.26216666666666677,2796,-2.697,86,0.12505629658699036,0.001,6739
322,10.0,28000,0.26111111111111096,2800,-2.521,86,0.09985828399658203,0.001,6749
322,10.0,28040,0.2600555555555555,2804,-2.5645,87,0.17006948590278625,0.001,6759
322,10.0,28080,0.2590000000000001,2808,-2.704,87,0.15866169333457947,0.001,6769
322,10.0,28120,0.25794444444444464,2812,-2.8805,87,0.11074960231781006,0.001,6779
322,10.0,28160,0.25688888888888883,2816,-2.9330000000000003,87,0.15499810874462128,0.001,6789
322,10.0,28200,0.25583333333333336,2820,-2.8805,87,0.14339344203472137,0.001,6799
322,10.0,28240,0.25477777777777755,2824,-2.8895000000000004,87,0.09066061675548553,0.001,6809
322,10.0,28280,0.2537222222222222,2828,-2.859,87,0.09969360381364822,0.001,6819
322,10.0,28320,0.2526666666666667,2832,-2.9405,87,0.14706368744373322,0.001,6829
322,10.0,28360,0.25161111111111123,2836,-2.9909999999999997,88,0.1354547142982483,0.001,6839
322,10.0,28400,0.2505555555555554,2840,-2.9825,88,0.09905166178941727,0.001,6849
322,10.0,28440,0.24950000000000006,2844,-3.030500000000001,88,0.144765704870224,0.001,6859
322,10.0,28480,0.24844444444444425,2848,-2.8789999999999996,88,0.16789589822292328,0.001,6869
322,10.0,28520,0.24738888888888888,2852,-2.9090000000000003,88,0.16328760981559753,0.001,6879
322,10.0,28560,0.2463333333333334,2856,-2.912,88,0.11962485313415527,0.001,6889
322,10.0,28600,0.24527777777777793,2860,-2.8665000000000003,88,0.1507256180047989,0.001,6899
322,10.0,28640,0.24422222222222212,2864,-2.8475,88,0.15531453490257263,0.001,6909
322,10.0,28680,0.24316666666666675,2868,-2.8705000000000003,88,0.14837078750133514,0.001,6919
323,10.0,28720,0.24211111111111094,2872,-2.869,88,0.11076395958662033,0.001,6929
323,10.0,28760,0.24105555555555547,2876,-2.8825,88,0.149916872382164,0.001,6939
323,10.0,28800,0.24,2880,-2.9124999999999996,89,0.1382431983947754,0.001,6949
323,10.0,28840,0.23894444444444463,2884,-3.0745,89,0.12862010300159454,0.001,6959
323,10.0,28880,0.23788888888888882,2888,-3.1614999999999998,89,0.11998117715120316,0.001,6969
323,10.0,28920,0.23683333333333334,2892,-3.1554999999999995,89,0.1266891360282898,0.001,6979
323,10.0,28960,0.23577777777777753,2896,-3.2175,89,0.13041436672210693,0.001,6989
323,10.0,29000,0.23472222222222205,2900,-3.2915000000000005,89,0.15588319301605225,0.001,6999
324,10.0,29040,0.2336666666666667,2904,-3.216,89,0.20012032985687256,0.001,7009
324,10.0,29080,0.2326111111111112,2908,-3.0754999999999995,89,0.15664665400981903,0.001,7019
324,10.0,29120,0.23155555555555551,2912,-2.9265,89,0.11316365748643875,0.001,7029
324,10.0,29160,0.23050000000000004,2916,-2.9699999999999993,89,0.14193858206272125,0.001,7039
323,10.0,29200,0.22944444444444423,2920,-2.986,90,0.1082790270447731,0.001,7049
323,10.0,29240,0.22838888888888886,2924,-3.0044999999999997,90,0.16624337434768677,0.001,7059
323,10.0,29280,0.2273333333333334,2928,-3.0804999999999993,90,0.11615064740180969,0.001,7069
322,10.0,29320,0.2262777777777779,2932,-2.9635000000000002,90,0.14578308165073395,0.001,7079
322,10.0,29360,0.2252222222222221,2936,-2.864499999999999,90,0.18121924996376038,0.001,7089
322,10.0,29400,0.22416666666666674,2940,-2.9489999999999994,91,0.10956485569477081,0.001,7099
322,10.0,29440,0.22311111111111126,2944,-3.0044999999999997,91,0.12427151203155518,0.001,7109
322,10.0,29480,0.22205555555555545,2948,-2.9859999999999998,91,0.138900026679039,0.001,7119
322,10.0,29520,0.22099999999999997,2952,-3.0540000000000003,91,0.15198753774166107,0.001,7129
322,10.0,29560,0.2199444444444446,2956,-3.0395000000000003,91,0.12533141672611237,0.001,7139
322,10.0,29600,0.2188888888888888,2960,-2.9895,91,0.11268630623817444,0.001,7149
322,10.0,29640,0.21783333333333332,2964,-3.0725,91,0.1002408117055893,0.001,7159
321,10.0,29680,0.21677777777777785,2968,-3.135,92,0.15825092792510986,0.001,7169
321,10.0,29720,0.21572222222222215,2972,-3.207,92,0.13392265141010284,0.001,7179
321,10.0,29760,0.21466666666666667,2976,-3.2285000000000004,92,0.134343683719635,0.001,7189
321,10.0,29800,0.2136111111111113,2980,-3.2285000000000004,92,0.15757089853286743,0.001,7199
321,10.0,29840,0.2125555555555555,2984,-3.0909999999999997,92,0.09536390006542206,0.001,7209
321,10.0,29880,0.21150000000000002,2988,-2.9774999999999996,93,0.16004201769828796,0.001,7219
320,10.0,29920,0.21044444444444455,2992,-3.073500000000001,93,0.14664635062217712,0.001,7229
320,10.0,29960,0.20938888888888874,2996,-3.05,93,0.13666443526744843,0.001,7239
320,10.0,30000,0.20833333333333337,3000,-3.0890000000000004,93,0.13543613255023956,0.001,7249
320,10.0,30040,0.2072777777777779,3004,-3.0445000000000007,93,0.12935179471969604,0.001,7259
320,10.0,30080,0.20622222222222242,3008,-3.0580000000000003,93,0.17430463433265686,0.001,7269
320,10.0,30120,0.2051666666666666,3012,-3.1405000000000003,94,0.12663352489471436,0.001,7279
319,10.0,30160,0.2041111111111108,3016,-3.071500000000001,94,0.13820955157279968,0.001,7289
319,10.0,30200,0.20305555555555543,3020,-3.021000000000001,94,0.08755694329738617,0.001,7299
319,10.0,30240,0.20199999999999996,3024,-2.9100000000000006,94,0.13386955857276917,0.001,7309
319,10.0,30280,0.20094444444444448,3028,-2.94,94,0.09619981050491333,0.001,7319
320,10.0,30320,0.19988888888888912,3032,-3.0395000000000003,94,0.12585125863552094,0.001,7329
320,10.0,30360,0.19883333333333342,3036,-3.130000000000001,94,0.13920532166957855,0.001,7339
320,10.0,30400,0.1977777777777776,3040,-3.1629999999999994,94,0.11926576495170593,0.001,7349
320,10.0,30440,0.19672222222222213,3044,-3.0924999999999994,94,0.12105754017829895,0.001,7359
320,10.0,30480,0.19566666666666666,3048,-3.1885000000000003,95,0.1421835720539093,0.001,7369
320,10.0,30520,0.1946111111111113,3052,-3.0845,95,0.12232161313295364,0.001,7379
320,10.0,30560,0.1935555555555558,3056,-3.1520000000000006,95,0.10470997542142868,0.001,7389
320,10.0,30600,0.1925,3060,-3.205,95,0.16789817810058594,0.001,7399
320,10.0,30640,0.1914444444444442,3064,-3.279,95,0.139861062169075,0.001,7409
320,10.0,30680,0.19038888888888872,3068,-3.2780000000000005,95,0.15970155596733093,0.001,7419
320,10.0,30720,0.18933333333333335,3072,-3.2889999999999993,95,0.13362103700637817,0.001,7429
320,10.0,30760,0.18827777777777788,3076,-3.244000000000001,96,0.11002679914236069,0.001,7439
320,10.0,30800,0.1872222222222224,3080,-3.2955,96,0.16017583012580872,0.001,7449
319,10.0,30840,0.1861666666666666,3084,-3.411,96,0.17187809944152832,0.001,7459
319,10.0,30880,0.1851111111111109,3088,-3.5639999999999996,96,0.14892220497131348,0.001,7469
319,10.0,30920,0.18405555555555542,3092,-3.432499999999999,96,0.09977564960718155,0.001,7479
319,10.0,30960,0.18300000000000005,3096,-3.356,96,0.11179749667644501,0.001,7489
319,10.0,31000,0.18194444444444458,3100,-3.253,96,0.20682738721370697,0.001,7499
319,10.0,31040,0.1808888888888891,3104,-3.2400000000000007,97,0.11720294505357742,0.001,7509
319,10.0,31080,0.1798333333333333,3108,-3.2539999999999996,97,0.13828445971012115,0.001,7519
320,10.0,31120,0.17877777777777748,3112,-3.1865000000000006,97,0.13303346931934357,0.001,7529
320,10.0,31160,0.17772222222222211,3116,-3.2595,97,0.14524859189987183,0.001,7539
320,10.0,31200,0.17666666666666664,3120,-3.3054999999999994,97,0.1220480352640152,0.001,7549
320,10.0,31240,0.17561111111111116,3124,-3.3294999999999995,97,0.13270628452301025,0.001,7559
320,10.0,31280,0.1745555555555558,3128,-3.2684999999999995,97,0.12637557089328766,0.001,7569
320,10.0,31320,0.1735,3132,-3.3045,97,0.09923219680786133,0.001,7579
320,10.0,31360,0.1724444444444445,3136,-3.2825,97,0.10785894095897675,0.001,7589
320,10.0,31400,0.1713888888888887,3140,-3.2464999999999993,97,0.15790808200836182,0.001,7599
320,10.0,31440,0.17033333333333323,3144,-3.3625,97,0.0930890366435051,0.001,7609
320,10.0,31480,0.16927777777777786,3148,-3.4189999999999996,98,0.0880715399980545,0.001,7619
321,10.0,31520,0.16822222222222238,3152,-3.548,98,0.1429944634437561,0.001,7629
321,10.0,31560,0.16716666666666669,3156,-3.4179999999999997,98,0.09901022166013718,0.001,7639
321,10.0,31600,0.1661111111111111,3160,-3.3679999999999994,98,0.13344250619411469,0.001,7649
321,10.0,31640,0.1650555555555553,3164,-3.1829999999999994,98,0.08361092954874039,0.001,7659
321,10.0,31680,0.16399999999999992,3168,-3.1584999999999996,98,0.1068618968129158,0.001,7669
321,10.0,31720,0.16294444444444445,3172,-3.0599999999999996,98,0.13673466444015503,0.001,7679
321,10.0,31760,0.16188888888888897,3176,-3.0509999999999993,98,0.11641577631235123,0.001,7689
322,10.0,31800,0.16083333333333338,3180,-2.97,98,0.11735431104898453,0.001,7699
322,10.0,31840,0.1597777777777779,3184,-2.8339999999999996,98,0.12535537779331207,0.001,7709
322,10.0,31880,0.1587222222222221,3188,-2.8564999999999996,98,0.09645825624465942,0.001,7719
322,10.0,31920,0.15766666666666673,3192,-2.9729999999999994,99,0.12896782159805298,0.001,7729
322,10.0,31960,0.15661111111111126,3196,-3.0205,99,0.11192680150270462,0.001,7739
322,10.0,32000,0.15555555555555578,3200,-3.053,99,0.10665889084339142,0.001,7749
322,10.0,32040,0.15449999999999997,3204,-2.9404999999999997,99,0.14787264168262482,0.001,7759
322,10.0,32080,0.1534444444444446,3208,-2.8604999999999996,99,0.12622234225273132,0.001,7769
322,10.0,32120,0.1523888888888888,3212,-2.8924999999999996,99,0.09325157105922699,0.001,7779
322,10.0,32160,0.15133333333333332,3216,-2.7879999999999994,99,0.19954827427864075,0.001,7789
322,10.0,32200,0.15027777777777784,3220,-2.7889999999999997,99,0.1977759301662445,0.001,7799
322,10.0,32240,0.14922222222222248,3224,-2.8445000000000005,99,0.12636591494083405,0.001,7809
322,10.0,32280,0.14816666666666667,3228,-2.7995,100,0.13199210166931152,0.001,7819
322,10.0,32320,0.1471111111111112,3232,-2.8045,100,0.09943313151597977,0.001,7829
322,10.0,32360,0.14605555555555538,3236,-2.8054999999999994,100,0.09392813593149185,0.001,7839
322,10.0,32400,0.1449999999999999,3240,-2.7995000000000005,100,0.12852434813976288,0.001,7849
322,10.0,32440,0.14394444444444454,3244,-2.7715000000000005,100,0.13855788111686707,0.001,7859
322,10.0,32480,0.14288888888888907,3248,-2.714,100,0.13060012459754944,0.001,7869
322,10.0,32520,0.14183333333333326,3252,-2.6385,100,0.13638830184936523,0.001,7879
323,10.0,32560,0.14077777777777778,3256,-2.692999999999999,100,0.12589555978775024,0.001,7889
323,10.0,32600,0.13972222222222197,3260,-2.7489999999999997,100,0.14778271317481995,0.001,7899
323,10.0,32640,0.1386666666666666,3264,-2.7914999999999996,100,0.1202659010887146,0.001,7909
323,10.0,32680,0.13761111111111113,3268,-2.7220000000000004,101,0.12120857834815979,0.001,7919
323,10.0,32720,0.13655555555555565,3272,-2.7260000000000004,101,0.12701113522052765,0.001,7929
323,10.0,32760,0.13549999999999984,3276,-2.738,101,0.1042606309056282,0.001,7939
323,10.0,32800,0.13444444444444448,3280,-2.777999999999999,101,0.10608569532632828,0.001,7949
323,10.0,32840,0.13338888888888867,3284,-2.852,101,0.09627097100019455,0.001,7959
323,10.0,32880,0.1323333333333332,3288,-2.7635,101,0.13651704788208008,0.001,7969
323,10.0,32920,0.13127777777777772,3292,-2.7004999999999995,101,0.12956276535987854,0.001,7979
324,10.0,32960,0.13022222222222235,3296,-2.753,101,0.12569381296634674,0.001,7989
324,10.0,33000,0.12916666666666665,3300,-2.7494999999999994,101,0.1374124437570572,0.001,7999
324,10.0,33040,0.1281111111111113,3304,-2.8785,101,0.1398603767156601,0.001,8009
324,10.0,33080,0.12705555555555548,3308,-3.0885,101,0.16049525141716003,0.001,8019
324,10.0,33120,0.126,3312,-3.155,102,0.13923150300979614,0.001,8029
324,10.0,33160,0.12494444444444452,3316,-3.1984999999999992,102,0.14772459864616394,0.001,8039
324,10.0,33200,0.12388888888888916,3320,-3.2000000000000006,102,0.1252356916666031,0.001,8049
324,10.0,33240,0.12283333333333335,3324,-3.2135000000000002,102,0.1370946317911148,0.001,8059
324,10.0,33280,0.12177777777777787,3328,-3.2915000000000005,102,0.12177127599716187,0.001,8069
325,10.0,33320,0.12072222222222206,3332,-3.1654999999999998,102,0.13422571122646332,0.001,8079
325,10.0,33360,0.11966666666666659,3336,-3.1479999999999997,102,0.14751708507537842,0.001,8089
325,10.0,33400,0.11861111111111122,3340,-3.086,102,0.12224175781011581,0.001,8099
325,10.0,33440,0.11755555555555575,3344,-3.022000000000001,102,0.14272798597812653,0.001,8109
325,10.0,33480,0.11649999999999994,3348,-3.0670000000000006,102,0.13630308210849762,0.001,8119
325,10.0,33520,0.11544444444444446,3352,-3.0725,102,0.1213068813085556,0.001,8129
325,10.0,33560,0.11438888888888865,3356,-3.1425000000000005,103,0.11707958579063416,0.001,8139
325,10.0,33600,0.11333333333333329,3360,-3.053,103,0.21058166027069092,0.001,8149
325,10.0,33640,0.11227777777777781,3364,-3.1535000000000006,103,0.16271179914474487,0.001,8159
326,10.0,33680,0.11122222222222233,3368,-3.2220000000000004,103,0.12648628652095795,0.001,8169
326,10.0,33720,0.11016666666666652,3372,-3.2340000000000004,103,0.17474575340747833,0.001,8179
326,10.0,33760,0.10911111111111116,3376,-3.1659999999999995,103,0.12313598394393921,0.001,8189
326,10.0,33800,0.10805555555555535,3380,-3.1875,103,0.06488631665706635,0.001,8199
326,10.0,33840,0.10699999999999987,3384,-3.0785,103,0.12800222635269165,0.001,8209
326,10.0,33880,0.1059444444444444,3388,-3.0355000000000003,103,0.12800633907318115,0.001,8219
326,10.0,33920,0.10488888888888903,3392,-3.051,103,0.1415441483259201,0.001,8229
326,10.0,33960,0.10383333333333356,3396,-3.0015000000000005,103,0.1057133823633194,0.001,8239
326,10.0,34000,0.10277777777777775,3400,-2.9934999999999996,104,0.18147511780261993,0.001,8249
326,10.0,34040,0.10172222222222194,3404,-2.9335000000000004,104,0.1068376824259758,0.001,8259
326,10.0,34080,0.10066666666666646,3408,-2.809,104,0.0947921946644783,0.001,8269
326,10.0,34120,0.0996111111111111,3412,-2.6645000000000003,104,0.12896522879600525,0.001,8279
326,10.0,34160,0.09855555555555562,3416,-2.5455,104,0.13094374537467957,0.001,8289
326,10.0,34200,0.09750000000000014,3420,-2.541,104,0.11768651753664017,0.001,8299
326,10.0,34240,0.09644444444444455,3424,-2.44,104,0.11181005835533142,0.001,8309
327,10.0,34280,0.09538888888888875,3428,-2.387,104,0.15749286115169525,0.001,8319
327,10.0,34320,0.09433333333333327,3432,-2.3934999999999995,104,0.1149691641330719,0.001,8329
327,10.0,34360,0.0932777777777779,3436,-2.3719999999999994,105,0.13628515601158142,0.001,8339
327,10.0,34400,0.09222222222222243,3440,-2.2224999999999997,105,0.10641169548034668,0.001,8349
327,10.0,34440,0.09116666666666695,3444,-2.1165,105,0.1546337604522705,0.001,8359
327,10.0,34480,0.09011111111111114,3448,-1.9025,105,0.14026625454425812,0.001,8369
327,10.0,34520,0.08905555555555533,3452,-1.8755000000000004,105,0.13932843506336212,0.001,8379
327,10.0,34560,0.08799999999999997,3456,-1.715,105,0.12033101916313171,0.001,8389
327,10.0,34600,0.08694444444444449,3460,-1.8365,105,0.13406166434288025,0.001,8399
327,10.0,34640,0.08588888888888901,3464,-1.765,105,0.0780932828783989,0.001,8409
327,10.0,34680,0.08483333333333365,3468,-1.7320000000000004,105,0.11689117550849915,0.001,8419
327,10.0,34720,0.08377777777777784,3472,-1.7500000000000002,105,0.15128961205482483,0.001,8429
327,10.0,34760,0.08272222222222203,3476,-1.7315000000000003,106,0.1485564410686493,0.001,8439
327,10.0,34800,0.08166666666666655,3480,-1.702,106,0.14054061472415924,0.001,8449
327,10.0,34840,0.08061111111111108,3484,-1.7945,106,0.1405080407857895,0.001,8459
327,10.0,34880,0.07955555555555571,3488,-2.001,106,0.14210228621959686,0.001,8469
327,10.0,34920,0.07850000000000024,3492,-1.9895000000000003,106,0.11448062211275101,0.001,8479
327,10.0,34960,0.07744444444444443,3496,-1.9595000000000002,106,0.1635984480381012,0.001,8489
327,10.0,35000,0.07638888888888862,3500,-1.9625,106,0.12151976674795151,0.001,8499
327,10.0,35040,0.07533333333333314,3504,-2.0295,106,0.1606886088848114,0.001,8509
327,10.0,35080,0.07427777777777778,3508,-2.134,107,0.1385311484336853,0.001,8519
327,10.0,35120,0.0732222222222223,3512,-2.369,107,0.1408858746290207,0.001,8529
327,10.0,35160,0.07216666666666682,3516,-2.474,107,0.16358304023742676,0.001,8539
327,10.0,35200,0.07111111111111101,3520,-2.511,107,0.09708195924758911,0.001,8549
328,10.0,35240,0.0700555555555552,3524,-2.545,107,0.13541124761104584,0.001,8559
328,10.0,35280,0.06899999999999984,3528,-2.7025,107,0.11868647485971451,0.001,8569
328,10.0,35320,0.06794444444444436,3532,-2.7105,107,0.12691746652126312,0.001,8579
328,10.0,35360,0.06688888888888889,3536,-2.778,107,0.11073030531406403,0.001,8589
328,10.0,35400,0.06583333333333352,3540,-2.9530000000000003,107,0.11543326079845428,0.001,8599
328,10.0,35440,0.06477777777777782,3544,-3.0529999999999995,107,0.1075429767370224,0.001,8609
328,10.0,35480,0.06372222222222201,3548,-3.0555000000000003,108,0.12062022089958191,0.001,8619
328,10.0,35520,0.06266666666666665,3552,-3.0145,108,0.14516344666481018,0.001,8629
328,10.0,35560,0.06161111111111117,3556,-3.2024999999999992,108,0.15126435458660126,0.001,8639
328,10.0,35600,0.060555555555555696,3560,-3.1024999999999996,108,0.10789059847593307,0.001,8649
328,10.0,35640,0.05950000000000033,3564,-3.1229999999999993,108,0.12401779741048813,0.001,8659
328,10.0,35680,0.05844444444444452,3568,-3.191500000000001,108,0.12949034571647644,0.001,8669
328,10.0,35720,0.05738888888888871,3572,-3.1695000000000007,108,0.10913761705160141,0.001,8679
328,10.0,35760,0.056333333333333235,3576,-3.3045,108,0.12503431737422943,0.001,8689
328,10.0,35800,0.05527777777777776,3580,-3.2780000000000005,109,0.12557703256607056,0.001,8699
328,10.0,35840,0.054222222222222394,3584,-3.239,109,0.14226888120174408,0.001,8709
328,10.0,35880,0.05316666666666692,3588,-3.0750000000000006,109,0.08739911019802094,0.001,8719
328,10.0,35920,0.05211111111111111,3592,-3.0695000000000006,109,0.10961025208234787,0.001,8729
328,10.0,35960,0.0510555555555553,3596,-3.1025,109,0.1055583655834198,0.001,8739
328,10.0,36000,0.05,3600,-3.0984999999999996,109,0.09565037488937378,0.001,8749
328,10.0,36040,0.05,3604,-2.9825,109,0.13625136017799377,0.001,8759
328,10.0,36080,0.05,3608,-2.9170000000000003,109,0.12185170501470566,0.001,8769
328,10.0,36120,0.05,3612,-2.7190000000000003,110,0.11326195299625397,0.001,8779
328,10.0,36160,0.05,3616,-2.694,110,0.12205779552459717,0.001,8789
328,10.0,36200,0.05,3620,-2.66,110,0.12740662693977356,0.001,8799
328,10.0,36240,0.05,3624,-2.7025,110,0.11667786538600922,0.001,8809
328,10.0,36280,0.05,3628,-2.5839999999999996,110,0.09020492434501648,0.001,8819
328,10.0,36320,0.05,3632,-2.5995,110,0.1432257741689682,0.001,8829
328,10.0,36360,0.05,3636,-2.575,110,0.13030149042606354,0.001,8839
328,10.0,36400,0.05,3640,-2.5260000000000002,110,0.10266214609146118,0.001,8849
328,10.0,36440,0.05,3644,-2.5000000000000004,110,0.11065610498189926,0.001,8859
328,10.0,36480,0.05,3648,-2.6745000000000005,110,0.1311827003955841,0.001,8869
328,10.0,36520,0.05,3652,-2.7864999999999998,111,0.12710505723953247,0.001,8879
328,10.0,36560,0.05,3656,-2.764,111,0.09414598345756531,0.001,8889
329,10.0,36600,0.05,3660,-2.9159999999999995,111,0.11163371801376343,0.001,8899
328,10.0,36640,0.05,3664,-2.9255,111,0.09559118747711182,0.001,8909
329,10.0,36680,0.05,3668,-2.8550000000000004,111,0.13198964297771454,0.001,8919
329,10.0,36720,0.05,3672,-2.8775,111,0.17500969767570496,0.001,8929
329,10.0,36760,0.05,3676,-2.7680000000000002,111,0.09996993839740753,0.001,8939
329,10.0,36800,0.05,3680,-2.7544999999999997,111,0.13222990930080414,0.001,8949
329,10.0,36840,0.05,3684,-2.753,111,0.1262599229812622,0.001,8959
329,10.0,36880,0.05,3688,-2.6859999999999995,111,0.11508709192276001,0.001,8969
329,10.0,36920,0.05,3692,-2.5775000000000006,111,0.097071073949337,0.001,8979
329,10.0,36960,0.05,3696,-2.509,112,0.11715176701545715,0.001,8989
329,10.0,37000,0.05,3700,-2.448,112,0.11277765035629272,0.001,8999
329,10.0,37040,0.05,3704,-2.4585,112,0.13129453361034393,0.001,9009
330,10.0,37080,0.05,3708,-2.4789999999999996,112,0.15879884362220764,0.001,9019
330,10.0,37120,0.05,3712,-2.3834999999999997,112,0.11156883835792542,0.001,9029
330,10.0,37160,0.05,3716,-2.354,112,0.13368640840053558,0.001,9039
330,10.0,37200,0.05,3720,-2.342,112,0.13850100338459015,0.001,9049
330,10.0,37240,0.05,3724,-2.2875,112,0.12402129173278809,0.001,9059
330,10.0,37280,0.05,3728,-2.274,112,0.1615172177553177,0.001,9069
330,10.0,37320,0.05,3732,-2.3109999999999995,112,0.15274678170681,0.001,9079
330,10.0,37360,0.05,3736,-2.2225,112,0.09245847910642624,0.001,9089
330,10.0,37400,0.05,3740,-2.195,113,0.08283212780952454,0.001,9099
330,10.0,37440,0.05,3744,-2.2515000000000005,113,0.13843096792697906,0.001,9109
331,10.0,37480,0.05,3748,-2.1855,113,0.15331992506980896,0.001,9119
331,10.0,37520,0.05,3752,-2.0955000000000004,113,0.16203774511814117,0.001,9129
331,10.0,37560,0.05,3756,-1.9455000000000005,113,0.1482788622379303,0.001,9139
331,10.0,37600,0.05,3760,-1.7765000000000004,113,0.09132100641727448,0.001,9149
331,10.0,37640,0.05,3764,-1.6615000000000004,113,0.12147298455238342,0.001,9159
331,10.0,37680,0.05,3768,-1.6369999999999998,113,0.13331466913223267,0.001,9169
331,10.0,37720,0.05,3772,-1.6549999999999998,113,0.1284550130367279,0.001,9179
331,10.0,37760,0.05,3776,-1.5234999999999999,113,0.1265386939048767,0.001,9189
331,10.0,37800,0.05,3780,-1.5245,113,0.1551777422428131,0.001,9199
331,10.0,37840,0.05,3784,-1.6025000000000003,113,0.08946715295314789,0.001,9209
332,10.0,37880,0.05,3788,-1.771,114,0.14126679301261902,0.001,9219
332,10.0,37920,0.05,3792,-1.8735000000000002,114,0.11764321476221085,0.001,9229
332,10.0,37960,0.05,3796,-1.9055000000000002,114,0.11020968109369278,0.001,9239
332,10.0,38000,0.05,3800,-1.8960000000000001,114,0.12004798650741577,0.001,9249
332,10.0,38040,0.05,3804,-1.9869999999999999,114,0.14323486387729645,0.001,9259
332,10.0,38080,0.05,3808,-1.8495,114,0.13063210248947144,0.001,9269
332,10.0,38120,0.05,3812,-1.9685000000000001,114,0.11001801490783691,0.001,9279
332,10.0,38160,0.05,3816,-1.9480000000000002,114,0.130536749958992,0.001,9289
332,10.0,38200,0.05,3820,-1.9220000000000002,114,0.11856674402952194,0.001,9299
332,10.0,38240,0.05,3824,-1.8905000000000003,114,0.13006888329982758,0.001,9309
332,10.0,38280,0.05,3828,-1.8850000000000002,114,0.09600438177585602,0.001,9319
333,10.0,38320,0.05,3832,-1.7975,115,0.13296860456466675,0.001,9329
333,10.0,38360,0.05,3836,-1.8645000000000003,115,0.134477898478508,0.001,9339
333,10.0,38400,0.05,3840,-1.8060000000000003,115,0.12184993177652359,0.001,9349
333,10.0,38440,0.05,3844,-1.7195000000000003,115,0.10770682990550995,0.001,9359
333,10.0,38480,0.05,3848,-1.6894999999999996,115,0.1028449684381485,0.001,9369
333,10.0,38520,0.05,3852,-1.7570000000000001,115,0.11880530416965485,0.001,9379
333,10.0,38560,0.05,3856,-1.7615,115,0.1334363967180252,0.001,9389
333,10.0,38600,0.05,3860,-1.7720000000000002,115,0.0973823070526123,0.001,9399
333,10.0,38640,0.05,3864,-1.7779999999999998,115,0.12929409742355347,0.001,9409
333,10.0,38680,0.05,3868,-1.8259999999999996,115,0.1373223066329956,0.001,9419
333,10.0,38720,0.05,3872,-1.839,116,0.09546138346195221,0.001,9429
333,10.0,38760,0.05,3876,-1.9284999999999999,116,0.1177842915058136,0.001,9439
333,10.0,38800,0.05,3880,-1.9254999999999998,116,0.1316826492547989,0.001,9449
333,10.0,38840,0.05,3884,-1.7990000000000002,116,0.09340012818574905,0.001,9459
333,10.0,38880,0.05,3888,-1.713,116,0.15026183426380157,0.001,9469
334,10.0,38920,0.05,3892,-1.632,116,0.09127577394247055,0.001,9479
334,10.0,38960,0.05,3896,-1.6435000000000002,116,0.1312633603811264,0.001,9489
334,10.0,39000,0.05,3900,-1.725,116,0.11489907652139664,0.001,9499
334,10.0,39040,0.05,3904,-1.6235000000000002,116,0.11711521446704865,0.001,9509
334,10.0,39080,0.05,3908,-1.6570000000000003,116,0.1939360797405243,0.001,9519
334,10.0,39120,0.05,3912,-1.7155,116,0.15429088473320007,0.001,9529
334,10.0,39160,0.05,3916,-1.7775,117,0.12387825548648834,0.001,9539
334,10.0,39200,0.05,3920,-1.8270000000000002,117,0.10455933213233948,0.001,9549
334,10.0,39240,0.05,3924,-1.9340000000000002,117,0.10545380413532257,0.001,9559
334,10.0,39280,0.05,3928,-1.9175000000000002,117,0.11216217279434204,0.001,9569
334,10.0,39320,0.05,3932,-1.9005,117,0.1477479785680771,0.001,9579
335,10.0,39360,0.05,3936,-1.83,117,0.07274074852466583,0.001,9589
335,10.0,39400,0.05,3940,-1.7884999999999998,117,0.09983354061841965,0.001,9599
335,10.0,39440,0.05,3944,-1.7785000000000002,117,0.1358860582113266,0.001,9609
335,10.0,39480,0.05,3948,-1.754,117,0.1190606951713562,0.001,9619
335,10.0,39520,0.05,3952,-1.6534999999999997,117,0.10817908495664597,0.001,9629
335,10.0,39560,0.05,3956,-1.7710000000000001,117,0.18309623003005981,0.001,9639
335,10.0,39600,0.05,3960,-1.6994999999999998,118,0.11282864212989807,0.001,9649
335,10.0,39640,0.05,3964,-1.8,118,0.12732499837875366,0.001,9659
335,10.0,39680,0.05,3968,-1.7945000000000002,118,0.1505034863948822,0.001,9669
335,10.0,39720,0.05,3972,-1.6775000000000007,118,0.135226309299469,0.001,9679
335,10.0,39760,0.05,3976,-1.6210000000000004,118,0.0998019203543663,0.001,9689
335,10.0,39800,0.05,3980,-1.5845000000000002,118,0.15210968255996704,0.001,9699
336,10.0,39840,0.05,3984,-1.5895000000000001,118,0.13629011809825897,0.001,9709
336,10.0,39880,0.05,3988,-1.5490000000000002,118,0.09149788320064545,0.001,9719
336,10.0,39920,0.05,3992,-1.5925000000000002,118,0.08713092654943466,0.001,9729
336,10.0,39960,0.05,3996,-1.6869999999999998,118,0.10939543694257736,0.001,9739
336,10.0,40000,0.05,4000,-1.756,118,0.1154479831457138,0.001,9749
336,10.0,40040,0.05,4004,-1.7785000000000002,119,0.11156602203845978,0.001,9759
336,10.0,40080,0.05,4008,-1.7325000000000006,119,0.11140797287225723,0.001,9769
336,10.0,40120,0.05,4012,-1.6095000000000002,119,0.1695023775100708,0.001,9779
336,10.0,40160,0.05,4016,-1.5410000000000001,119,0.1548583209514618,0.001,9789
336,10.0,40200,0.05,4020,-1.3660000000000003,119,0.1434994637966156,0.001,9799
336,10.0,40240,0.05,4024,-1.2935000000000003,119,0.15486420691013336,0.001,9809
336,10.0,40280,0.05,4028,-1.4525,119,0.1376343071460724,0.001,9819
336,10.0,40320,0.05,4032,-1.5099999999999998,119,0.13548865914344788,0.001,9829
336,10.0,40360,0.05,4036,-1.6235,119,0.13826139271259308,0.001,9839
336,10.0,40400,0.05,4040,-1.638,119,0.11640774458646774,0.001,9849
336,10.0,40440,0.05,4044,-1.6525,120,0.09812688082456589,0.001,9859
336,10.0,40480,0.05,4048,-1.6800000000000004,120,0.13203921914100647,0.001,9869
336,10.0,40520,0.05,4052,-1.7285000000000006,120,0.12855927646160126,0.001,9879
336,10.0,40560,0.05,4056,-1.614,120,0.10956145077943802,0.001,9889
337,10.0,40600,0.05,4060,-1.5865000000000002,120,0.12201741337776184,0.001,9899
337,10.0,40640,0.05,4064,-1.4875000000000003,120,0.11595543473958969,0.001,9909
337,10.0,40680,0.05,4068,-1.413,120,0.09947925806045532,0.001,9919
337,10.0,40720,0.05,4072,-1.4339999999999997,120,0.13768792152404785,0.001,9929
337,10.0,40760,0.05,4076,-1.4974999999999996,120,0.09497161209583282,0.001,9939
337,10.0,40800,0.05,4080,-1.5115000000000003,120,0.1492113620042801,0.001,9949
337,10.0,40840,0.05,4084,-1.5885000000000002,121,0.12228619307279587,0.001,9959
337,10.0,40880,0.05,4088,-1.5735,121,0.1109558567404747,0.001,9969
337,10.0,40920,0.05,4092,-1.5945000000000003,121,0.11348749697208405,0.001,9979
337,10.0,40960,0.05,4096,-1.4764999999999997,121,0.12184509634971619,0.001,9989
337,10.0,41000,0.05,4100,-1.3529999999999998,121,0.1754765510559082,0.001,9999
337,10.0,41040,0.05,4104,-1.3925,121,0.16985760629177094,0.001,10009
337,10.0,41080,0.05,4108,-1.5630000000000002,121,0.15690872073173523,0.001,10019
337,10.0,41120,0.05,4112,-1.662,121,0.11614792793989182,0.001,10029
337,10.0,41160,0.05,4116,-1.6880000000000004,121,0.12486722320318222,0.001,10039
337,10.0,41200,0.05,4120,-1.7655,121,0.12447971105575562,0.001,10049
337,10.0,41240,0.05,4124,-1.8215000000000001,122,0.12900890409946442,0.001,10059
337,10.0,41280,0.05,4128,-1.6995000000000002,122,0.13440221548080444,0.001,10069
337,10.0,41320,0.05,4132,-1.6540000000000004,122,0.0997127816081047,0.001,10079
337,10.0,41360,0.05,4136,-1.5755000000000001,122,0.12247497588396072,0.001,10089
337,10.0,41400,0.05,4140,-1.5925,122,0.09410062432289124,0.001,10099
337,10.0,41440,0.05,4144,-1.6284999999999998,122,0.09230424463748932,0.001,10109
337,10.0,41480,0.05,4148,-1.6075,122,0.15338020026683807,0.001,10119
337,10.0,41520,0.05,4152,-1.5840000000000003,122,0.10422581434249878,0.001,10129
337,10.0,41560,0.05,4156,-1.6870000000000003,123,0.18553417921066284,0.001,10139
337,10.0,41600,0.05,4160,-1.7910000000000001,123,0.09541206061840057,0.001,10149
337,10.0,41640,0.05,4164,-1.7584999999999997,123,0.14049813151359558,0.001,10159
337,10.0,41680,0.05,4168,-1.7945000000000002,123,0.13755759596824646,0.001,10169
337,10.0,41720,0.05,4172,-1.8065,123,0.13665816187858582,0.001,10179
337,10.0,41760,0.05,4176,-1.9475,123,0.10398408025503159,0.001,10189
337,10.0,41800,0.05,4180,-1.9515,124,0.11256977915763855,0.001,10199
337,10.0,41840,0.05,4184,-1.8770000000000002,124,0.09645562618970871,0.001,10209
337,10.0,41880,0.05,4188,-1.9315,124,0.07821410894393921,0.001,10219
337,10.0,41920,0.05,4192,-1.9744999999999997,124,0.14789073169231415,0.001,10229
336,10.0,41960,0.05,4196,-2.0905,124,0.12387067079544067,0.001,10239
336,10.0,42000,0.05,4200,-2.136,124,0.1338498741388321,0.001,10249
336,10.0,42040,0.05,4204,-2.151,124,0.11271189153194427,0.001,10259
336,10.0,42080,0.05,4208,-1.9645,125,0.13651657104492188,0.001,10269
336,10.0,42120,0.05,4212,-1.881,125,0.1185905933380127,0.001,10279
336,10.0,42160,0.05,4216,-1.9865000000000002,125,0.14726543426513672,0.001,10289
336,10.0,42200,0.05,4220,-1.97,125,0.10367793589830399,0.001,10299
336,10.0,42240,0.05,4224,-1.886,125,0.10914232581853867,0.001,10309
336,10.0,42280,0.05,4228,-1.8404999999999998,125,0.12508265674114227,0.001,10319
336,10.0,42320,0.05,4232,-1.819,125,0.13813316822052002,0.001,10329
336,10.0,42360,0.05,4236,-1.8825000000000003,126,0.09585996717214584,0.001,10339
336,10.0,42400,0.05,4240,-1.9755,126,0.13740989565849304,0.001,10349
336,10.0,42440,0.05,4244,-1.962,126,0.10786137729883194,0.001,10359
336,10.0,42480,0.05,4248,-1.8379999999999999,126,0.08192573487758636,0.001,10369
336,10.0,42520,0.05,4252,-1.804,126,0.14924435317516327,0.001,10379
336,10.0,42560,0.05,4256,-1.6974999999999998,126,0.1175730973482132,0.001,10389
336,10.0,42600,0.05,4260,-1.5764999999999998,126,0.15830069780349731,0.001,10399
336,10.0,42640,0.05,4264,-1.574,126,0.10491416603326797,0.001,10409
336,10.0,42680,0.05,4268,-1.639,126,0.05961225554347038,0.001,10419
336,10.0,42720,0.05,4272,-1.612,126,0.11204332113265991,0.001,10429
336,10.0,42760,0.05,4276,-1.4779999999999998,127,0.10447926074266434,0.001,10439
336,10.0,42800,0.05,4280,-1.4420000000000002,127,0.12029898911714554,0.001,10449
336,10.0,42840,0.05,4284,-1.4605,127,0.12682025134563446,0.001,10459
336,10.0,42880,0.05,4288,-1.4385,127,0.10458748042583466,0.001,10469
336,10.0,42920,0.05,4292,-1.4200000000000004,127,0.09870210289955139,0.001,10479
336,10.0,42960,0.05,4296,-1.3635000000000002,127,0.10626880824565887,0.001,10489
337,10.0,43000,0.05,4300,-1.285,127,0.09102850407361984,0.001,10499
337,10.0,43040,0.05,4304,-1.2015,127,0.10075133293867111,0.001,10509
337,10.0,43080,0.05,4308,-1.288,127,0.13200092315673828,0.001,10519
337,10.0,43120,0.05,4312,-1.2255,127,0.11781291663646698,0.001,10529
337,10.0,43160,0.05,4316,-1.038,127,0.10663090646266937,0.001,10539
337,10.0,43200,0.05,4320,-1.0545,128,0.08712319284677505,0.001,10549
337,10.0,43240,0.05,4324,-1.0105000000000002,128,0.12382596731185913,0.001,10559
337,10.0,43280,0.05,4328,-1.0350000000000004,128,0.10909717530012131,0.001,10569
337,10.0,43320,0.05,4332,-1.0980000000000003,128,0.12478231638669968,0.001,10579
337,10.0,43360,0.05,4336,-0.981,128,0.10107570886611938,0.001,10589
337,10.0,43400,0.05,4340,-0.9595,128,0.10264428704977036,0.001,10599
337,10.0,43440,0.05,4344,-0.885,128,0.14243464171886444,0.001,10609
337,10.0,43480,0.05,4348,-1.0299999999999998,128,0.12950779497623444,0.001,10619
337,10.0,43520,0.05,4352,-1.0465,128,0.11195166409015656,0.001,10629
338,10.0,43560,0.05,4356,-1.0950000000000002,128,0.08453004062175751,0.001,10639
338,10.0,43600,0.05,4360,-1.214,128,0.17176349461078644,0.001,10649
338,10.0,43640,0.05,4364,-1.278,129,0.11629979312419891,0.001,10659
338,10.0,43680,0.05,4368,-1.1675,129,0.16750980913639069,0.001,10669
338,10.0,43720,0.05,4372,-1.2329999999999999,129,0.15183088183403015,0.001,10679
338,10.0,43760,0.05,4376,-1.0875,129,0.1689000427722931,0.001,10689
338,10.0,43800,0.05,4380,-1.0499999999999998,129,0.1707790493965149,0.001,10699
338,10.0,43840,0.05,4384,-1.0354999999999999,129,0.11316713690757751,0.001,10709
338,10.0,43880,0.05,4388,-1.0275,129,0.10143778473138809,0.001,10719
338,10.0,43920,0.05,4392,-0.9840000000000001,129,0.09969763457775116,0.001,10729
338,10.0,43960,0.05,4396,-0.9355,129,0.09713263809680939,0.001,10739
338,10.0,44000,0.05,4400,-0.9329999999999998,129,0.10138467699289322,0.001,10749
338,10.0,44040,0.05,4404,-1.0349999999999997,129,0.09864915907382965,0.001,10759
339,10.0,44080,0.05,4408,-1.038,130,0.09337858855724335,0.001,10769
339,10.0,44120,0.05,4412,-1.1344999999999998,130,0.10079077631235123,0.001,10779
339,10.0,44160,0.05,4416,-1.1800000000000002,130,0.10918527096509933,0.001,10789
339,10.0,44200,0.05,4420,-1.1355,130,0.10448761284351349,0.001,10799
339,10.0,44240,0.05,4424,-1.2254999999999998,130,0.08484652638435364,0.001,10809
339,10.0,44280,0.05,4428,-1.2015,130,0.08613434433937073,0.001,10819
339,10.0,44320,0.05,4432,-1.1645,130,0.09510522335767746,0.001,10829
339,10.0,44360,0.05,4436,-1.2455,130,0.12057409435510635,0.001,10839
339,10.0,44400,0.05,4440,-1.178,130,0.07898173481225967,0.001,10849
339,10.0,44440,0.05,4444,-1.2249999999999999,130,0.11652474105358124,0.001,10859
339,10.0,44480,0.05,4448,-1.2125000000000001,130,0.09310723841190338,0.001,10869
339,10.0,44520,0.05,4452,-1.207,131,0.10829557478427887,0.001,10879
339,10.0,44560,0.05,4456,-1.297,131,0.12133556604385376,0.001,10889
339,10.0,44600,0.05,4460,-1.2740000000000002,131,0.10021986812353134,0.001,10899
340,10.0,44640,0.05,4464,-1.2679999999999998,131,0.12761789560317993,0.001,10909
340,10.0,44680,0.05,4468,-1.2325,131,0.13615447282791138,0.001,10919
340,10.0,44720,0.05,4472,-1.1199999999999999,131,0.12864699959754944,0.001,10929
340,10.0,44760,0.05,4476,-1.2255,131,0.09533970803022385,0.001,10939
340,10.0,44800,0.05,4480,-1.2174999999999998,131,0.09088551253080368,0.001,10949
340,10.0,44840,0.05,4484,-1.2285,131,0.14050443470478058,0.001,10959
340,10.0,44880,0.05,4488,-1.1964999999999997,131,0.06305009126663208,0.001,10969
340,10.0,44920,0.05,4492,-1.178,131,0.11811915040016174,0.001,10979
340,10.0,44960,0.05,4496,-1.242,131,0.1222417876124382,0.001,10989
340,10.0,45000,0.05,4500,-1.3575,132,0.11093474924564362,0.001,10999
340,10.0,45040,0.05,4504,-1.2825000000000002,132,0.08916181325912476,0.001,11009
340,10.0,45080,0.05,4508,-1.2300000000000002,132,0.0748177245259285,0.001,11019
340,10.0,45120,0.05,4512,-1.1300000000000001,132,0.12759101390838623,0.001,11029
340,10.0,45160,0.05,4516,-1.078,132,0.1367224156856537,0.001,11039
341,10.0,45200,0.05,4520,-1.2245,132,0.09029987454414368,0.001,11049
341,10.0,45240,0.05,4524,-1.207,132,0.10072929412126541,0.001,11059
341,10.0,45280,0.05,4528,-1.2475,132,0.17290642857551575,0.001,11069
341,10.0,45320,0.05,4532,-1.242,132,0.1607298105955124,0.001,11079
341,10.0,45360,0.05,4536,-1.1,132,0.13637331128120422,0.001,11089
341,10.0,45400,0.05,4540,-1.2134999999999998,132,0.09768594056367874,0.001,11099
341,10.0,45440,0.05,4544,-1.1455,133,0.11606132984161377,0.001,11109
341,10.0,45480,0.05,4548,-1.0715000000000001,133,0.09885857999324799,0.001,11119
341,10.0,45520,0.05,4552,-1.0565,133,0.08789008855819702,0.001,11129
341,10.0,45560,0.05,4556,-0.8989999999999999,133,0.10116828978061676,0.001,11139
341,10.0,45600,0.05,4560,-0.9050000000000001,133,0.1284358948469162,0.001,11149
341,10.0,45640,0.05,4564,-0.8510000000000001,133,0.12649405002593994,0.001,11159
342,10.0,45680,0.05,4568,-0.7964999999999999,133,0.10688664019107819,0.001,11169
342,10.0,45720,0.05,4572,-0.807,133,0.161333829164505,0.001,11179
342,10.0,45760,0.05,4576,-0.865,133,0.13815513253211975,0.001,11189
342,10.0,45800,0.05,4580,-0.9085000000000001,133,0.09574045240879059,0.001,11199
342,10.0,45840,0.05,4584,-0.9710000000000001,133,0.08932295441627502,0.001,11209
342,10.0,45880,0.05,4588,-1.058,133,0.11224298924207687,0.001,11219
342,10.0,45920,0.05,4592,-1.0045000000000004,134,0.10844627767801285,0.001,11229
342,10.0,45960,0.05,4596,-0.8730000000000001,134,0.08558797836303711,0.001,11239
342,10.0,46000,0.05,4600,-0.8074999999999999,134,0.09417730569839478,0.001,11249
342,10.0,46040,0.05,4604,-0.807,134,0.14933384954929352,0.001,11259
342,10.0,46080,0.05,4608,-0.8584999999999999,134,0.09637030959129333,0.001,11269
342,10.0,46120,0.05,4612,-0.9189999999999999,134,0.12785257399082184,0.001,11279
342,10.0,46160,0.05,4616,-0.9364999999999999,134,0.11426272243261337,0.001,11289
342,10.0,46200,0.05,4620,-0.8584999999999999,134,0.1159755289554596,0.001,11299
342,10.0,46240,0.05,4624,-0.845,134,0.08264526724815369,0.001,11309
343,10.0,46280,0.05,4628,-0.726,134,0.11024774610996246,0.001,11319
343,10.0,46320,0.05,4632,-0.6480000000000001,134,0.1462561935186386,0.001,11329
343,10.0,46360,0.05,4636,-0.7335,135,0.13333772122859955,0.001,11339
343,10.0,46400,0.05,4640,-0.6480000000000001,135,0.1049133837223053,0.001,11349
343,10.0,46440,0.05,4644,-0.7210000000000001,135,0.07000855356454849,0.001,11359
343,10.0,46480,0.05,4648,-0.6965000000000002,135,0.11075712740421295,0.001,11369
343,10.0,46520,0.05,4652,-0.7025,135,0.06680890172719955,0.001,11379
343,10.0,46560,0.05,4656,-0.6944999999999999,135,0.10926453769207001,0.001,11389
343,10.0,46600,0.05,4660,-0.648,135,0.12713764607906342,0.001,11399
343,10.0,46640,0.05,4664,-0.7390000000000001,135,0.11605368554592133,0.001,11409
343,10.0,46680,0.05,4668,-0.8905,135,0.13287736475467682,0.001,11419
343,10.0,46720,0.05,4672,-0.8925,135,0.11096853017807007,0.001,11429
343,10.0,46760,0.05,4676,-0.8635,135,0.12749125063419342,0.001,11439
343,10.0,46800,0.05,4680,-0.83,136,0.09674444049596786,0.001,11449
344,10.0,46840,0.05,4684,-0.809,136,0.12945522367954254,0.001,11459
344,10.0,46880,0.05,4688,-0.7505000000000002,136,0.06622083485126495,0.001,11469
344,10.0,46920,0.05,4692,-0.8425000000000001,136,0.08933421969413757,0.001,11479
344,10.0,46960,0.05,4696,-0.8065000000000001,136,0.16316106915473938,0.001,11489
344,10.0,47000,0.05,4700,-0.8065000000000001,136,0.10467825829982758,0.001,11499
344,10.0,47040,0.05,4704,-0.8074999999999999,136,0.11278939247131348,0.001,11509
344,10.0,47080,0.05,4708,-0.6515000000000001,136,0.09341871738433838,0.001,11519
344,10.0,47120,0.05,4712,-0.642,136,0.12058211117982864,0.001,11529
344,10.0,47160,0.05,4716,-0.6934999999999999,136,0.10760588943958282,0.001,11539
344,10.0,47200,0.05,4720,-0.6590000000000003,136,0.10978831350803375,0.001,11549
344,10.0,47240,0.05,4724,-0.6270000000000002,137,0.09596303105354309,0.001,11559
344,10.0,47280,0.05,4728,-0.69,137,0.05648989975452423,0.001,11569
344,10.0,47320,0.05,4732,-0.8245,137,0.09027054905891418,0.001,11579
344,10.0,47360,0.05,4736,-0.7945,137,0.15430867671966553,0.001,11589
345,10.0,47400,0.05,4740,-0.806,137,0.11170431971549988,0.001,11599
345,10.0,47440,0.05,4744,-0.7635000000000001,137,0.10703182220458984,0.001,11609
345,10.0,47480,0.05,4748,-0.7385,137,0.11746044456958771,0.001,11619
345,10.0,47520,0.05,4752,-0.7575,137,0.10145413130521774,0.001,11629
345,10.0,47560,0.05,4756,-0.9150000000000001,137,0.1238454133272171,0.001,11639
345,10.0,47600,0.05,4760,-0.9150000000000001,137,0.10056918859481812,0.001,11649
345,10.0,47640,0.05,4764,-0.747,137,0.1105990782380104,0.001,11659
345,10.0,47680,0.05,4768,-0.6095,138,0.10200560092926025,0.001,11669
345,10.0,47720,0.05,4772,-0.607,138,0.11147616058588028,0.001,11679
345,10.0,47760,0.05,4776,-0.5645,138,0.10910210758447647,0.001,11689
345,10.0,47800,0.05,4780,-0.6210000000000001,138,0.09261725842952728,0.001,11699
344,10.0,47840,0.05,4784,-0.5535000000000001,138,0.09576936066150665,0.001,11709
344,10.0,47880,0.05,4788,-0.5135000000000001,138,0.0945906937122345,0.001,11719
344,10.0,47920,0.05,4792,-0.45549999999999996,139,0.08017000555992126,0.001,11729
344,10.0,47960,0.05,4796,-0.4040000000000001,139,0.11346998810768127,0.001,11739
344,10.0,48000,0.05,4800,-0.44,139,0.06998462229967117,0.001,11749
344,10.0,48040,0.05,4804,-0.4425,139,0.10988370329141617,0.001,11759
344,10.0,48080,0.05,4808,-0.5055000000000001,139,0.0911756157875061,0.001,11769
344,10.0,48120,0.05,4812,-0.447,139,0.09931899607181549,0.001,11779
343,10.0,48160,0.05,4816,-0.465,140,0.10812316834926605,0.001,11789
343,10.0,48200,0.05,4820,-0.47200000000000003,140,0.12325990200042725,0.001,11799
343,10.0,48240,0.05,4824,-0.47150000000000003,140,0.11907819658517838,0.001,11809
343,10.0,48280,0.05,4828,-0.473,140,0.13226154446601868,0.001,11819
343,10.0,48320,0.05,4832,-0.357,140,0.09672819077968597,0.001,11829
342,10.0,48360,0.05,4836,-0.3520000000000001,141,0.12013006210327148,0.001,11839
342,10.0,48400,0.05,4840,-0.29650000000000015,141,0.10064057260751724,0.001,11849
342,10.0,48440,0.05,4844,-0.29100000000000004,141,0.11778414994478226,0.001,11859
342,10.0,48480,0.05,4848,-0.379,141,0.1070248931646347,0.001,11869
342,10.0,48520,0.05,4852,-0.29650000000000004,141,0.09411969035863876,0.001,11879
342,10.0,48560,0.05,4856,-0.14200000000000002,141,0.07278750836849213,0.001,11889
342,10.0,48600,0.05,4860,-0.20100000000000004,141,0.13359373807907104,0.001,11899
342,10.0,48640,0.05,4864,-0.29500000000000004,141,0.11009781062602997,0.001,11909
342,10.0,48680,0.05,4868,-0.3704999999999999,142,0.10917321592569351,0.001,11919
342,10.0,48720,0.05,4872,-0.4685,142,0.14173279702663422,0.001,11929
342,10.0,48760,0.05,4876,-0.461,142,0.08146554231643677,0.001,11939
342,10.0,48800,0.05,4880,-0.39099999999999996,142,0.11275951564311981,0.001,11949
342,10.0,48840,0.05,4884,-0.41,142,0.08918672800064087,0.001,11959
342,10.0,48880,0.05,4888,-0.4485,142,0.07237797975540161,0.001,11969
342,10.0,48920,0.05,4892,-0.4185000000000001,142,0.14085201919078827,0.001,11979
342,10.0,48960,0.05,4896,-0.6065,142,0.09858635812997818,0.001,11989
342,10.0,49000,0.05,4900,-0.491,143,0.13177987933158875,0.001,11999
342,10.0,49040,0.05,4904,-0.5345,143,0.17403869330883026,0.001,12009
342,10.0,49080,0.05,4908,-0.5559999999999999,143,0.04737380892038345,0.001,12019
342,10.0,49120,0.05,4912,-0.5925,143,0.06997285038232803,0.001,12029
342,10.0,49160,0.05,4916,-0.5755,143,0.11098361015319824,0.001,12039
342,10.0,49200,0.05,4920,-0.5495,143,0.10810156166553497,0.001,12049
341,10.0,49240,0.05,4924,-0.621,144,0.1212538406252861,0.001,12059
341,10.0,49280,0.05,4928,-0.598,144,0.09277036786079407,0.001,12069
341,10.0,49320,0.05,4932,-0.6970000000000001,144,0.11780191957950592,0.001,12079
341,10.0,49360,0.05,4936,-0.7004999999999998,144,0.0813814103603363,0.001,12089
341,10.0,49400,0.05,4940,-0.6280000000000002,144,0.0976824089884758,0.001,12099
341,10.0,49440,0.05,4944,-0.5695,144,0.118048295378685,0.001,12109
341,10.0,49480,0.05,4948,-0.5489999999999999,144,0.10853016376495361,0.001,12119
341,10.0,49520,0.05,4952,-0.6084999999999999,144,0.10102351009845734,0.001,12129
341,10.0,49560,0.05,4956,-0.667,145,0.11651293188333511,0.001,12139
341,10.0,49600,0.05,4960,-0.6440000000000002,145,0.08622558414936066,0.001,12149
341,10.0,49640,0.05,4964,-0.6334999999999998,145,0.094178207218647,0.001,12159
341,10.0,49680,0.05,4968,-0.6374999999999998,145,0.17098957300186157,0.001,12169
341,10.0,49720,0.05,4972,-0.5885,145,0.1029474213719368,0.001,12179
341,10.0,49760,0.05,4976,-0.6410000000000001,145,0.06746064126491547,0.001,12189
341,10.0,49800,0.05,4980,-0.6635000000000002,145,0.10506691038608551,0.001,12199
341,10.0,49840,0.05,4984,-0.5920000000000001,146,0.12702161073684692,0.001,12209
341,10.0,49880,0.05,4988,-0.6700000000000002,146,0.09896751493215561,0.001,12219
340,10.0,49920,0.05,4992,-0.7090000000000001,146,0.11283225566148758,0.001,12229
340,10.0,49960,0.05,4996,-0.6164999999999999,146,0.09202814102172852,0.001,12239
340,10.0,50000,0.05,5000,-0.7060000000000001,146,0.10627740621566772,0.001,12249
340,10.0,50040,0.05,5004,-0.6184999999999999,146,0.11337645351886749,0.001,12259
340,10.0,50080,0.05,5008,-0.5720000000000001,146,0.14792679250240326,0.001,12269
340,10.0,50120,0.05,5012,-0.5255000000000001,147,0.091028593480587,0.001,12279
340,10.0,50160,0.05,5016,-0.40800000000000003,147,0.15964174270629883,0.001,12289
340,10.0,50200,0.05,5020,-0.42699999999999994,147,0.13668400049209595,0.001,12299
340,10.0,50240,0.05,5024,-0.294,147,0.07572020590305328,0.001,12309
340,10.0,50280,0.05,5028,-0.3195,147,0.06694237887859344,0.001,12319
340,10.0,50320,0.05,5032,-0.30649999999999994,147,0.059123072773218155,0.001,12329
340,10.0,50360,0.05,5036,-0.28450000000000003,147,0.09673091769218445,0.001,12339
340,10.0,50400,0.05,5040,-0.32300000000000006,147,0.06519773602485657,0.001,12349
340,10.0,50440,0.05,5044,-0.36150000000000004,148,0.1065814197063446,0.001,12359
340,10.0,50480,0.05,5048,-0.3264999999999999,148,0.06870241463184357,0.001,12369
340,10.0,50520,0.05,5052,-0.2525,148,0.08592022210359573,0.001,12379
340,10.0,50560,0.05,5056,-0.3324999999999999,148,0.06831308454275131,0.001,12389
340,10.0,50600,0.05,5060,-0.345,148,0.13349267840385437,0.001,12399
340,10.0,50640,0.05,5064,-0.3424999999999999,148,0.07883133739233017,0.001,12409
340,10.0,50680,0.05,5068,-0.35400000000000004,148,0.0993637889623642,0.001,12419
340,10.0,50720,0.05,5072,-0.30850000000000005,149,0.14508827030658722,0.001,12429
340,10.0,50760,0.05,5076,-0.275,149,0.1368573009967804,0.001,12439
340,10.0,50800,0.05,5080,-0.28600000000000003,149,0.10442251712083817,0.001,12449
340,10.0,50840,0.05,5084,-0.31500000000000006,149,0.108897365629673,0.001,12459
340,10.0,50880,0.05,5088,-0.17100000000000004,149,0.11512525379657745,0.001,12469
340,10.0,50920,0.05,5092,-0.166,149,0.0864366888999939,0.001,12479
340,10.0,50960,0.05,5096,-0.2655,149,0.08464673906564713,0.001,12489
340,10.0,51000,0.05,5100,-0.25849999999999995,149,0.11646103113889694,0.001,12499
340,10.0,51040,0.05,5104,-0.29850000000000004,149,0.09603457152843475,0.001,12509
340,10.0,51080,0.05,5108,-0.2625,150,0.10110657662153244,0.001,12519
340,10.0,51120,0.05,5112,-0.3340000000000001,150,0.1056852638721466,0.001,12529
340,10.0,51160,0.05,5116,-0.479,150,0.11393050849437714,0.001,12539
340,10.0,51200,0.05,5120,-0.48699999999999993,150,0.13283510506153107,0.001,12549
339,10.0,51240,0.05,5124,-0.4879999999999998,150,0.13991717994213104,0.001,12559
339,10.0,51280,0.05,5128,-0.4155,150,0.07786272466182709,0.001,12569
339,10.0,51320,0.05,5132,-0.41200000000000003,151,0.09407034516334534,0.001,12579
339,10.0,51360,0.05,5136,-0.35250000000000015,151,0.13443979620933533,0.001,12589
339,10.0,51400,0.05,5140,-0.4060000000000001,151,0.10891886800527573,0.001,12599
339,10.0,51440,0.05,5144,-0.5055000000000001,151,0.11188783496618271,0.001,12609
339,10.0,51480,0.05,5148,-0.589,151,0.10612789541482925,0.001,12619
339,10.0,51520,0.05,5152,-0.6585000000000001,151,0.12507452070713043,0.001,12629
339,10.0,51560,0.05,5156,-0.5420000000000001,151,0.11047039926052094,0.001,12639
339,10.0,51600,0.05,5160,-0.489,151,0.08059737831354141,0.001,12649
339,10.0,51640,0.05,5164,-0.43700000000000006,152,0.11584978550672531,0.001,12659
339,10.0,51680,0.05,5168,-0.3610000000000001,152,0.12306128442287445,0.001,12669
339,10.0,51720,0.05,5172,-0.39000000000000007,152,0.07417666167020798,0.001,12679
339,10.0,51760,0.05,5176,-0.38550000000000006,152,0.08798834681510925,0.001,12689
339,10.0,51800,0.05,5180,-0.391,152,0.07450829446315765,0.001,12699
339,10.0,51840,0.05,5184,-0.42950000000000005,152,0.13253836333751678,0.001,12709
339,10.0,51880,0.05,5188,-0.44549999999999995,153,0.16655930876731873,0.001,12719
338,10.0,51920,0.05,5192,-0.5015,153,0.06871676445007324,0.001,12729
338,10.0,51960,0.05,5196,-0.3949999999999999,153,0.14948034286499023,0.001,12739
338,10.0,52000,0.05,5200,-0.412,153,0.11824558675289154,0.001,12749
338,10.0,52040,0.05,5204,-0.4025000000000001,153,0.1257752925157547,0.001,12759
337,10.0,52080,0.05,5208,-0.4270000000000001,154,0.13762368261814117,0.001,12769
337,10.0,52120,0.05,5212,-0.3939999999999999,154,0.09746892750263214,0.001,12779
336,10.0,52160,0.05,5216,-0.40199999999999997,154,0.08440925180912018,0.001,12789
336,10.0,52200,0.05,5220,-0.4965,154,0.10723084211349487,0.001,12799
336,10.0,52240,0.05,5224,-0.5915,155,0.11943207681179047,0.001,12809
336,10.0,52280,0.05,5228,-0.6250000000000001,155,0.09358400106430054,0.001,12819
333,10.0,52320,0.05,5232,-0.6725,156,0.08266852796077728,0.001,12829
333,10.0,52360,0.05,5236,-0.9500000000000002,157,0.11966808140277863,0.001,12839
332,10.0,52400,0.05,5240,-1.0205000000000002,157,0.09379634261131287,0.001,12849
332,10.0,52440,0.05,5244,-0.9925000000000002,157,0.09954814612865448,0.001,12859
331,10.0,52480,0.05,5248,-0.9344999999999999,158,0.11342105269432068,0.001,12869
331,10.0,52520,0.05,5252,-0.9425,158,0.1003643199801445,0.001,12879
331,10.0,52560,0.05,5256,-0.9030000000000001,158,0.09730900079011917,0.001,12889
330,10.0,52600,0.05,5260,-1.0065,158,0.10994575172662735,0.001,12899
330,10.0,52640,0.05,5264,-1.1175,159,0.08559230715036392,0.001,12909
329,10.0,52680,0.05,5268,-1.077,159,0.11752505600452423,0.001,12919
329,10.0,52720,0.05,5272,-0.9904999999999999,159,0.06692618876695633,0.001,12929
329,10.0,52760,0.05,5276,-0.9824999999999998,159,0.09424342960119247,0.001,12939
329,10.0,52800,0.05,5280,-1.0319999999999998,160,0.07410135865211487,0.001,12949
329,10.0,52840,0.05,5284,-0.9689999999999999,160,0.10571909695863724,0.001,12959
330,10.0,52880,0.05,5288,-0.9754999999999999,160,0.13678190112113953,0.001,12969
329,10.0,52920,0.05,5292,-1.0004999999999997,160,0.10204997658729553,0.001,12979
329,10.0,52960,0.05,5296,-1.1364999999999998,160,0.0725584626197815,0.001,12989
330,10.0,53000,0.05,5300,-1.115,160,0.11323045194149017,0.001,12999
329,10.0,53040,0.05,5304,-1.2510000000000001,160,0.09601738303899765,0.001,13009
329,10.0,53080,0.05,5308,-1.2085,160,0.07720764726400375,0.001,13019
329,10.0,53120,0.05,5312,-1.164,160,0.08569549769163132,0.001,13029
329,10.0,53160,0.05,5316,-1.141,161,0.07091572880744934,0.001,13039
329,10.0,53200,0.05,5320,-0.9624999999999999,161,0.13225685060024261,0.001,13049
330,10.0,53240,0.05,5324,-0.9470000000000001,161,0.09756641089916229,0.001,13059
330,10.0,53280,0.05,5328,-1.0555,161,0.10813073813915253,0.001,13069
330,10.0,53320,0.05,5332,-0.8869999999999998,161,0.08572358638048172,0.001,13079
330,10.0,53360,0.05,5336,-0.7170000000000001,161,0.08725543320178986,0.001,13089
330,10.0,53400,0.05,5340,-0.5965000000000001,161,0.12458781898021698,0.001,13099
330,10.0,53440,0.05,5344,-0.46900000000000014,161,0.17965412139892578,0.001,13109
330,10.0,53480,0.05,5348,-0.4774999999999999,161,0.13603341579437256,0.001,13119
330,10.0,53520,0.05,5352,-0.4184999999999999,162,0.1718965619802475,0.001,13129
330,10.0,53560,0.05,5356,-0.5125,162,0.09794458001852036,0.001,13139
330,10.0,53600,0.05,5360,-0.489,162,0.0716736689209938,0.001,13149
330,10.0,53640,0.05,5364,-0.45949999999999996,162,0.14069844782352448,0.001,13159
330,10.0,53680,0.05,5368,-0.5465,162,0.10860396176576614,0.001,13169
330,10.0,53720,0.05,5372,-0.6755000000000001,162,0.16760538518428802,0.001,13179
329,10.0,53760,0.05,5376,-0.674,162,0.06086957827210426,0.001,13189
329,10.0,53800,0.05,5380,-0.6655,163,0.09012982994318008,0.001,13199
329,10.0,53840,0.05,5384,-0.7709999999999999,163,0.149821937084198,0.001,13209
329,10.0,53880,0.05,5388,-0.8430000000000001,163,0.07121746242046356,0.001,13219
329,10.0,53920,0.05,5392,-0.7904999999999999,163,0.1296490877866745,0.001,13229
329,10.0,53960,0.05,5396,-0.7304999999999998,163,0.11426708102226257,0.001,13239
329,10.0,54000,0.05,5400,-0.764,163,0.10350094735622406,0.001,13249
329,10.0,54040,0.05,5404,-0.5734999999999999,163,0.08275046199560165,0.001,13259
329,10.0,54080,0.05,5408,-0.5835,163,0.1984299123287201,0.001,13269
329,10.0,54120,0.05,5412,-0.5985,164,0.0914720743894577,0.001,13279
329,10.0,54160,0.05,5416,-0.4715,164,0.0910353809595108,0.001,13289
329,10.0,54200,0.05,5420,-0.558,164,0.10450474172830582,0.001,13299
328,10.0,54240,0.05,5424,-0.6855000000000001,164,0.13102000951766968,0.001,13309
328,10.0,54280,0.05,5428,-0.6405000000000001,165,0.11804553866386414,0.001,13319
328,10.0,54320,0.05,5432,-0.7255000000000001,165,0.1311386525630951,0.001,13329
328,10.0,54360,0.05,5436,-0.6325,165,0.08619414269924164,0.001,13339
328,10.0,54400,0.05,5440,-0.6825,165,0.15008075535297394,0.001,13349
327,10.0,54440,0.05,5444,-0.8145,165,0.08471134305000305,0.001,13359
327,10.0,54480,0.05,5448,-0.7995,166,0.09358473867177963,0.001,13369
327,10.0,54520,0.05,5452,-0.8600000000000001,166,0.09428054839372635,0.001,13379
327,10.0,54560,0.05,5456,-0.7445,166,0.10330788791179657,0.001,13389
327,10.0,54600,0.05,5460,-0.7165000000000002,166,0.09996243566274643,0.001,13399
327,10.0,54640,0.05,5464,-0.7305000000000001,166,0.19150346517562866,0.001,13409
327,10.0,54680,0.05,5468,-0.6825,166,0.08726684004068375,0.001,13419
327,10.0,54720,0.05,5472,-0.6030000000000001,166,0.20027415454387665,0.001,13429
327,10.0,54760,0.05,5476,-0.6170000000000001,167,0.08229919523000717,0.001,13439
326,10.0,54800,0.05,5480,-0.48700000000000004,167,0.10671959072351456,0.001,13449
326,10.0,54840,0.05,5484,-0.4159999999999999,167,0.07074277848005295,0.001,13459
326,10.0,54880,0.05,5488,-0.395,167,0.10087716579437256,0.001,13469
326,10.0,54920,0.05,5492,-0.3855000000000001,168,0.09146638959646225,0.001,13479
326,10.0,54960,0.05,5496,-0.3525,168,0.12578143179416656,0.001,13489
326,10.0,55000,0.05,5500,-0.29650000000000004,168,0.09905894845724106,0.001,13499
326,10.0,55040,0.05,5504,-0.30950000000000005,168,0.07947780191898346,0.001,13509
326,10.0,55080,0.05,5508,-0.3489999999999999,168,0.09142948687076569,0.001,13519
326,10.0,55120,0.05,5512,-0.36,168,0.16982388496398926,0.001,13529
326,10.0,55160,0.05,5516,-0.494,169,0.09586275368928909,0.001,13539
326,10.0,55200,0.05,5520,-0.5405,169,0.10305571556091309,0.001,13549
326,10.0,55240,0.05,5524,-0.38799999999999996,169,0.09470541030168533,0.001,13559
326,10.0,55280,0.05,5528,-0.414,169,0.07237077504396439,0.001,13569
326,10.0,55320,0.05,5532,-0.4389999999999999,169,0.08742377907037735,0.001,13579
325,10.0,55360,0.05,5536,-0.48800000000000004,169,0.21793107688426971,0.001,13589
325,10.0,55400,0.05,5540,-0.4815,170,0.10479073226451874,0.001,13599
325,10.0,55440,0.05,5544,-0.49450000000000005,170,0.08522500097751617,0.001,13609
324,10.0,55480,0.05,5548,-0.41200000000000003,170,0.12260884046554565,0.001,13619
324,10.0,55520,0.05,5552,-0.4570000000000001,171,0.09378105401992798,0.001,13629
323,10.0,55560,0.05,5556,-0.5265000000000001,171,0.08518397063016891,0.001,13639
323,10.0,55600,0.05,5560,-0.47550000000000003,171,0.07974086701869965,0.001,13649
323,10.0,55640,0.05,5564,-0.47,172,0.12437635660171509,0.001,13659
322,10.0,55680,0.05,5568,-0.557,172,0.07677477598190308,0.001,13669
322,10.0,55720,0.05,5572,-0.6195,172,0.18201465904712677,0.001,13679
321,10.0,55760,0.05,5576,-0.6309999999999999,173,0.11044541746377945,0.001,13689
321,10.0,55800,0.05,5580,-0.7755,173,0.09962611645460129,0.001,13699
321,10.0,55840,0.05,5584,-0.855,173,0.08243788778781891,0.001,13709
321,10.0,55880,0.05,5588,-0.8324999999999999,173,0.13608141243457794,0.001,13719
321,10.0,55920,0.05,5592,-0.907,174,0.09489882737398148,0.001,13729
320,10.0,55960,0.05,5596,-0.9684999999999999,174,0.10502198338508606,0.001,13739
320,10.0,56000,0.05,5600,-1.1155,174,0.13618329167366028,0.001,13749
320,10.0,56040,0.05,5604,-1.1520000000000001,174,0.10966837406158447,0.001,13759
320,10.0,56080,0.05,5608,-1.2225,174,0.11428676545619965,0.001,13769
320,10.0,56120,0.05,5612,-1.275,175,0.09389279037714005,0.001,13779
320,10.0,56160,0.05,5616,-1.2845,175,0.10639732331037521,0.001,13789
320,10.0,56200,0.05,5620,-1.2469999999999999,175,0.12263359129428864,0.001,13799
320,10.0,56240,0.05,5624,-1.2579999999999998,175,0.10472150892019272,0.001,13809
320,10.0,56280,0.05,5628,-1.2414999999999998,175,0.24093320965766907,0.001,13819
320,10.0,56320,0.05,5632,-1.2175000000000002,175,0.1604883074760437,0.001,13829
320,10.0,56360,0.05,5636,-1.2634999999999998,175,0.180461585521698,0.001,13839
320,10.0,56400,0.05,5640,-1.3875000000000002,175,0.10079921036958694,0.001,13849
320,10.0,56440,0.05,5644,-1.3114999999999997,176,0.09484338760375977,0.001,13859
320,10.0,56480,0.05,5648,-1.3964999999999999,176,0.102078378200531,0.001,13869
320,10.0,56520,0.05,5652,-1.3195,176,0.09711133688688278,0.001,13879
320,10.0,56560,0.05,5656,-1.2480000000000002,176,0.13363084197044373,0.001,13889
320,10.0,56600,0.05,5660,-1.375,176,0.06749433279037476,0.001,13899
320,10.0,56640,0.05,5664,-1.2770000000000001,176,0.07863498479127884,0.001,13909
320,10.0,56680,0.05,5668,-1.3299999999999996,176,0.12421156466007233,0.001,13919
320,10.0,56720,0.05,5672,-1.3064999999999998,176,0.10201945900917053,0.001,13929
320,10.0,56760,0.05,5676,-1.3365,176,0.07005149126052856,0.001,13939
320,10.0,56800,0.05,5680,-1.2890000000000001,176,0.08024913817644119,0.001,13949
321,10.0,56840,0.05,5684,-1.275,177,0.0900673121213913,0.001,13959
321,10.0,56880,0.05,5688,-1.2035,177,0.15504544973373413,0.001,13969
321,10.0,56920,0.05,5692,-1.0925,177,0.09202216565608978,0.001,13979
321,10.0,56960,0.05,5696,-0.9875,177,0.1174825057387352,0.001,13989
321,10.0,57000,0.05,5700,-0.8785,177,0.10803144425153732,0.001,13999
321,10.0,57040,0.05,5704,-0.8684999999999999,177,0.11116577684879303,0.001,14009
321,10.0,57080,0.05,5708,-0.774,177,0.10292132943868637,0.001,14019
321,10.0,57120,0.05,5712,-0.7384999999999999,177,0.10797277837991714,0.001,14029
320,10.0,57160,0.05,5716,-0.77,178,0.07490190863609314,0.001,14039
320,10.0,57200,0.05,5720,-0.7845,178,0.1112077534198761,0.001,14049
320,10.0,57240,0.05,5724,-0.7694999999999999,178,0.13708952069282532,0.001,14059
320,10.0,57280,0.05,5728,-0.709,178,0.10079266875982285,0.001,14069
320,10.0,57320,0.05,5732,-0.754,178,0.34076765179634094,0.001,14079
320,10.0,57360,0.05,5736,-0.6994999999999999,178,0.15987130999565125,0.001,14089
320,10.0,57400,0.05,5740,-0.6394999999999998,178,0.1590549200773239,0.001,14099
320,10.0,57440,0.05,5744,-0.669,179,0.12486118823289871,0.001,14109
320,10.0,57480,0.05,5748,-0.7309999999999998,179,0.09132765978574753,0.001,14119
320,10.0,57520,0.05,5752,-0.7335,179,0.12303268909454346,0.001,14129
320,10.0,57560,0.05,5756,-0.7519999999999998,179,0.08366355299949646,0.001,14139
320,10.0,57600,0.05,5760,-0.5935000000000001,179,0.08528389036655426,0.001,14149
320,10.0,57640,0.05,5764,-0.6975,179,0.12305353581905365,0.001,14159
320,10.0,57680,0.05,5768,-0.6555000000000001,179,0.0914628729224205,0.001,14169
320,10.0,57720,0.05,5772,-0.6485,180,0.07452832907438278,0.001,14179
320,10.0,57760,0.05,5776,-0.6395,180,0.09597741812467575,0.001,14189
320,10.0,57800,0.05,5780,-0.6445000000000001,180,0.12838177382946014,0.001,14199
320,10.0,57840,0.05,5784,-0.6505,180,0.0771617740392685,0.001,14209
320,10.0,57880,0.05,5788,-0.6579999999999999,180,0.1008540689945221,0.001,14219
320,10.0,57920,0.05,5792,-0.6579999999999999,180,0.09310434758663177,0.001,14229
320,10.0,57960,0.05,5796,-0.6994999999999999,180,0.07091208547353745,0.001,14239
320,10.0,58000,0.05,5800,-0.655,181,0.055633191019296646,0.001,14249
320,10.0,58040,0.05,5804,-0.6584999999999998,181,0.09023189544677734,0.001,14259
320,10.0,58080,0.05,5808,-0.7474999999999998,181,0.0865030437707901,0.001,14269
320,10.0,58120,0.05,5812,-0.7434999999999999,181,0.10726814717054367,0.001,14279
320,10.0,58160,0.05,5816,-0.763,181,0.08740989118814468,0.001,14289
319,10.0,58200,0.05,5820,-0.7250000000000001,181,0.07357475906610489,0.001,14299
319,10.0,58240,0.05,5824,-0.8454999999999999,182,0.0776374414563179,0.001,14309
319,10.0,58280,0.05,5828,-0.8604999999999998,182,0.0969594344496727,0.001,14319
319,10.0,58320,0.05,5832,-0.7585,182,0.157788947224617,0.001,14329
319,10.0,58360,0.05,5836,-0.7959999999999999,182,0.16912251710891724,0.001,14339
319,10.0,58400,0.05,5840,-0.68,182,0.38281941413879395,0.001,14349
319,10.0,58440,0.05,5844,-0.6555,182,0.12154720723628998,0.001,14359
319,10.0,58480,0.05,5848,-0.6504999999999999,182,0.21451015770435333,0.001,14369
319,10.0,58520,0.05,5852,-0.7094999999999999,183,0.0680210217833519,0.001,14379
319,10.0,58560,0.05,5856,-0.7009999999999998,183,0.16824963688850403,0.001,14389
319,10.0,58600,0.05,5860,-0.8179999999999998,183,0.14017470180988312,0.001,14399
319,10.0,58640,0.05,5864,-0.8065000000000001,183,0.1860833466053009,0.001,14409
319,10.0,58680,0.05,5868,-0.7780000000000001,183,0.11415572464466095,0.001,14419
319,10.0,58720,0.05,5872,-0.7365,183,0.2829626798629761,0.001,14429
319,10.0,58760,0.05,5876,-0.7949999999999998,183,0.10558487474918365,0.001,14439
319,10.0,58800,0.05,5880,-0.8619999999999999,183,0.0957128033041954,0.001,14449
319,10.0,58840,0.05,5884,-0.9425,184,0.16309720277786255,0.001,14459
319,10.0,58880,0.05,5888,-0.9640000000000001,184,0.11545086652040482,0.001,14469
319,10.0,58920,0.05,5892,-1.048,184,0.100003182888031,0.001,14479
319,10.0,58960,0.05,5896,-1.011,184,0.08234048634767532,0.001,14489
319,10.0,59000,0.05,5900,-1.081,184,0.11196891218423843,0.001,14499
319,10.0,59040,0.05,5904,-1.154,184,0.10847340524196625,0.001,14509
319,10.0,59080,0.05,5908,-1.128,184,0.09106919169425964,0.001,14519
319,10.0,59120,0.05,5912,-1.2135,185,0.25030404329299927,0.001,14529
319,10.0,59160,0.05,5916,-1.111,185,0.10591468960046768,0.001,14539
319,10.0,59200,0.05,5920,-1.172,185,0.14200079441070557,0.001,14549
319,10.0,59240,0.05,5924,-1.0910000000000002,185,0.21213577687740326,0.001,14559
319,10.0,59280,0.05,5928,-1.079,185,0.0710344910621643,0.001,14569
319,10.0,59320,0.05,5932,-1.169,185,0.13544534146785736,0.001,14579
319,10.0,59360,0.05,5936,-1.1545,185,0.1480088233947754,0.001,14589
319,10.0,59400,0.05,5940,-1.2570000000000001,186,0.08325787633657455,0.001,14599
318,10.0,59440,0.05,5944,-1.2394999999999998,186,0.10015510767698288,0.001,14609
318,10.0,59480,0.05,5948,-1.2354999999999996,186,0.09138628095388412,0.001,14619
318,10.0,59520,0.05,5952,-1.1489999999999998,186,0.26181793212890625,0.001,14629
318,10.0,59560,0.05,5956,-1.24,187,0.10087774693965912,0.001,14639
318,10.0,59600,0.05,5960,-1.246,187,0.14185555279254913,0.001,14649
318,10.0,59640,0.05,5964,-1.2615,187,0.09425368160009384,0.001,14659
317,10.0,59680,0.05,5968,-1.2770000000000001,187,0.20362375676631927,0.001,14669
317,10.0,59720,0.05,5972,-1.3379999999999999,188,0.0945906937122345,0.001,14679
317,10.0,59760,0.05,5976,-1.2295000000000003,188,0.1304381787776947,0.001,14689
317,10.0,59800,0.05,5980,-1.188,188,0.07873031497001648,0.001,14699
316,10.0,59840,0.05,5984,-1.059,188,0.21530628204345703,0.001,14709
316,10.0,59880,0.05,5988,-1.1075,189,0.11154058575630188,0.001,14719
316,10.0,59920,0.05,5992,-1.015,189,0.09826445579528809,0.001,14729
316,10.0,59960,0.05,5996,-1.0979999999999999,189,0.10252848267555237,0.001,14739
316,10.0,60000,0.05,6000,-1.0325000000000002,189,0.09075254946947098,0.001,14749
316,10.0,60040,0.05,6004,-0.9875,189,0.09433948993682861,0.001,14759
316,10.0,60080,0.05,6008,-1.03,190,0.1414312869310379,0.001,14769
316,10.0,60120,0.05,6012,-0.9405,190,0.07937399297952652,0.001,14779
315,10.0,60160,0.05,6016,-0.9495000000000001,190,0.11735507845878601,0.001,14789
315,10.0,60200,0.05,6020,-0.925,190,0.10499480366706848,0.001,14799
315,10.0,60240,0.05,6024,-0.8299999999999998,190,0.13447314500808716,0.001,14809
316,10.0,60280,0.05,6028,-0.807,190,0.09627456963062286,0.001,14819
315,10.0,60320,0.05,6032,-0.8085000000000001,190,0.09787013381719589,0.001,14829
315,10.0,60360,0.05,6036,-0.8735,191,0.1938367784023285,0.001,14839
315,10.0,60400,0.05,6040,-0.8155,191,0.1165432408452034,0.001,14849
315,10.0,60440,0.05,6044,-0.8035000000000001,191,0.32217299938201904,0.001,14859
315,10.0,60480,0.05,6048,-0.8175,191,0.0860617533326149,0.001,14869
315,10.0,60520,0.05,6052,-0.8075,191,0.1435881406068802,0.001,14879
315,10.0,60560,0.05,6056,-0.8220000000000001,191,0.11338672786951065,0.001,14889
315,10.0,60600,0.05,6060,-0.7315000000000002,191,0.08634725958108902,0.001,14899
315,10.0,60640,0.05,6064,-0.701,192,0.1726328432559967,0.001,14909
315,10.0,60680,0.05,6068,-0.618,192,0.0832664892077446,0.001,14919
315,10.0,60720,0.05,6072,-0.6730000000000002,192,0.12067285925149918,0.001,14929
315,10.0,60760,0.05,6076,-0.6970000000000001,192,0.10229836404323578,0.001,14939
315,10.0,60800,0.05,6080,-0.66,192,0.0824730396270752,0.001,14949
315,10.0,60840,0.05,6084,-0.6550000000000001,192,0.09578467905521393,0.001,14959
315,10.0,60880,0.05,6088,-0.7025000000000001,192,0.09579537808895111,0.001,14969
315,10.0,60920,0.05,6092,-0.7404999999999999,193,0.3154367506504059,0.001,14979
315,10.0,60960,0.05,6096,-0.7049999999999998,193,0.080253005027771,0.001,14989
315,10.0,61000,0.05,6100,-0.7969999999999999,193,0.12634824216365814,0.001,14999
315,10.0,61040,0.05,6104,-0.7489999999999999,193,0.07707344740629196,0.001,15009
315,10.0,61080,0.05,6108,-0.738,193,0.25427478551864624,0.001,15019
315,10.0,61120,0.05,6112,-0.7214999999999999,193,0.07790251076221466,0.001,15029
315,10.0,61160,0.05,6116,-0.7760000000000002,193,0.1542171835899353,0.001,15039
315,10.0,61200,0.05,6120,-0.813,194,0.08930345624685287,0.001,15049
315,10.0,61240,0.05,6124,-0.9225000000000001,194,0.08058902621269226,0.001,15059
315,10.0,61280,0.05,6128,-0.9755000000000001,194,0.08587626367807388,0.001,15069
315,10.0,61320,0.05,6132,-0.9545,194,0.08278799057006836,0.001,15079
315,10.0,61360,0.05,6136,-0.97,194,0.1518235206604004,0.001,15089
315,10.0,61400,0.05,6140,-1.033,194,0.0781475380063057,0.001,15099
315,10.0,61440,0.05,6144,-1.121,194,0.07575105130672455,0.001,15109
315,10.0,61480,0.05,6148,-1.044,195,0.08901555091142654,0.001,15119
315,10.0,61520,0.05,6152,-1.1345,195,0.1668342798948288,0.001,15129
315,10.0,61560,0.05,6156,-1.0270000000000001,195,0.11347940564155579,0.001,15139
315,10.0,61600,0.05,6160,-1.0885,195,0.13833072781562805,0.001,15149
315,10.0,61640,0.05,6164,-1.1175000000000004,195,0.1410898119211197,0.001,15159
315,10.0,61680,0.05,6168,-1.2045000000000001,195,0.25830671191215515,0.001,15169
315,10.0,61720,0.05,6172,-1.131,195,0.08581690490245819,0.001,15179
315,10.0,61760,0.05,6176,-1.0905,195,0.0906415581703186,0.001,15189
315,10.0,61800,0.05,6180,-1.1215,196,0.07590694725513458,0.001,15199
315,10.0,61840,0.05,6184,-1.213,196,0.1267981380224228,0.001,15209
315,10.0,61880,0.05,6188,-1.143,196,0.1624724566936493,0.001,15219
315,10.0,61920,0.05,6192,-1.1365,196,0.06296517699956894,0.001,15229
315,10.0,61960,0.05,6196,-1.1615,196,0.08129113167524338,0.001,15239
315,10.0,62000,0.05,6200,-1.2135,196,0.14191806316375732,0.001,15249
315,10.0,62040,0.05,6204,-1.1875,196,0.09609703719615936,0.001,15259
315,10.0,62080,0.05,6208,-1.1435,196,0.11488250643014908,0.001,15269
315,10.0,62120,0.05,6212,-1.1775,197,0.11196815967559814,0.001,15279
315,10.0,62160,0.05,6216,-1.1185,197,0.210978701710701,0.001,15289
315,10.0,62200,0.05,6220,-1.058,197,0.07192470133304596,0.001,15299
315,10.0,62240,0.05,6224,-1.0325,197,0.08139021694660187,0.001,15309
315,10.0,62280,0.05,6228,-0.9780000000000001,197,0.11505553126335144,0.001,15319
315,10.0,62320,0.05,6232,-0.9665,197,0.18181535601615906,0.001,15329
315,10.0,62360,0.05,6236,-0.987,197,0.10547332465648651,0.001,15339
315,10.0,62400,0.05,6240,-1.0334999999999999,197,0.3032756447792053,0.001,15349
315,10.0,62440,0.05,6244,-0.9645000000000001,197,0.08733634650707245,0.001,15359
315,10.0,62480,0.05,6248,-0.9495,197,0.09455601871013641,0.001,15369
315,10.0,62520,0.05,6252,-0.9620000000000002,198,0.10000459104776382,0.001,15379
315,10.0,62560,0.05,6256,-0.993,198,0.08077730238437653,0.001,15389
315,10.0,62600,0.05,6260,-0.8900000000000001,198,0.21702007949352264,0.001,15399
315,10.0,62640,0.05,6264,-0.8995000000000001,198,0.10773766785860062,0.001,15409
315,10.0,62680,0.05,6268,-0.894,198,0.28013062477111816,0.001,15419
315,10.0,62720,0.05,6272,-0.9415,198,0.07796992361545563,0.001,15429
315,10.0,62760,0.05,6276,-0.9770000000000002,198,0.08774206042289734,0.001,15439
316,10.0,62800,0.05,6280,-0.9470000000000001,198,0.08868920058012009,0.001,15449
316,10.0,62840,0.05,6284,-0.8519999999999999,198,0.0877068042755127,0.001,15459
316,10.0,62880,0.05,6288,-0.8319999999999999,198,0.08788523823022842,0.001,15469
316,10.0,62920,0.05,6292,-0.8395,199,0.0885067731142044,0.001,15479
316,10.0,62960,0.05,6296,-0.8350000000000003,199,0.19275835156440735,0.001,15489
316,10.0,63000,0.05,6300,-0.7979999999999999,199,0.086217500269413,0.001,15499
316,10.0,63040,0.05,6304,-0.932,199,0.11493788659572601,0.001,15509
316,10.0,63080,0.05,6308,-0.8639999999999999,199,0.2211848497390747,0.001,15519
316,10.0,63120,0.05,6312,-0.8740000000000001,199,0.15893658995628357,0.001,15529
316,10.0,63160,0.05,6316,-0.8755000000000002,199,0.09357185661792755,0.001,15539
316,10.0,63200,0.05,6320,-0.9080000000000003,199,0.4197935461997986,0.001,15549
316,10.0,63240,0.05,6324,-0.9950000000000003,199,0.058564163744449615,0.001,15559
316,10.0,63280,0.05,6328,-1.0220000000000002,199,0.10906971991062164,0.001,15569
316,10.0,63320,0.05,6332,-1.0695000000000001,200,0.08600012958049774,0.001,15579
316,10.0,63360,0.05,6336,-0.9209999999999999,200,0.10677772015333176,0.001,15589
316,10.0,63400,0.05,6340,-0.8205,200,0.10846235603094101,0.001,15599
316,10.0,63440,0.05,6344,-0.8670000000000002,200,0.08073435723781586,0.001,15609
316,10.0,63480,0.05,6348,-0.8029999999999999,200,0.10296982526779175,0.001,15619
316,10.0,63520,0.05,6352,-0.7265,200,0.08871133625507355,0.001,15629
316,10.0,63560,0.05,6356,-0.665,200,0.142357736825943,0.001,15639
316,10.0,63600,0.05,6360,-0.6855000000000001,200,0.4627518057823181,0.001,15649
316,10.0,63640,0.05,6364,-0.5790000000000002,201,0.11643510311841965,0.001,15659
316,10.0,63680,0.05,6368,-0.4510000000000002,201,0.12766830623149872,0.001,15669
316,10.0,63720,0.05,6372,-0.3835,201,0.07037035375833511,0.001,15679
316,10.0,63760,0.05,6376,-0.38499999999999995,201,0.10069913417100906,0.001,15689
316,10.0,63800,0.05,6380,-0.3615,201,0.3135104775428772,0.001,15699
316,10.0,63840,0.05,6384,-0.3375000000000001,201,0.08454214781522751,0.001,15709
316,10.0,63880,0.05,6388,-0.35450000000000004,201,0.08701468259096146,0.001,15719
316,10.0,63920,0.05,6392,-0.36550000000000005,201,0.12685853242874146,0.001,15729
316,10.0,63960,0.05,6396,-0.36599999999999994,202,0.08926139771938324,0.001,15739
316,10.0,64000,0.05,6400,-0.31199999999999994,202,0.15278588235378265,0.001,15749
315,10.0,64040,0.05,6404,-0.20450000000000002,202,0.06555595993995667,0.001,15759
315,10.0,64080,0.05,6408,-0.24450000000000002,202,0.14702142775058746,0.001,15769
315,10.0,64120,0.05,6412,-0.26700000000000007,203,0.1166432574391365,0.001,15779
315,10.0,64160,0.05,6416,-0.29649999999999993,203,0.11133722960948944,0.001,15789
315,10.0,64200,0.05,6420,-0.269,203,0.07524020969867706,0.001,15799
315,10.0,64240,0.05,6424,-0.26300000000000007,203,0.0909704938530922,0.001,15809
315,10.0,64280,0.05,6428,-0.31150000000000005,203,0.1743069291114807,0.001,15819
315,10.0,64320,0.05,6432,-0.16500000000000004,204,0.2744624614715576,0.001,15829
314,10.0,64360,0.05,6436,-0.247,204,0.21396470069885254,0.001,15839
314,10.0,64400,0.05,6440,-0.239,204,0.0881832093000412,0.001,15849
314,10.0,64440,0.05,6444,-0.21950000000000003,204,0.1422334462404251,0.001,15859
314,10.0,64480,0.05,6448,-0.41200000000000003,205,0.09919209033250809,0.001,15869
314,10.0,64520,0.05,6452,-0.44150000000000006,205,0.1273714303970337,0.001,15879
314,10.0,64560,0.05,6456,-0.5585000000000001,205,0.10690879076719284,0.001,15889
314,10.0,64600,0.05,6460,-0.5285,205,0.12323102355003357,0.001,15899
313,10.0,64640,0.05,6464,-0.5765,205,0.10608087480068207,0.001,15909
313,10.0,64680,0.05,6468,-0.6199999999999999,206,0.10196281969547272,0.001,15919
313,10.0,64720,0.05,6472,-0.59,206,0.09887901693582535,0.001,15929
313,10.0,64760,0.05,6476,-0.6460000000000001,206,0.10063712298870087,0.001,15939
313,10.0,64800,0.05,6480,-0.684,206,0.3785143494606018,0.001,15949
313,10.0,64840,0.05,6484,-0.6920000000000001,206,0.09995459020137787,0.001,15959
313,10.0,64880,0.05,6488,-0.69,206,0.11261808127164841,0.001,15969
313,10.0,64920,0.05,6492,-0.6940000000000001,206,0.2673284113407135,0.001,15979
313,10.0,64960,0.05,6496,-0.6835,206,0.09568017721176147,0.001,15989
313,10.0,65000,0.05,6500,-0.6069999999999998,207,0.08455301076173782,0.001,15999
313,10.0,65040,0.05,6504,-0.7005,207,0.10823109745979309,0.001,16009
313,10.0,65080,0.05,6508,-0.836,207,0.2415010631084442,0.001,16019
313,10.0,65120,0.05,6512,-0.796,207,0.0900968387722969,0.001,16029
313,10.0,65160,0.05,6516,-0.7505000000000003,207,0.061288122087717056,0.001,16039
313,10.0,65200,0.05,6520,-0.7294999999999999,207,0.12937887012958527,0.001,16049
313,10.0,65240,0.05,6524,-0.5924999999999998,207,0.08888360112905502,0.001,16059
313,10.0,65280,0.05,6528,-0.47,208,0.08492166548967361,0.001,16069
313,10.0,65320,0.05,6532,-0.547,208,0.12566405534744263,0.001,16079
313,10.0,65360,0.05,6536,-0.5165000000000001,208,0.14115695655345917,0.001,16089
313,10.0,65400,0.05,6540,-0.527,208,0.23167656362056732,0.001,16099
313,10.0,65440,0.05,6544,-0.47200000000000003,208,0.10844696313142776,0.001,16109
313,10.0,65480,0.05,6548,-0.4195000000000001,208,0.3114137053489685,0.001,16119
313,10.0,65520,0.05,6552,-0.4125,208,0.10449804365634918,0.001,16129
313,10.0,65560,0.05,6556,-0.32799999999999996,208,0.36917397379875183,0.001,16139
313,10.0,65600,0.05,6560,-0.4,208,0.14574474096298218,0.001,16149
313,10.0,65640,0.05,6564,-0.4005,209,0.10079201310873032,0.001,16159
313,10.0,65680,0.05,6568,-0.45250000000000007,209,0.19411250948905945,0.001,16169
314,10.0,65720,0.05,6572,-0.4979999999999999,209,0.09899728745222092,0.001,16179
314,10.0,65760,0.05,6576,-0.5009999999999999,209,0.1265101581811905,0.001,16189
314,10.0,65800,0.05,6580,-0.4789999999999999,209,0.24241289496421814,0.001,16199
314,10.0,65840,0.05,6584,-0.591,209,0.12785987555980682,0.001,16209
314,10.0,65880,0.05,6588,-0.6240000000000001,209,0.19478332996368408,0.001,16219
314,10.0,65920,0.05,6592,-0.5265000000000001,209,0.11812775582075119,0.001,16229
314,10.0,65960,0.05,6596,-0.4670000000000001,209,0.08939460664987564,0.001,16239
314,10.0,66000,0.05,6600,-0.47050000000000003,209,0.06705109775066376,0.001,16249
314,10.0,66040,0.05,6604,-0.3885,210,0.09990982711315155,0.001,16259
314,10.0,66080,0.05,6608,-0.1885,210,0.06192526966333389,0.001,16269
314,10.0,66120,0.05,6612,-0.11999999999999998,210,0.3019268810749054,0.001,16279
314,10.0,66160,0.05,6616,-0.15200000000000005,210,0.09650233387947083,0.001,16289
314,10.0,66200,0.05,6620,-0.168,210,0.20561952888965607,0.001,16299
314,10.0,66240,0.05,6624,-0.16700000000000004,210,0.08325111120939255,0.001,16309
314,10.0,66280,0.05,6628,-0.21450000000000005,210,0.0583023875951767,0.001,16319
314,10.0,66320,0.05,6632,-0.18750000000000003,210,0.11255188286304474,0.001,16329
314,10.0,66360,0.05,6636,-0.26650000000000007,210,0.10543794929981232,0.001,16339
314,10.0,66400,0.05,6640,-0.303,210,0.2401255965232849,0.001,16349
314,10.0,66440,0.05,6644,-0.4110000000000001,211,0.19139496982097626,0.001,16359
314,10.0,66480,0.05,6648,-0.32300000000000006,211,0.2277502417564392,0.001,16369
314,10.0,66520,0.05,6652,-0.30850000000000005,211,0.10099633783102036,0.001,16379
314,10.0,66560,0.05,6656,-0.32900000000000007,211,0.09032675623893738,0.001,16389
314,10.0,66600,0.05,6660,-0.359,211,0.09032639861106873,0.001,16399
315,10.0,66640,0.05,6664,-0.41999999999999993,211,0.12192309647798538,0.001,16409
315,10.0,66680,0.05,6668,-0.3525000000000001,211,0.07680383324623108,0.001,16419
315,10.0,66720,0.05,6672,-0.34550000000000003,211,0.12035545706748962,0.001,16429
315,10.0,66760,0.05,6676,-0.31200000000000006,211,0.3939919173717499,0.001,16439
315,10.0,66800,0.05,6680,-0.3325000000000001,211,0.07559160888195038,0.001,16449
315,10.0,66840,0.05,6684,-0.2225,212,0.08576030284166336,0.001,16459
315,10.0,66880,0.05,6688,-0.28200000000000003,212,0.16915348172187805,0.001,16469
315,10.0,66920,0.05,6692,-0.31350000000000006,212,0.1871042251586914,0.001,16479
315,10.0,66960,0.05,6696,-0.33,212,0.052358005195856094,0.001,16489
315,10.0,67000,0.05,6700,-0.36500000000000005,212,0.10116076469421387,0.001,16499
315,10.0,67040,0.05,6704,-0.3425,212,0.11430336534976959,0.001,16509
315,10.0,67080,0.05,6708,-0.3405,212,0.10245358943939209,0.001,16519
315,10.0,67120,0.05,6712,-0.45250000000000007,212,0.11908850818872452,0.001,16529
315,10.0,67160,0.05,6716,-0.43400000000000005,212,0.10091511160135269,0.001,16539
315,10.0,67200,0.05,6720,-0.48150000000000004,213,0.05202949419617653,0.001,16549
315,10.0,67240,0.05,6724,-0.47800000000000004,213,0.15981525182724,0.001,16559
315,10.0,67280,0.05,6728,-0.5075,213,0.11168485134840012,0.001,16569
315,10.0,67320,0.05,6732,-0.686,213,0.11186382919549942,0.001,16579
315,10.0,67360,0.05,6736,-0.7265,213,0.09170100092887878,0.001,16589
315,10.0,67400,0.05,6740,-0.7295,213,0.37757518887519836,0.001,16599
315,10.0,67440,0.05,6744,-0.6884999999999998,213,0.08117372542619705,0.001,16609
315,10.0,67480,0.05,6748,-0.7210000000000001,213,0.1356230527162552,0.001,16619
315,10.0,67520,0.05,6752,-0.723,213,0.11952996253967285,0.001,16629
315,10.0,67560,0.05,6756,-0.7635000000000001,214,0.11333587765693665,0.001,16639
315,10.0,67600,0.05,6760,-0.7010000000000002,214,0.09857920557260513,0.001,16649
315,10.0,67640,0.05,6764,-0.6339999999999999,214,0.2534301280975342,0.001,16659
315,10.0,67680,0.05,6768,-0.7294999999999999,214,0.11833378672599792,0.001,16669
315,10.0,67720,0.05,6772,-0.7289999999999999,214,0.09829093515872955,0.001,16679
315,10.0,67760,0.05,6776,-0.6719999999999999,214,0.10489472001791,0.001,16689
315,10.0,67800,0.05,6780,-0.6935000000000001,214,0.21172437071800232,0.001,16699
315,10.0,67840,0.05,6784,-0.838,214,0.11481872200965881,0.001,16709
315,10.0,67880,0.05,6788,-0.7580000000000001,214,0.1170416921377182,0.001,16719
315,10.0,67920,0.05,6792,-0.7559999999999999,215,0.12064600735902786,0.001,16729
315,10.0,67960,0.05,6796,-0.7385,215,0.21773315966129303,0.001,16739
315,10.0,68000,0.05,6800,-0.7354999999999999,215,0.08629204332828522,0.001,16749
315,10.0,68040,0.05,6804,-0.9339999999999999,215,0.06110047549009323,0.001,16759
315,10.0,68080,0.05,6808,-1.012,215,0.08605296909809113,0.001,16769
315,10.0,68120,0.05,6812,-0.9935,215,0.10025163739919662,0.001,16779
315,10.0,68160,0.05,6816,-0.9889999999999999,215,0.10731453448534012,0.001,16789
315,10.0,68200,0.05,6820,-0.934,215,0.06994201987981796,0.001,16799
315,10.0,68240,0.05,6824,-0.998,216,0.09995783120393753,0.001,16809
315,10.0,68280,0.05,6828,-0.9430000000000001,216,0.0781145840883255,0.001,16819
315,10.0,68320,0.05,6832,-0.7995,216,0.26679709553718567,0.001,16829
315,10.0,68360,0.05,6836,-0.6729999999999999,216,0.4689195454120636,0.001,16839
315,10.0,68400,0.05,6840,-0.6094999999999999,216,0.06700368225574493,0.001,16849
315,10.0,68440,0.05,6844,-0.5189999999999998,216,0.05730872601270676,0.001,16859
315,10.0,68480,0.05,6848,-0.5185,216,0.0915195494890213,0.001,16869
315,10.0,68520,0.05,6852,-0.5765,217,0.4653756022453308,0.001,16879
315,10.0,68560,0.05,6856,-0.5519999999999999,217,0.07938920706510544,0.001,16889
315,10.0,68600,0.05,6860,-0.5389999999999999,217,0.14040401577949524,0.001,16899
315,10.0,68640,0.05,6864,-0.486,217,0.08842677623033524,0.001,16909
315,10.0,68680,0.05,6868,-0.3315000000000001,217,0.11236213147640228,0.001,16919
315,10.0,68720,0.05,6872,-0.29,217,0.11016635596752167,0.001,16929
315,10.0,68760,0.05,6876,-0.344,217,0.09302342683076859,0.001,16939
315,10.0,68800,0.05,6880,-0.2945,218,0.15250274538993835,0.001,16949
314,10.0,68840,0.05,6884,-0.17749999999999996,218,0.5144315958023071,0.001,16959
314,10.0,68880,0.05,6888,-0.19899999999999998,218,0.07518495619297028,0.001,16969
314,10.0,68920,0.05,6892,-0.175,218,0.10251330584287643,0.001,16979
314,10.0,68960,0.05,6896,-0.18700000000000003,218,0.09763973206281662,0.001,16989
314,10.0,69000,0.05,6900,-0.161,219,0.09901340305805206,0.001,16999
314,10.0,69040,0.05,6904,-0.14100000000000001,219,0.11430435627698898,0.001,17009
314,10.0,69080,0.05,6908,-0.13450000000000004,219,0.29984644055366516,0.001,17019
314,10.0,69120,0.05,6912,-0.027500000000000017,219,0.09331656247377396,0.001,17029
314,10.0,69160,0.05,6916,-0.03750000000000004,219,0.09605824202299118,0.001,17039
314,10.0,69200,0.05,6920,-0.10450000000000002,219,0.08583109825849533,0.001,17049
314,10.0,69240,0.05,6924,-0.10899999999999997,219,0.07027655094861984,0.001,17059
314,10.0,69280,0.05,6928,-0.06899999999999998,220,0.09965389966964722,0.001,17069
314,10.0,69320,0.05,6932,-0.031000000000000014,220,0.06841645389795303,0.001,17079
314,10.0,69360,0.05,6936,-0.020499999999999997,220,0.1765664517879486,0.001,17089
314,10.0,69400,0.05,6940,-0.07100000000000002,220,0.10251210629940033,0.001,17099
314,10.0,69440,0.05,6944,-0.16399999999999998,221,0.05079610273241997,0.001,17109
314,10.0,69480,0.05,6948,-0.205,221,0.19253209233283997,0.001,17119
313,10.0,69520,0.05,6952,-0.28,221,0.10175743699073792,0.001,17129
313,10.0,69560,0.05,6956,-0.25899999999999995,221,0.06762781739234924,0.001,17139
313,10.0,69600,0.05,6960,-0.205,221,0.11464223265647888,0.001,17149
313,10.0,69640,0.05,6964,-0.18149999999999994,221,0.07070468366146088,0.001,17159
313,10.0,69680,0.05,6968,-0.3684999999999999,222,0.11288407444953918,0.001,17169
313,10.0,69720,0.05,6972,-0.4525,222,0.06502427160739899,0.001,17179
313,10.0,69760,0.05,6976,-0.3795000000000001,222,0.11976128071546555,0.001,17189
313,10.0,69800,0.05,6980,-0.42550000000000004,222,0.09738314896821976,0.001,17199
313,10.0,69840,0.05,6984,-0.4109999999999999,222,0.07375606149435043,0.001,17209
313,10.0,69880,0.05,6988,-0.36349999999999993,222,0.09397958219051361,0.001,17219
313,10.0,69920,0.05,6992,-0.4925,223,0.07604683190584183,0.001,17229
313,10.0,69960,0.05,6996,-0.495,223,0.09127528965473175,0.001,17239
313,10.0,70000,0.05,7000,-0.4759999999999999,223,0.08362927287817001,0.001,17249
313,10.0,70040,0.05,7004,-0.35550000000000004,223,0.07714998722076416,0.001,17259
313,10.0,70080,0.05,7008,-0.3360000000000001,223,0.11394535005092621,0.001,17269
313,10.0,70120,0.05,7012,-0.42050000000000004,223,0.18762056529521942,0.001,17279
313,10.0,70160,0.05,7016,-0.3264999999999999,223,0.1409820020198822,0.001,17289
313,10.0,70200,0.05,7020,-0.21849999999999997,223,0.11136269569396973,0.001,17299
313,10.0,70240,0.05,7024,-0.19400000000000006,223,0.11993015557527542,0.001,17309
313,10.0,70280,0.05,7028,-0.34800000000000003,223,0.07318436354398727,0.001,17319
313,10.0,70320,0.05,7032,-0.43249999999999994,224,0.08310548216104507,0.001,17329
313,10.0,70360,0.05,7036,-0.48800000000000004,224,0.1100529134273529,0.001,17339
313,10.0,70400,0.05,7040,-0.45199999999999996,224,0.1700589656829834,0.001,17349
313,10.0,70440,0.05,7044,-0.384,224,0.07318203151226044,0.001,17359
314,10.0,70480,0.05,7048,-0.39349999999999996,224,0.08181338012218475,0.001,17369
314,10.0,70520,0.05,7052,-0.15200000000000002,224,0.10055579245090485,0.001,17379
314,10.0,70560,0.05,7056,-0.21900000000000003,224,0.16590283811092377,0.001,17389
314,10.0,70600,0.05,7060,-0.24849999999999994,224,0.1925112009048462,0.001,17399
314,10.0,70640,0.05,7064,-0.3429999999999999,224,0.06979374587535858,0.001,17409
314,10.0,70680,0.05,7068,-0.21049999999999996,224,0.14557917416095734,0.001,17419
314,10.0,70720,0.05,7072,-0.2829999999999999,225,0.13866402208805084,0.001,17429
314,10.0,70760,0.05,7076,-0.3685,225,0.24710428714752197,0.001,17439
314,10.0,70800,0.05,7080,-0.27149999999999996,225,0.07783053070306778,0.001,17449
314,10.0,70840,0.05,7084,-0.3084999999999999,225,0.31489792466163635,0.001,17459
314,10.0,70880,0.05,7088,-0.2934999999999999,225,0.11204682290554047,0.001,17469
314,10.0,70920,0.05,7092,-0.26199999999999996,225,0.08408103883266449,0.001,17479
314,10.0,70960,0.05,7096,-0.30000000000000004,225,0.1439574956893921,0.001,17489
314,10.0,71000,0.05,7100,-0.38299999999999995,225,0.35191789269447327,0.001,17499
314,10.0,71040,0.05,7104,-0.417,225,0.12478683888912201,0.001,17509
314,10.0,71080,0.05,7108,-0.445,225,0.08244878053665161,0.001,17519
314,10.0,71120,0.05,7112,-0.48449999999999993,226,0.0901067852973938,0.001,17529
314,10.0,71160,0.05,7116,-0.6029999999999999,226,0.08246393501758575,0.001,17539
314,10.0,71200,0.05,7120,-0.6529999999999998,226,0.09459161013364792,0.001,17549
314,10.0,71240,0.05,7124,-0.6749999999999998,226,0.060171984136104584,0.001,17559
314,10.0,71280,0.05,7128,-0.6630000000000001,226,0.06740032136440277,0.001,17569
314,10.0,71320,0.05,7132,-0.686,226,0.3435308635234833,0.001,17579
314,10.0,71360,0.05,7136,-0.6830000000000002,226,0.08430924266576767,0.001,17589
314,10.0,71400,0.05,7140,-0.7264999999999999,226,0.08423764258623123,0.001,17599
314,10.0,71440,0.05,7144,-0.7205000000000001,226,0.10568202286958694,0.001,17609
315,10.0,71480,0.05,7148,-0.7280000000000001,226,0.10416214168071747,0.001,17619
315,10.0,71520,0.05,7152,-0.9225,227,0.08787570893764496,0.001,17629
315,10.0,71560,0.05,7156,-0.8205,227,0.09295861423015594,0.001,17639
315,10.0,71600,0.05,7160,-0.9205000000000001,227,0.10475145280361176,0.001,17649
315,10.0,71640,0.05,7164,-0.8340000000000002,227,0.30056560039520264,0.001,17659
315,10.0,71680,0.05,7168,-0.8690000000000002,227,0.0904289036989212,0.001,17669
315,10.0,71720,0.05,7172,-0.738,227,0.09257254749536514,0.001,17679
315,10.0,71760,0.05,7176,-0.791,227,0.09794900566339493,0.001,17689
315,10.0,71800,0.05,7180,-0.8580000000000001,227,0.08883880078792572,0.001,17699
315,10.0,71840,0.05,7184,-0.825,227,0.3764986991882324,0.001,17709
315,10.0,71880,0.05,7188,-0.8195,227,0.20464356243610382,0.001,17719
315,10.0,71920,0.05,7192,-0.7479999999999998,227,0.08502106368541718,0.001,17729
315,10.0,71960,0.05,7196,-0.6990000000000001,228,0.1603456437587738,0.001,17739
315,10.0,72000,0.05,7200,-0.627,228,0.3674691319465637,0.001,17749
315,10.0,72040,0.05,7204,-0.5414999999999999,228,0.14126473665237427,0.001,17759
315,10.0,72080,0.05,7208,-0.667,228,0.0856998935341835,0.001,17769
315,10.0,72120,0.05,7212,-0.7084999999999999,228,0.10635910928249359,0.001,17779
315,10.0,72160,0.05,7216,-0.7120000000000002,228,0.10013583302497864,0.001,17789
315,10.0,72200,0.05,7220,-0.7175,228,0.45258447527885437,0.001,17799
315,10.0,72240,0.05,7224,-0.6614999999999999,228,0.06413427740335464,0.001,17809
315,10.0,72280,0.05,7228,-0.525,228,1.3501838445663452,0.001,17819
315,10.0,72320,0.05,7232,-0.493,228,0.08837469667196274,0.001,17829
315,10.0,72360,0.05,7236,-0.47600000000000003,229,0.0946829542517662,0.001,17839
315,10.0,72400,0.05,7240,-0.43749999999999994,229,0.08267512917518616,0.001,17849
315,10.0,72440,0.05,7244,-0.44650000000000006,229,0.08535560965538025,0.001,17859
316,10.0,72480,0.05,7248,-0.4595,229,0.07726994156837463,0.001,17869
316,10.0,72520,0.05,7252,-0.39549999999999996,229,0.3190135061740875,0.001,17879
316,10.0,72560,0.05,7256,-0.4420000000000001,229,0.19252212345600128,0.001,17889
316,10.0,72600,0.05,7260,-0.41600000000000004,229,0.5942362546920776,0.001,17899
316,10.0,72640,0.05,7264,-0.4695,229,0.10112008452415466,0.001,17909
316,10.0,72680,0.05,7268,-0.47700000000000004,229,0.0976400226354599,0.001,17919
316,10.0,72720,0.05,7272,-0.46799999999999997,229,0.12188843637704849,0.001,17929
316,10.0,72760,0.05,7276,-0.3425000000000001,230,0.18509654700756073,0.001,17939
316,10.0,72800,0.05,7280,-0.30450000000000005,230,0.09215808659791946,0.001,17949
316,10.0,72840,0.05,7284,-0.26400000000000007,230,0.11168703436851501,0.001,17959
316,10.0,72880,0.05,7288,-0.2695,230,0.11605095118284225,0.001,17969
316,10.0,72920,0.05,7292,-0.22150000000000006,230,0.08786094933748245,0.001,17979
316,10.0,72960,0.05,7296,-0.256,230,0.12396349757909775,0.001,17989
316,10.0,73000,0.05,7300,-0.36550000000000005,230,0.14126917719841003,0.001,17999
316,10.0,73040,0.05,7304,-0.38100000000000006,230,0.061499081552028656,0.001,18009
316,10.0,73080,0.05,7308,-0.24300000000000005,230,0.08717252314090729,0.001,18019
316,10.0,73120,0.05,7312,-0.15350000000000003,230,0.11553381383419037,0.001,18029
316,10.0,73160,0.05,7316,-0.1685,231,0.10491190105676651,0.001,18039
316,10.0,73200,0.05,7320,-0.12299999999999996,231,0.10500042140483856,0.001,18049
316,10.0,73240,0.05,7324,-0.2165,231,0.1151411235332489,0.001,18059
316,10.0,73280,0.05,7328,-0.22399999999999998,231,0.3552127778530121,0.001,18069
316,10.0,73320,0.05,7332,-0.2395,231,0.2411944717168808,0.001,18079
316,10.0,73360,0.05,7336,-0.262,231,0.334179162979126,0.001,18089
317,10.0,73400,0.05,7340,-0.2335,231,0.0931040495634079,0.001,18099
317,10.0,73440,0.05,7344,-0.22349999999999998,231,0.1683535873889923,0.001,18109
317,10.0,73480,0.05,7348,-0.3575000000000001,231,0.10503040999174118,0.001,18119
317,10.0,73520,0.05,7352,-0.352,231,0.0867878720164299,0.001,18129
317,10.0,73560,0.05,7356,-0.38099999999999995,231,0.10166527330875397,0.001,18139
317,10.0,73600,0.05,7360,-0.36699999999999994,232,0.08970724046230316,0.001,18149
317,10.0,73640,0.05,7364,-0.4255,232,0.15865904092788696,0.001,18159
317,10.0,73680,0.05,7368,-0.38300000000000006,232,0.11594738066196442,0.001,18169
317,10.0,73720,0.05,7372,-0.4869999999999999,232,0.08679273724555969,0.001,18179
317,10.0,73760,0.05,7376,-0.49550000000000005,232,0.15123321115970612,0.001,18189
317,10.0,73800,0.05,7380,-0.556,232,0.083649180829525,0.001,18199
317,10.0,73840,0.05,7384,-0.4995000000000001,232,0.09243472665548325,0.001,18209
317,10.0,73880,0.05,7388,-0.51,232,0.07018052786588669,0.001,18219
317,10.0,73920,0.05,7392,-0.6315,232,0.06528983265161514,0.001,18229
317,10.0,73960,0.05,7396,-0.5724999999999999,232,0.2764262855052948,0.001,18239
317,10.0,74000,0.05,7400,-0.4284999999999999,232,0.12205077707767487,0.001,18249
317,10.0,74040,0.05,7404,-0.3969999999999999,233,0.1529035121202469,0.001,18259
317,10.0,74080,0.05,7408,-0.41050000000000003,233,0.3179229199886322,0.001,18269
317,10.0,74120,0.05,7412,-0.34850000000000003,233,0.16760559380054474,0.001,18279
317,10.0,74160,0.05,7416,-0.25900000000000006,233,0.10813896358013153,0.001,18289
317,10.0,74200,0.05,7420,-0.29100000000000004,233,0.3511194884777069,0.001,18299
317,10.0,74240,0.05,7424,-0.2315000000000001,233,0.05106677487492561,0.001,18309
318,10.0,74280,0.05,7428,-0.273,233,0.08103645592927933,0.001,18319
318,10.0,74320,0.05,7432,-0.15600000000000003,233,0.0988575741648674,0.001,18329
318,10.0,74360,0.05,7436,-0.17550000000000004,233,0.10772306472063065,0.001,18339
318,10.0,74400,0.05,7440,-0.20800000000000002,233,0.19863225519657135,0.001,18349
318,10.0,74440,0.05,7444,-0.29400000000000004,233,0.12727732956409454,0.001,18359
318,10.0,74480,0.05,7448,-0.09449999999999996,234,0.23056703805923462,0.001,18369
318,10.0,74520,0.05,7452,-0.0885,234,0.09323520958423615,0.001,18379
318,10.0,74560,0.05,7456,-0.047500000000000014,234,0.20803628861904144,0.001,18389
317,10.0,74600,0.05,7460,-0.066,234,0.07509913295507431,0.001,18399
317,10.0,74640,0.05,7464,-0.19699999999999995,234,0.0796746090054512,0.001,18409
317,10.0,74680,0.05,7468,-0.274,234,0.056066133081912994,0.001,18419
317,10.0,74720,0.05,7472,-0.24400000000000002,235,0.10651664435863495,0.001,18429
317,10.0,74760,0.05,7476,-0.24349999999999994,235,0.13822299242019653,0.001,18439
317,10.0,74800,0.05,7480,-0.26149999999999995,235,0.15641900897026062,0.001,18449
318,10.0,74840,0.05,7484,-0.3145,235,0.10061798244714737,0.001,18459
317,10.0,74880,0.05,7488,-0.348,235,0.09305912256240845,0.001,18469
317,10.0,74920,0.05,7492,-0.3025,235,0.09254923462867737,0.001,18479
317,10.0,74960,0.05,7496,-0.3215,235,0.09240622073411942,0.001,18489
317,10.0,75000,0.05,7500,-0.397,235,0.08063618093729019,0.001,18499
317,10.0,75040,0.05,7504,-0.4095000000000001,236,0.0890437662601471,0.001,18509
317,10.0,75080,0.05,7508,-0.4124999999999999,236,0.17193059623241425,0.001,18519
317,10.0,75120,0.05,7512,-0.4165,236,0.12058402597904205,0.001,18529
317,10.0,75160,0.05,7516,-0.591,236,0.12459377944469452,0.001,18539
317,10.0,75200,0.05,7520,-0.614,236,0.24077701568603516,0.001,18549
318,10.0,75240,0.05,7524,-0.7565000000000001,236,0.09621340781450272,0.001,18559
318,10.0,75280,0.05,7528,-0.806,236,0.09037500619888306,0.001,18569
318,10.0,75320,0.05,7532,-0.8384999999999999,236,0.09169863909482956,0.001,18579
318,10.0,75360,0.05,7536,-0.8539999999999999,236,0.07858721166849136,0.001,18589
318,10.0,75400,0.05,7540,-0.9570000000000001,237,0.15859685838222504,0.001,18599
318,10.0,75440,0.05,7544,-0.9135000000000001,237,0.28458014130592346,0.001,18609
318,10.0,75480,0.05,7548,-0.9104999999999999,237,0.29343074560165405,0.001,18619
318,10.0,75520,0.05,7552,-0.961,237,0.07622251659631729,0.001,18629
318,10.0,75560,0.05,7556,-0.9335000000000001,237,0.10758060216903687,0.001,18639
318,10.0,75600,0.05,7560,-0.9345,237,0.06608672440052032,0.001,18649
318,10.0,75640,0.05,7564,-0.8094999999999999,237,0.07849454879760742,0.001,18659
318,10.0,75680,0.05,7568,-0.7484999999999999,237,0.14246703684329987,0.001,18669
318,10.0,75720,0.05,7572,-0.5834999999999999,237,0.08694897592067719,0.001,18679
318,10.0,75760,0.05,7576,-0.5300000000000001,238,0.09037570655345917,0.001,18689
318,10.0,75800,0.05,7580,-0.47850000000000004,238,0.11826933920383453,0.001,18699
318,10.0,75840,0.05,7584,-0.49249999999999994,238,0.08806188404560089,0.001,18709
318,10.0,75880,0.05,7588,-0.348,238,0.1210775226354599,0.001,18719
318,10.0,75920,0.05,7592,-0.33299999999999996,238,0.09861559420824051,0.001,18729
318,10.0,75960,0.05,7596,-0.33099999999999996,238,0.3303006589412689,0.001,18739
318,10.0,76000,0.05,7600,-0.2500000000000001,238,0.2830573320388794,0.001,18749
318,10.0,76040,0.05,7604,-0.275,238,0.1994055062532425,0.001,18759
318,10.0,76080,0.05,7608,-0.2645,238,0.08040329813957214,0.001,18769
318,10.0,76120,0.05,7612,-0.326,239,0.2813211977481842,0.001,18779
318,10.0,76160,0.05,7616,-0.1685,239,0.10967663675546646,0.001,18789
318,10.0,76200,0.05,7620,-0.13499999999999998,239,0.08277148008346558,0.001,18799
318,10.0,76240,0.05,7624,0.04449999999999998,239,0.27611687779426575,0.001,18809
318,10.0,76280,0.05,7628,0.06499999999999997,239,0.13148783147335052,0.001,18819
318,10.0,76320,0.05,7632,0.12000000000000002,239,0.0795997679233551,0.001,18829
318,10.0,76360,0.05,7636,0.2065,239,0.12722551822662354,0.001,18839
318,10.0,76400,0.05,7640,0.418,239,0.1315954625606537,0.001,18849
318,10.0,76440,0.05,7644,0.48900000000000005,239,0.10672147572040558,0.001,18859
318,10.0,76480,0.05,7648,0.392,239,0.09210498631000519,0.001,18869
318,10.0,76520,0.05,7652,0.4525000000000001,240,0.12077028304338455,0.001,18879
318,10.0,76560,0.05,7656,0.391,240,0.12587672472000122,0.001,18889
318,10.0,76600,0.05,7660,0.4405000000000001,240,0.5427027940750122,0.001,18899
318,10.0,76640,0.05,7664,0.5379999999999999,240,0.1316731870174408,0.001,18909
318,10.0,76680,0.05,7668,0.5779999999999998,240,0.08786971122026443,0.001,18919
318,10.0,76720,0.05,7672,0.5644999999999999,240,0.12287268042564392,0.001,18929
318,10.0,76760,0.05,7676,0.5405000000000001,240,0.2712583541870117,0.001,18939
318,10.0,76800,0.05,7680,0.562,240,0.09914273768663406,0.001,18949
318,10.0,76840,0.05,7684,0.49300000000000005,240,0.1295338273048401,0.001,18959
318,10.0,76880,0.05,7688,0.4395000000000001,241,0.09048374742269516,0.001,18969
318,10.0,76920,0.05,7692,0.4245000000000001,241,0.09429188072681427,0.001,18979
319,10.0,76960,0.05,7696,0.4325,241,0.09572921693325043,0.001,18989
319,10.0,77000,0.05,7700,0.3575000000000001,241,0.10372389853000641,0.001,18999
319,10.0,77040,0.05,7704,0.4010000000000001,241,0.10861030966043472,0.001,19009
319,10.0,77080,0.05,7708,0.43099999999999994,241,0.0698251947760582,0.001,19019
319,10.0,77120,0.05,7712,0.46199999999999997,241,0.2914038300514221,0.001,19029
319,10.0,77160,0.05,7716,0.446,241,0.10096453875303268,0.001,19039
319,10.0,77200,0.05,7720,0.4675,241,0.2860512137413025,0.001,19049
319,10.0,77240,0.05,7724,0.42199999999999993,241,0.09144765138626099,0.001,19059
319,10.0,77280,0.05,7728,0.4184999999999999,242,0.10134939849376678,0.001,19069
319,10.0,77320,0.05,7732,0.33349999999999996,242,0.058575741946697235,0.001,19079
319,10.0,77360,0.05,7736,0.33799999999999997,242,0.08339215815067291,0.001,19089
319,10.0,77400,0.05,7740,0.2075,242,0.28283900022506714,0.001,19099
319,10.0,77440,0.05,7744,0.23399999999999999,242,0.07264093309640884,0.001,19109
319,10.0,77480,0.05,7748,0.2729999999999999,242,0.0743776187300682,0.001,19119
319,10.0,77520,0.05,7752,0.2975,242,0.13235625624656677,0.001,19129
319,10.0,77560,0.05,7756,0.2864999999999999,242,0.08703495562076569,0.001,19139
319,10.0,77600,0.05,7760,0.21299999999999994,242,0.38466623425483704,0.001,19149
319,10.0,77640,0.05,7764,0.17299999999999993,242,0.09033751487731934,0.001,19159
319,10.0,77680,0.05,7768,0.06699999999999996,243,0.09568645805120468,0.001,19169
319,10.0,77720,0.05,7772,0.025999999999999975,243,0.40023529529571533,0.001,19179
319,10.0,77760,0.05,7776,-0.09650000000000002,243,0.0850469097495079,0.001,19189
319,10.0,77800,0.05,7780,-0.11950000000000002,243,0.11685234308242798,0.001,19199
319,10.0,77840,0.05,7784,-0.07999999999999999,243,0.5014021992683411,0.001,19209
319,10.0,77880,0.05,7788,-0.12650000000000003,243,0.09327045828104019,0.001,19219
319,10.0,77920,0.05,7792,-0.1625,243,0.22192195057868958,0.001,19229
319,10.0,77960,0.05,7796,-0.153,243,0.44418153166770935,0.001,19239
319,10.0,78000,0.05,7800,-0.09450000000000001,243,0.439025342464447,0.001,19249
319,10.0,78040,0.05,7804,-0.056499999999999974,243,0.06657295674085617,0.001,19259
319,10.0,78080,0.05,7808,-0.13449999999999998,244,0.05357750505208969,0.001,19269
319,10.0,78120,0.05,7812,-0.1545,244,0.2753078043460846,0.001,19279
319,10.0,78160,0.05,7816,-0.11000000000000001,244,0.1366824209690094,0.001,19289
319,10.0,78200,0.05,7820,-0.11000000000000001,244,0.08274412900209427,0.001,19299
320,10.0,78240,0.05,7824,-0.14500000000000005,244,0.26137468218803406,0.001,19309
320,10.0,78280,0.05,7828,-0.1495,244,0.2676534056663513,0.001,19319
320,10.0,78320,0.05,7832,-0.16149999999999995,244,0.07689571380615234,0.001,19329
320,10.0,78360,0.05,7836,-0.07550000000000003,244,0.08688785135746002,0.001,19339
320,10.0,78400,0.05,7840,-0.03050000000000005,244,0.10552724450826645,0.001,19349
320,10.0,78440,0.05,7844,-0.10450000000000005,244,0.08812719583511353,0.001,19359
320,10.0,78480,0.05,7848,-0.017499999999999995,245,0.24385766685009003,0.001,19369
320,10.0,78520,0.05,7852,0.016000000000000014,245,0.3866824209690094,0.001,19379
320,10.0,78560,0.05,7856,0.0959999999999999,245,0.3556101620197296,0.001,19389
320,10.0,78600,0.05,7860,0.1814999999999999,245,0.08186572045087814,0.001,19399
320,10.0,78640,0.05,7864,0.09949999999999999,245,0.09580022841691971,0.001,19409
320,10.0,78680,0.05,7868,0.09549999999999997,245,0.06487046182155609,0.001,19419
320,10.0,78720,0.05,7872,0.0355,245,0.08187606185674667,0.001,19429
320,10.0,78760,0.05,7876,0.157,245,0.5309780836105347,0.001,19439
320,10.0,78800,0.05,7880,0.184,245,0.10158392041921616,0.001,19449
320,10.0,78840,0.05,7884,0.22399999999999992,245,0.09649927169084549,0.001,19459
320,10.0,78880,0.05,7888,0.22399999999999995,245,0.057023148983716965,0.001,19469
320,10.0,78920,0.05,7892,0.19000000000000003,246,0.09885039925575256,0.001,19479
320,10.0,78960,0.05,7896,0.17800000000000002,246,0.07740619033575058,0.001,19489
320,10.0,79000,0.05,7900,0.09800000000000003,246,0.09420832246541977,0.001,19499
320,10.0,79040,0.05,7904,0.098,246,0.0796857476234436,0.001,19509
320,10.0,79080,0.05,7908,0.10799999999999998,246,0.10291383415460587,0.001,19519
320,10.0,79120,0.05,7912,-0.024500000000000043,246,0.2872149646282196,0.001,19529
320,10.0,79160,0.05,7916,-0.04300000000000006,246,0.09529769420623779,0.001,19539
320,10.0,79200,0.05,7920,-0.06800000000000003,246,0.08696537464857101,0.001,19549
321,10.0,79240,0.05,7924,-0.005000000000000022,246,0.14787833392620087,0.001,19559
321,10.0,79280,0.05,7928,-0.016500000000000056,246,0.07415751367807388,0.001,19569
321,10.0,79320,0.05,7932,-0.05100000000000007,246,0.35869938135147095,0.001,19579
321,10.0,79360,0.05,7936,-0.15950000000000006,247,0.08136692643165588,0.001,19589
321,10.0,79400,0.05,7940,-0.17850000000000008,247,0.10223133116960526,0.001,19599
321,10.0,79440,0.05,7944,-0.12400000000000004,247,0.12881386280059814,0.001,19609
321,10.0,79480,0.05,7948,-0.16200000000000003,247,0.14754970371723175,0.001,19619
321,10.0,79520,0.05,7952,-0.1715,247,0.08036177605390549,0.001,19629
321,10.0,79560,0.05,7956,-0.24750000000000003,247,0.6157464981079102,0.001,19639
321,10.0,79600,0.05,7960,-0.22399999999999998,247,0.11821919679641724,0.001,19649
321,10.0,79640,0.05,7964,-0.14500000000000002,247,0.06330584734678268,0.001,19659
321,10.0,79680,0.05,7968,-0.1675,247,0.126624196767807,0.001,19669
321,10.0,79720,0.05,7972,-0.09450000000000003,247,0.08340658247470856,0.001,19679
321,10.0,79760,0.05,7976,-0.1475,248,0.09887540340423584,0.001,19689
321,10.0,79800,0.05,7980,-0.31200000000000006,248,0.07777433097362518,0.001,19699
321,10.0,79840,0.05,7984,-0.32499999999999996,248,0.12400289624929428,0.001,19709
321,10.0,79880,0.05,7988,-0.3415000000000001,248,0.08727289736270905,0.001,19719
321,10.0,79920,0.05,7992,-0.18100000000000008,248,0.1197299063205719,0.001,19729
321,10.0,79960,0.05,7996,-0.20000000000000004,248,0.2674122154712677,0.001,19739
321,10.0,80000,0.05,8000,-0.1725,248,0.11328902095556259,0.001,19749
321,10.0,80040,0.05,8004,-0.17400000000000004,248,0.0841124877333641,0.001,19759
321,10.0,80080,0.05,8008,-0.04250000000000008,248,0.15163365006446838,0.001,19769
321,10.0,80120,0.05,8012,0.05499999999999996,248,0.09358120709657669,0.001,19779
321,10.0,80160,0.05,8016,-0.018000000000000082,249,0.10739907622337341,0.001,19789
321,10.0,80200,0.05,8020,-0.036000000000000115,249,0.10440662503242493,0.001,19799
322,10.0,80240,0.05,8024,-0.06000000000000012,249,0.09811051189899445,0.001,19809
322,10.0,80280,0.05,8028,0.027499999999999948,249,0.08859367668628693,0.001,19819
322,10.0,80320,0.05,8032,0.11499999999999998,249,0.0783875361084938,0.001,19829
322,10.0,80360,0.05,8036,0.16699999999999995,249,0.07234927266836166,0.001,19839
322,10.0,80400,0.05,8040,0.19699999999999995,249,0.15264752507209778,0.001,19849
322,10.0,80440,0.05,8044,0.185,249,0.14464226365089417,0.001,19859
322,10.0,80480,0.05,8048,0.23,249,0.13000603020191193,0.001,19869
322,10.0,80520,0.05,8052,0.21049999999999996,249,0.429674357175827,0.001,19879
322,10.0,80560,0.05,8056,0.30299999999999994,249,0.21994198858737946,0.001,19889
322,10.0,80600,0.05,8060,0.24249999999999997,250,0.09159551560878754,0.001,19899
322,10.0,80640,0.05,8064,0.27349999999999997,250,0.09984887391328812,0.001,19909
322,10.0,80680,0.05,8068,0.33049999999999996,250,0.13092167675495148,0.001,19919
322,10.0,80720,0.05,8072,0.2615,250,0.08490744233131409,0.001,19929
322,10.0,80760,0.05,8076,0.23249999999999996,250,0.06279433518648148,0.001,19939
322,10.0,80800,0.05,8080,0.34749999999999986,250,0.07977867126464844,0.001,19949
322,10.0,80840,0.05,8084,0.314,251,0.07783839851617813,0.001,19959
321,10.0,80880,0.05,8088,0.35200000000000004,251,0.07250665873289108,0.001,19969
321,10.0,80920,0.05,8092,0.2754999999999999,251,0.07729431986808777,0.001,19979
321,10.0,80960,0.05,8096,0.31949999999999995,251,0.13140220940113068,0.001,19989
321,10.0,81000,0.05,8100,0.2955,251,0.08677829056978226,0.001,19999
321,10.0,81040,0.05,8104,0.2444999999999999,251,0.0863763689994812,0.001,20009
321,10.0,81080,0.05,8108,0.17749999999999996,252,0.07065165787935257,0.001,20019
321,10.0,81120,0.05,8112,0.22549999999999992,252,0.11132750660181046,0.001,20029
321,10.0,81160,0.05,8116,0.22549999999999998,252,0.07666626572608948,0.001,20039
321,10.0,81200,0.05,8120,0.19849999999999998,252,0.06641349196434021,0.001,20049
321,10.0,81240,0.05,8124,0.2595,252,0.10881198942661285,0.001,20059
321,10.0,81280,0.05,8128,0.12599999999999997,252,0.1480570286512375,0.001,20069
321,10.0,81320,0.05,8132,0.041499999999999954,253,0.06717938929796219,0.001,20079
321,10.0,81360,0.05,8136,0.014499999999999966,253,0.0865190401673317,0.001,20089
321,10.0,81400,0.05,8140,-0.06950000000000003,253,0.31371963024139404,0.001,20099
321,10.0,81440,0.05,8144,-0.09149999999999998,253,0.23872916400432587,0.001,20109
321,10.0,81480,0.05,8148,-0.15350000000000003,253,0.08809608221054077,0.001,20119
321,10.0,81520,0.05,8152,-0.24100000000000002,253,0.07456619292497635,0.001,20129
321,10.0,81560,0.05,8156,-0.4665000000000001,253,0.08502964675426483,0.001,20139
321,10.0,81600,0.05,8160,-0.4755,253,0.07828250527381897,0.001,20149
321,10.0,81640,0.05,8164,-0.607,254,0.08897958695888519,0.001,20159
321,10.0,81680,0.05,8168,-0.6285000000000001,254,0.09963041543960571,0.001,20169
321,10.0,81720,0.05,8172,-0.6405,254,0.14597879350185394,0.001,20179
321,10.0,81760,0.05,8176,-0.5445,254,0.1104297935962677,0.001,20189
321,10.0,81800,0.05,8180,-0.49000000000000016,254,0.04798295721411705,0.001,20199
321,10.0,81840,0.05,8184,-0.5375,254,0.08769445866346359,0.001,20209
321,10.0,81880,0.05,8188,-0.6345,254,0.16883257031440735,0.001,20219
321,10.0,81920,0.05,8192,-0.609,254,0.11191008985042572,0.001,20229
321,10.0,81960,0.05,8196,-0.6150000000000001,254,0.09049618989229202,0.001,20239
321,10.0,82000,0.05,8200,-0.5339999999999999,255,0.08522452414035797,0.001,20249
321,10.0,82040,0.05,8204,-0.575,255,0.10223255306482315,0.001,20259
321,10.0,82080,0.05,8208,-0.5575,255,0.07022105902433395,0.001,20269
321,10.0,82120,0.05,8212,-0.576,255,0.1022934541106224,0.001,20279
321,10.0,82160,0.05,8216,-0.4935,255,0.12878890335559845,0.001,20289
321,10.0,82200,0.05,8220,-0.41600000000000004,255,0.08377652615308762,0.001,20299
321,10.0,82240,0.05,8224,-0.48599999999999993,255,0.30842164158821106,0.001,20309
321,10.0,82280,0.05,8228,-0.48350000000000004,255,0.4918145537376404,0.001,20319
321,10.0,82320,0.05,8232,-0.4139999999999999,255,0.11283456534147263,0.001,20329
321,10.0,82360,0.05,8236,-0.45299999999999996,255,0.0911950096487999,0.001,20339
321,10.0,82400,0.05,8240,-0.4725,255,0.11781321465969086,0.001,20349
321,10.0,82440,0.05,8244,-0.528,256,0.08019625395536423,0.001,20359
322,10.0,82480,0.05,8248,-0.5145,256,0.08422191441059113,0.001,20369
322,10.0,82520,0.05,8252,-0.4345000000000001,256,0.17348025739192963,0.001,20379
322,10.0,82560,0.05,8256,-0.3505,256,0.11638978868722916,0.001,20389
322,10.0,82600,0.05,8260,-0.317,256,0.06885811686515808,0.001,20399
322,10.0,82640,0.05,8264,-0.21950000000000003,256,0.096931092441082,0.001,20409
322,10.0,82680,0.05,8268,-0.171,256,0.4575381875038147,0.001,20419
322,10.0,82720,0.05,8272,-0.18050000000000008,256,0.06669630110263824,0.001,20429
322,10.0,82760,0.05,8276,-0.2695000000000001,256,0.13728418946266174,0.001,20439
322,10.0,82800,0.05,8280,-0.2895000000000001,256,0.0855436772108078,0.001,20449
322,10.0,82840,0.05,8284,-0.192,256,0.04615343362092972,0.001,20459
322,10.0,82880,0.05,8288,-0.1075,257,0.07134260982275009,0.001,20469
322,10.0,82920,0.05,8292,-0.14400000000000002,257,0.10369854420423508,0.001,20479
322,10.0,82960,0.05,8296,-0.218,257,0.43832460045814514,0.001,20489
322,10.0,83000,0.05,8300,-0.19950000000000007,257,0.10403163731098175,0.001,20499
322,10.0,83040,0.05,8304,-0.1945,257,0.06907550990581512,0.001,20509
322,10.0,83080,0.05,8308,-0.3059999999999999,257,0.12911391258239746,0.001,20519
322,10.0,83120,0.05,8312,-0.31449999999999995,257,0.10085558146238327,0.001,20529
322,10.0,83160,0.05,8316,-0.29050000000000004,257,0.124922014772892,0.001,20539
322,10.0,83200,0.05,8320,-0.32599999999999996,257,0.09612368047237396,0.001,20549
322,10.0,83240,0.05,8324,-0.27899999999999997,257,0.06389258056879044,0.001,20559
322,10.0,83280,0.05,8328,-0.259,257,0.12765030562877655,0.001,20569
322,10.0,83320,0.05,8332,-0.21799999999999994,258,0.06726536154747009,0.001,20579
322,10.0,83360,0.05,8336,-0.25449999999999995,258,0.10073769837617874,0.001,20589
323,10.0,83400,0.05,8340,-0.23000000000000004,258,0.11950410902500153,0.001,20599
323,10.0,83440,0.05,8344,-0.1965,258,0.19059418141841888,0.001,20609
323,10.0,83480,0.05,8348,-0.17299999999999996,258,0.09851071983575821,0.001,20619
323,10.0,83520,0.05,8352,-0.2789999999999999,258,0.139475479722023,0.001,20629
323,10.0,83560,0.05,8356,-0.30950000000000005,258,0.07421224564313889,0.001,20639
323,10.0,83600,0.05,8360,-0.317,258,0.09959109127521515,0.001,20649
323,10.0,83640,0.05,8364,-0.2825,258,0.2207910269498825,0.001,20659
323,10.0,83680,0.05,8368,-0.30199999999999994,258,0.11003996431827545,0.001,20669
323,10.0,83720,0.05,8372,-0.23949999999999996,258,0.08752517402172089,0.001,20679
323,10.0,83760,0.05,8376,-0.20250000000000004,259,0.1119111105799675,0.001,20689
323,10.0,83800,0.05,8380,-0.20299999999999996,259,0.20638222992420197,0.001,20699
323,10.0,83840,0.05,8384,-0.22599999999999995,259,0.08685852587223053,0.001,20709
323,10.0,83880,0.05,8388,-0.20349999999999993,259,0.16698354482650757,0.001,20719
323,10.0,83920,0.05,8392,-0.16199999999999995,259,0.08309990912675858,0.001,20729
323,10.0,83960,0.05,8396,-0.05099999999999999,259,0.09384245425462723,0.001,20739
323,10.0,84000,0.05,8400,-0.07049999999999998,259,0.32240477204322815,0.001,20749
323,10.0,84040,0.05,8404,-0.042000000000000016,259,0.10491692274808884,0.001,20759
323,10.0,84080,0.05,8408,0.03800000000000006,259,0.07774695754051208,0.001,20769
323,10.0,84120,0.05,8412,-0.03299999999999995,259,0.10216837376356125,0.001,20779
323,10.0,84160,0.05,8416,-0.1385,259,0.0852281004190445,0.001,20789
323,10.0,84200,0.05,8420,-0.14699999999999996,260,0.0930304005742073,0.001,20799
323,10.0,84240,0.05,8424,-0.1625,260,0.7366347908973694,0.001,20809
323,10.0,84280,0.05,8428,-0.14250000000000002,260,0.10356896370649338,0.001,20819
323,10.0,84320,0.05,8432,-0.24299999999999997,260,0.089149609208107,0.001,20829
323,10.0,84360,0.05,8436,-0.18550000000000005,260,0.11173226684331894,0.001,20839
323,10.0,84400,0.05,8440,-0.0925,260,0.06362352520227432,0.001,20849
323,10.0,84440,0.05,8444,-0.1105,260,0.42061561346054077,0.001,20859
323,10.0,84480,0.05,8448,-0.149,260,0.1700812429189682,0.001,20869
323,10.0,84520,0.05,8452,-0.05699999999999998,260,0.09802840650081635,0.001,20879
323,10.0,84560,0.05,8456,0.13499999999999998,261,0.10088561475276947,0.001,20889
324,10.0,84600,0.05,8460,0.184,261,0.0903550535440445,0.001,20899
324,10.0,84640,0.05,8464,0.11600000000000002,261,0.1061028391122818,0.001,20909
324,10.0,84680,0.05,8468,0.1745,261,0.07455046474933624,0.001,20919
324,10.0,84720,0.05,8472,0.16049999999999998,261,0.08497912436723709,0.001,20929
324,10.0,84760,0.05,8476,0.14450000000000002,261,0.08329460769891739,0.001,20939
324,10.0,84800,0.05,8480,0.07700000000000004,261,0.22901254892349243,0.001,20949
324,10.0,84840,0.05,8484,0.10149999999999997,261,0.19149860739707947,0.001,20959
324,10.0,84880,0.05,8488,0.114,261,0.3189395070075989,0.001,20969
324,10.0,84920,0.05,8492,0.03649999999999998,261,0.17936889827251434,0.001,20979
324,10.0,84960,0.05,8496,-0.060500000000000054,261,0.08518781512975693,0.001,20989
324,10.0,85000,0.05,8500,-0.12100000000000004,262,0.21942570805549622,0.001,20999
324,10.0,85040,0.05,8504,-0.139,262,0.10156091302633286,0.001,21009
324,10.0,85080,0.05,8508,-0.188,262,0.08176987618207932,0.001,21019
324,10.0,85120,0.05,8512,-0.0845,262,0.26389506459236145,0.001,21029
324,10.0,85160,0.05,8516,-0.10800000000000001,262,0.10117129981517792,0.001,21039
324,10.0,85200,0.05,8520,-0.07900000000000001,262,0.3425278961658478,0.001,21049
324,10.0,85240,0.05,8524,-0.16449999999999998,262,0.1256006807088852,0.001,21059
324,10.0,85280,0.05,8528,-0.06600000000000003,263,0.05675717815756798,0.001,21069
324,10.0,85320,0.05,8532,-0.04400000000000003,263,0.14252927899360657,0.001,21079
324,10.0,85360,0.05,8536,-0.08950000000000002,263,0.0906524509191513,0.001,21089
324,10.0,85400,0.05,8540,-0.19700000000000004,263,0.20795917510986328,0.001,21099
324,10.0,85440,0.05,8544,-0.22500000000000006,263,0.1136474534869194,0.001,21109
323,10.0,85480,0.05,8548,-0.28800000000000003,263,0.0929151177406311,0.001,21119
323,10.0,85520,0.05,8552,-0.20850000000000002,264,0.17852658033370972,0.001,21129
323,10.0,85560,0.05,8556,-0.3335,264,0.08827190101146698,0.001,21139
323,10.0,85600,0.05,8560,-0.3829999999999999,264,0.3350924253463745,0.001,21149
323,10.0,85640,0.05,8564,-0.4579999999999999,264,0.7501674294471741,0.001,21159
324,10.0,85680,0.05,8568,-0.5505,264,0.09021414816379547,0.001,21169
323,10.0,85720,0.05,8572,-0.6545000000000001,264,0.119624063372612,0.001,21179
323,10.0,85760,0.05,8576,-0.6515000000000002,264,0.11229772120714188,0.001,21189
323,10.0,85800,0.05,8580,-0.5265000000000001,264,0.09173583984375,0.001,21199
323,10.0,85840,0.05,8584,-0.552,265,0.07605651766061783,0.001,21209
323,10.0,85880,0.05,8588,-0.5645,265,0.10240752249956131,0.001,21219
323,10.0,85920,0.05,8592,-0.536,265,0.09447900950908661,0.001,21229
323,10.0,85960,0.05,8596,-0.527,265,0.07262874394655228,0.001,21239
323,10.0,86000,0.05,8600,-0.517,265,0.17530366778373718,0.001,21249
323,10.0,86040,0.05,8604,-0.4685,265,0.24266493320465088,0.001,21259
323,10.0,86080,0.05,8608,-0.5035000000000001,265,0.09471672773361206,0.001,21269
323,10.0,86120,0.05,8612,-0.498,265,0.10272210091352463,0.001,21279
323,10.0,86160,0.05,8616,-0.5085000000000001,266,0.2636956572532654,0.001,21289
323,10.0,86200,0.05,8620,-0.5309999999999999,266,0.10524904727935791,0.001,21299
323,10.0,86240,0.05,8624,-0.5795000000000001,266,0.05851149559020996,0.001,21309
323,10.0,86280,0.05,8628,-0.67,266,0.07223496586084366,0.001,21319
323,10.0,86320,0.05,8632,-0.61,266,0.10829634964466095,0.001,21329
323,10.0,86360,0.05,8636,-0.5535000000000001,267,0.1221349686384201,0.001,21339
323,10.0,86400,0.05,8640,-0.49700000000000005,267,0.13906310498714447,0.001,21349
322,10.0,86440,0.05,8644,-0.5145000000000001,267,0.21299387514591217,0.001,21359
322,10.0,86480,0.05,8648,-0.3990000000000001,267,0.0930798128247261,0.001,21369
322,10.0,86520,0.05,8652,-0.5319999999999999,268,0.1154424175620079,0.001,21379
322,10.0,86560,0.05,8656,-0.469,268,0.0924304723739624,0.001,21389
322,10.0,86600,0.05,8660,-0.45449999999999996,268,0.06650267541408539,0.001,21399
322,10.0,86640,0.05,8664,-0.34550000000000003,268,0.11876927316188812,0.001,21409
322,10.0,86680,0.05,8668,-0.29100000000000004,269,0.11623018234968185,0.001,21419
322,10.0,86720,0.05,8672,-0.17950000000000002,269,0.10837959498167038,0.001,21429
322,10.0,86760,0.05,8676,-0.08599999999999997,269,0.21229028701782227,0.001,21439
321,10.0,86800,0.05,8680,-0.12400000000000003,269,0.08922835439443588,0.001,21449
321,10.0,86840,0.05,8684,-0.08850000000000001,269,0.057229187339544296,0.001,21459
321,10.0,86880,0.05,8688,-0.18549999999999994,270,0.22108525037765503,0.001,21469
321,10.0,86920,0.05,8692,-0.159,270,0.08984796702861786,0.001,21479
321,10.0,86960,0.05,8696,-0.22149999999999997,270,0.09756648540496826,0.001,21489
321,10.0,87000,0.05,8700,-0.24800000000000005,270,0.09429524093866348,0.001,21499
321,10.0,87040,0.05,8704,-0.21300000000000005,270,0.08438166230916977,0.001,21509
321,10.0,87080,0.05,8708,-0.07550000000000001,270,0.10023142397403717,0.001,21519
321,10.0,87120,0.05,8712,-0.034500000000000024,271,0.15031664073467255,0.001,21529
321,10.0,87160,0.05,8716,-0.0055000000000000075,271,0.1545812338590622,0.001,21539
321,10.0,87200,0.05,8720,0.07449999999999997,271,0.1692184954881668,0.001,21549
321,10.0,87240,0.05,8724,0.19499999999999992,271,0.1292496919631958,0.001,21559
321,10.0,87280,0.05,8728,0.2175,271,0.24715545773506165,0.001,21569
321,10.0,87320,0.05,8732,0.154,271,0.2124861478805542,0.001,21579
321,10.0,87360,0.05,8736,0.20549999999999993,272,0.07555311918258667,0.001,21589
321,10.0,87400,0.05,8740,0.23700000000000007,272,0.0791575163602829,0.001,21599
321,10.0,87440,0.05,8744,0.2595,272,0.10113590955734253,0.001,21609
321,10.0,87480,0.05,8748,0.2195000000000001,272,0.12095312774181366,0.001,21619
321,10.0,87520,0.05,8752,0.33400000000000013,272,0.10572300106287003,0.001,21629
320,10.0,87560,0.05,8756,0.30150000000000005,272,0.06555898487567902,0.001,21639
320,10.0,87600,0.05,8760,0.3285,273,0.08858808130025864,0.001,21649
320,10.0,87640,0.05,8764,0.29250000000000004,273,0.0906730443239212,0.001,21659
320,10.0,87680,0.05,8768,0.2975,273,0.07403384149074554,0.001,21669
320,10.0,87720,0.05,8772,0.23449999999999996,273,0.09708472341299057,0.001,21679
320,10.0,87760,0.05,8776,0.2035,273,0.0755949467420578,0.001,21689
320,10.0,87800,0.05,8780,0.2005,273,0.09113670140504837,0.001,21699
320,10.0,87840,0.05,8784,0.1625,273,0.12081398069858551,0.001,21709
320,10.0,87880,0.05,8788,0.18750000000000008,274,0.336283415555954,0.001,21719
320,10.0,87920,0.05,8792,0.09150000000000005,274,0.06956537067890167,0.001,21729
320,10.0,87960,0.05,8796,0.22649999999999995,274,0.11210857331752777,0.001,21739
320,10.0,88000,0.05,8800,0.20149999999999996,274,0.11556614190340042,0.001,21749
320,10.0,88040,0.05,8804,0.020500000000000025,274,0.17181313037872314,0.001,21759
320,10.0,88080,0.05,8808,-0.0735,274,0.09936302900314331,0.001,21769
320,10.0,88120,0.05,8812,-0.18349999999999997,274,0.07086077332496643,0.001,21779
320,10.0,88160,0.05,8816,-0.07749999999999996,275,0.07193540036678314,0.001,21789
320,10.0,88200,0.05,8820,-0.2245,275,0.11219333857297897,0.001,21799
320,10.0,88240,0.05,8824,-0.2595,275,0.30570656061172485,0.001,21809
320,10.0,88280,0.05,8828,-0.23000000000000007,275,0.07944133877754211,0.001,21819
320,10.0,88320,0.05,8832,-0.2145,275,0.05741135776042938,0.001,21829
320,10.0,88360,0.05,8836,-0.23299999999999993,275,0.19066764414310455,0.001,21839
320,10.0,88400,0.05,8840,-0.32099999999999995,276,0.10152428597211838,0.001,21849
320,10.0,88440,0.05,8844,-0.2900000000000001,276,0.07965891063213348,0.001,21859
320,10.0,88480,0.05,8848,-0.1895000000000001,276,0.11213569343090057,0.001,21869
320,10.0,88520,0.05,8852,-0.23850000000000005,276,0.08857762813568115,0.001,21879
320,10.0,88560,0.05,8856,-0.2875,276,0.0875471904873848,0.001,21889
320,10.0,88600,0.05,8860,-0.3525,276,0.08049995452165604,0.001,21899
320,10.0,88640,0.05,8864,-0.33149999999999996,276,0.11533816903829575,0.001,21909
320,10.0,88680,0.05,8868,-0.3240000000000001,276,0.28743597865104675,0.001,21919
320,10.0,88720,0.05,8872,-0.2715000000000001,277,0.11972928047180176,0.001,21929
320,10.0,88760,0.05,8876,-0.337,277,0.25441163778305054,0.001,21939
320,10.0,88800,0.05,8880,-0.36700000000000005,277,0.06132393330335617,0.001,21949
320,10.0,88840,0.05,8884,-0.43700000000000006,277,0.06765943020582199,0.001,21959
320,10.0,88880,0.05,8888,-0.3325,277,0.11867618560791016,0.001,21969
320,10.0,88920,0.05,8892,-0.3335,277,0.06593121588230133,0.001,21979
320,10.0,88960,0.05,8896,-0.4330000000000001,277,0.1383635550737381,0.001,21989
320,10.0,89000,0.05,8900,-0.324,278,0.07598366588354111,0.001,21999
320,10.0,89040,0.05,8904,-0.23300000000000004,278,0.06711919605731964,0.001,22009
320,10.0,89080,0.05,8908,-0.20050000000000007,278,0.05540430173277855,0.001,22019
320,10.0,89120,0.05,8912,-0.196,278,0.11593523621559143,0.001,22029
319,10.0,89160,0.05,8916,-0.307,278,0.27931663393974304,0.001,22039
319,10.0,89200,0.05,8920,-0.1665,278,0.08105970919132233,0.001,22049
319,10.0,89240,0.05,8924,-0.12500000000000003,278,0.326006144285202,0.001,22059
319,10.0,89280,0.05,8928,-0.17149999999999999,279,0.08705504238605499,0.001,22069
319,10.0,89320,0.05,8932,-0.21099999999999997,279,0.08826097846031189,0.001,22079
319,10.0,89360,0.05,8936,-0.3525000000000001,279,0.07401381433010101,0.001,22089
320,10.0,89400,0.05,8940,-0.30850000000000005,279,0.08477383852005005,0.001,22099
319,10.0,89440,0.05,8944,-0.43750000000000006,279,0.0743379220366478,0.001,22109
319,10.0,89480,0.05,8948,-0.462,279,0.07357028871774673,0.001,22119
319,10.0,89520,0.05,8952,-0.5365,279,0.1114613488316536,0.001,22129
319,10.0,89560,0.05,8956,-0.5605,279,0.13157710433006287,0.001,22139
319,10.0,89600,0.05,8960,-0.5355000000000001,280,0.12378659099340439,0.001,22149
319,10.0,89640,0.05,8964,-0.51,280,0.09248876571655273,0.001,22159
319,10.0,89680,0.05,8968,-0.43500000000000005,280,0.3506637215614319,0.001,22169
319,10.0,89720,0.05,8972,-0.4755,280,0.0948578268289566,0.001,22179
319,10.0,89760,0.05,8976,-0.44749999999999995,280,0.07380174100399017,0.001,22189
319,10.0,89800,0.05,8980,-0.38000000000000006,280,0.09094081819057465,0.001,22199
319,10.0,89840,0.05,8984,-0.31050000000000005,281,0.05717211589217186,0.001,22209
319,10.0,89880,0.05,8988,-0.4145000000000001,281,0.08661069720983505,0.001,22219
319,10.0,89920,0.05,8992,-0.3435,281,0.09300418943166733,0.001,22229
319,10.0,89960,0.05,8996,-0.3285,281,0.09994535148143768,0.001,22239
319,10.0,90000,0.05,9000,-0.33000000000000007,281,0.10440459847450256,0.001,22249
319,10.0,90040,0.05,9004,-0.3635000000000001,281,0.11244958639144897,0.001,22259
319,10.0,90080,0.05,9008,-0.3450000000000001,281,0.10364191234111786,0.001,22269
319,10.0,90120,0.05,9012,-0.43050000000000005,281,0.12519903481006622,0.001,22279
319,10.0,90160,0.05,9016,-0.31,282,0.1127077117562294,0.001,22289
319,10.0,90200,0.05,9020,-0.3425,282,0.0871967002749443,0.001,22299
319,10.0,90240,0.05,9024,-0.36950000000000005,282,0.19322560727596283,0.001,22309
319,10.0,90280,0.05,9028,-0.33000000000000007,283,0.07767750322818756,0.001,22319
318,10.0,90320,0.05,9032,-0.2935,283,0.10310745239257812,0.001,22329
318,10.0,90360,0.05,9036,-0.1595,283,0.3276524245738983,0.001,22339
318,10.0,90400,0.05,9040,-0.18600000000000003,283,0.13872231543064117,0.001,22349
318,10.0,90440,0.05,9044,0.07600000000000001,283,0.28255510330200195,0.001,22359
318,10.0,90480,0.05,9048,0.06450000000000006,284,0.26531606912612915,0.001,22369
318,10.0,90520,0.05,9052,0.040500000000000036,284,0.08562464267015457,0.001,22379
318,10.0,90560,0.05,9056,0.18950000000000003,284,0.08894328773021698,0.001,22389
318,10.0,90600,0.05,9060,0.24799999999999997,284,0.1122983917593956,0.001,22399
317,10.0,90640,0.05,9064,0.23149999999999987,285,0.05809660255908966,0.001,22409
317,10.0,90680,0.05,9068,0.13949999999999999,285,0.053121063858270645,0.001,22419
317,10.0,90720,0.05,9072,0.14100000000000001,285,0.13293248414993286,0.001,22429
317,10.0,90760,0.05,9076,0.1335,285,0.10178825259208679,0.001,22439
317,10.0,90800,0.05,9080,0.14,285,0.3676757216453552,0.001,22449
317,10.0,90840,0.05,9084,0.1845,286,0.07219474017620087,0.001,22459
317,10.0,90880,0.05,9088,0.08349999999999998,286,0.2135683000087738,0.001,22469
317,10.0,90920,0.05,9092,0.12299999999999996,286,0.09640967845916748,0.001,22479
317,10.0,90960,0.05,9096,0.17199999999999996,286,0.14417868852615356,0.001,22489
317,10.0,91000,0.05,9100,0.13849999999999998,286,0.08507288992404938,0.001,22499
317,10.0,91040,0.05,9104,0.24199999999999997,286,0.09577249735593796,0.001,22509
317,10.0,91080,0.05,9108,0.24600000000000002,287,1.1392513513565063,0.001,22519
317,10.0,91120,0.05,9112,0.3765,287,0.11331436038017273,0.001,22529
317,10.0,91160,0.05,9116,0.266,287,0.08152489364147186,0.001,22539
317,10.0,91200,0.05,9120,0.24100000000000002,287,0.418907105922699,0.001,22549
317,10.0,91240,0.05,9124,0.16599999999999995,287,0.12329836934804916,0.001,22559
317,10.0,91280,0.05,9128,0.10099999999999999,287,0.12918880581855774,0.001,22569
317,10.0,91320,0.05,9132,0.10850000000000001,288,0.08468600362539291,0.001,22579
316,10.0,91360,0.05,9136,0.0019999999999999875,288,0.09530191123485565,0.001,22589
316,10.0,91400,0.05,9140,-0.005500000000000022,288,0.09435664117336273,0.001,22599
316,10.0,91440,0.05,9144,-0.04750000000000003,288,0.06670953333377838,0.001,22609
316,10.0,91480,0.05,9148,-0.142,288,0.14531104266643524,0.001,22619
316,10.0,91520,0.05,9152,-0.12150000000000005,288,0.10015381872653961,0.001,22629
317,10.0,91560,0.05,9156,-0.2360000000000001,288,0.06855658441781998,0.001,22639
316,10.0,91600,0.05,9160,-0.3215,288,0.08084200322628021,0.001,22649
317,10.0,91640,0.05,9164,-0.379,289,0.08684480935335159,0.001,22659
317,10.0,91680,0.05,9168,-0.4639999999999999,289,0.11732520163059235,0.001,22669
317,10.0,91720,0.05,9172,-0.4749999999999999,289,0.32665959000587463,0.001,22679
317,10.0,91760,0.05,9176,-0.4825000000000001,289,0.07508620619773865,0.001,22689
317,10.0,91800,0.05,9180,-0.5569999999999999,289,0.10462797433137894,0.001,22699
317,10.0,91840,0.05,9184,-0.5985,289,0.10299372673034668,0.001,22709
317,10.0,91880,0.05,9188,-0.44400000000000006,289,0.3126092553138733,0.001,22719
316,10.0,91920,0.05,9192,-0.49800000000000005,290,0.10443392395973206,0.001,22729
316,10.0,91960,0.05,9196,-0.5350000000000001,290,0.0986667200922966,0.001,22739
316,10.0,92000,0.05,9200,-0.5390000000000001,290,0.1074957475066185,0.001,22749
316,10.0,92040,0.05,9204,-0.6635000000000001,290,0.10533998906612396,0.001,22759
316,10.0,92080,0.05,9208,-0.7079999999999999,290,0.3044466972351074,0.001,22769
316,10.0,92120,0.05,9212,-0.7505,290,0.09932343661785126,0.001,22779
316,10.0,92160,0.05,9216,-0.7750000000000001,290,0.11385662108659744,0.001,22789
316,10.0,92200,0.05,9220,-0.7279999999999999,291,0.10733573138713837,0.001,22799
316,10.0,92240,0.05,9224,-0.6039999999999999,291,0.10947272926568985,0.001,22809
316,10.0,92280,0.05,9228,-0.6645,291,0.09522506594657898,0.001,22819
316,10.0,92320,0.05,9232,-0.6145,291,0.07574991136789322,0.001,22829
316,10.0,92360,0.05,9236,-0.5940000000000001,291,0.28880035877227783,0.001,22839
316,10.0,92400,0.05,9240,-0.5869999999999999,291,0.0837509036064148,0.001,22849
316,10.0,92440,0.05,9244,-0.6669999999999999,291,0.06974177807569504,0.001,22859
316,10.0,92480,0.05,9248,-0.7274999999999998,292,0.24417880177497864,0.001,22869
316,10.0,92520,0.05,9252,-0.5684999999999999,292,0.0786827877163887,0.001,22879
316,10.0,92560,0.05,9256,-0.4774999999999999,292,0.094716876745224,0.001,22889
316,10.0,92600,0.05,9260,-0.4514999999999999,292,0.08780858665704727,0.001,22899
316,10.0,92640,0.05,9264,-0.387,292,0.09500222653150558,0.001,22909
316,10.0,92680,0.05,9268,-0.21099999999999997,292,0.09224352985620499,0.001,22919
316,10.0,92720,0.05,9272,-0.12649999999999997,292,0.10388504713773727,0.001,22929
316,10.0,92760,0.05,9276,-0.052000000000000005,292,0.34035569429397583,0.001,22939
316,10.0,92800,0.05,9280,-0.017999999999999995,292,0.08172021061182022,0.001,22949
316,10.0,92840,0.05,9284,-0.04499999999999999,292,0.07794643938541412,0.001,22959
316,10.0,92880,0.05,9288,-0.015000000000000027,293,0.08610241115093231,0.001,22969
317,10.0,92920,0.05,9292,-0.02950000000000003,293,0.10144666582345963,0.001,22979
317,10.0,92960,0.05,9296,-0.083,293,0.1165696531534195,0.001,22989
317,10.0,93000,0.05,9300,-0.165,293,0.07081470638513565,0.001,22999
317,10.0,93040,0.05,9304,-0.10450000000000005,293,0.15458698570728302,0.001,23009
317,10.0,93080,0.05,9308,-0.1365,293,0.09609001129865646,0.001,23019
317,10.0,93120,0.05,9312,-0.1185,293,0.20453546941280365,0.001,23029
317,10.0,93160,0.05,9316,-0.006499999999999973,293,0.20051616430282593,0.001,23039
317,10.0,93200,0.05,9320,-0.022499999999999964,293,0.06982158124446869,0.001,23049
317,10.0,93240,0.05,9324,-0.025499999999999995,293,0.10709068924188614,0.001,23059
317,10.0,93280,0.05,9328,0.063,293,0.06296447664499283,0.001,23069
317,10.0,93320,0.05,9332,-0.020999999999999987,294,0.26891183853149414,0.001,23079
317,10.0,93360,0.05,9336,0.07400000000000001,294,0.07427393645048141,0.001,23089
317,10.0,93400,0.05,9340,0.13249999999999998,294,0.11261794716119766,0.001,23099
317,10.0,93440,0.05,9344,0.09149999999999993,294,0.09053394198417664,0.001,23109
317,10.0,93480,0.05,9348,0.295,294,0.12562574446201324,0.001,23119
317,10.0,93520,0.05,9352,0.16949999999999998,294,0.07327904552221298,0.001,23129
317,10.0,93560,0.05,9356,0.18549999999999997,294,0.07686449587345123,0.001,23139
317,10.0,93600,0.05,9360,0.16349999999999998,294,0.09282930195331573,0.001,23149
317,10.0,93640,0.05,9364,0.1125,294,0.0717913955450058,0.001,23159
317,10.0,93680,0.05,9368,0.030000000000000023,294,0.09105724841356277,0.001,23169
317,10.0,93720,0.05,9372,-0.08100000000000002,295,0.06917653977870941,0.001,23179
317,10.0,93760,0.05,9376,-0.18200000000000002,295,0.10961884260177612,0.001,23189
317,10.0,93800,0.05,9380,-0.24000000000000005,295,0.22175233066082,0.001,23199
317,10.0,93840,0.05,9384,-0.22,295,0.08109189569950104,0.001,23209
317,10.0,93880,0.05,9388,-0.303,295,0.0844850242137909,0.001,23219
317,10.0,93920,0.05,9392,-0.27649999999999997,295,0.10600072145462036,0.001,23229
317,10.0,93960,0.05,9396,-0.2240000000000001,295,0.16934864223003387,0.001,23239
317,10.0,94000,0.05,9400,-0.12200000000000005,295,0.3692770302295685,0.001,23249
317,10.0,94040,0.05,9404,-0.10250000000000008,295,0.07662708312273026,0.001,23259
317,10.0,94080,0.05,9408,-0.04100000000000005,295,0.20737102627754211,0.001,23269
317,10.0,94120,0.05,9412,-0.12800000000000003,296,0.09821830689907074,0.001,23279
317,10.0,94160,0.05,9416,-0.2345,296,0.10127913951873779,0.001,23289
317,10.0,94200,0.05,9420,-0.27899999999999997,296,0.18038928508758545,0.001,23299
317,10.0,94240,0.05,9424,-0.26599999999999996,296,0.10540933161973953,0.001,23309
317,10.0,94280,0.05,9428,-0.2425,296,0.18558210134506226,0.001,23319
317,10.0,94320,0.05,9432,-0.24,296,0.5429441928863525,0.001,23329
318,10.0,94360,0.05,9436,-0.32049999999999995,296,0.26167091727256775,0.001,23339
318,10.0,94400,0.05,9440,-0.3775,296,0.1423991173505783,0.001,23349
318,10.0,94440,0.05,9444,-0.33049999999999996,296,0.058520346879959106,0.001,23359
318,10.0,94480,0.05,9448,-0.44549999999999995,297,0.10681413859128952,0.001,23369
318,10.0,94520,0.05,9452,-0.4035,297,0.06724298000335693,0.001,23379
317,10.0,94560,0.05,9456,-0.514,297,0.07796160131692886,0.001,23389
317,10.0,94600,0.05,9460,-0.45,297,0.12329934537410736,0.001,23399
317,10.0,94640,0.05,9464,-0.4235,297,0.08222635090351105,0.001,23409
317,10.0,94680,0.05,9468,-0.37450000000000006,297,0.11507260054349899,0.001,23419
317,10.0,94720,0.05,9472,-0.284,298,0.28423696756362915,0.001,23429
317,10.0,94760,0.05,9476,-0.27099999999999996,298,0.06709004938602448,0.001,23439
317,10.0,94800,0.05,9480,-0.231,298,0.06979292631149292,0.001,23449
317,10.0,94840,0.05,9484,-0.20149999999999998,298,0.12271054089069366,0.001,23459
317,10.0,94880,0.05,9488,-0.26549999999999996,299,0.07537500560283661,0.001,23469
317,10.0,94920,0.05,9492,-0.2059999999999999,299,0.10200158506631851,0.001,23479
317,10.0,94960,0.05,9496,-0.16599999999999995,299,0.13900527358055115,0.001,23489
317,10.0,95000,0.05,9500,-0.22999999999999995,299,0.09115305542945862,0.001,23499
316,10.0,95040,0.05,9504,-0.247,299,0.08872383087873459,0.001,23509
316,10.0,95080,0.05,9508,-0.31749999999999995,300,0.11474377661943436,0.001,23519
316,10.0,95120,0.05,9512,-0.272,300,0.07894377410411835,0.001,23529
316,10.0,95160,0.05,9516,-0.2554999999999999,300,0.09907899051904678,0.001,23539
316,10.0,95200,0.05,9520,-0.24799999999999994,300,0.09602794051170349,0.001,23549
316,10.0,95240,0.05,9524,-0.3159999999999999,301,0.05557597801089287,0.001,23559
316,10.0,95280,0.05,9528,-0.40699999999999986,301,0.07178983092308044,0.001,23569
316,10.0,95320,0.05,9532,-0.33849999999999997,301,0.16364067792892456,0.001,23579
316,10.0,95360,0.05,9536,-0.23099999999999998,301,0.126226007938385,0.001,23589
315,10.0,95400,0.05,9540,-0.16199999999999992,301,0.15947772562503815,0.001,23599
315,10.0,95440,0.05,9544,-0.1519999999999999,302,0.07138710469007492,0.001,23609
315,10.0,95480,0.05,9548,-0.08949999999999994,302,0.0902535542845726,0.001,23619
315,10.0,95520,0.05,9552,-0.032500000000000015,302,0.0969759076833725,0.001,23629
315,10.0,95560,0.05,9556,0.06299999999999996,302,0.074458546936512,0.001,23639
315,10.0,95600,0.05,9560,0.05950000000000001,302,0.10047698020935059,0.001,23649
315,10.0,95640,0.05,9564,0.08199999999999998,303,0.194983571767807,0.001,23659
315,10.0,95680,0.05,9568,0.02949999999999999,303,0.08664306998252869,0.001,23669
315,10.0,95720,0.05,9572,0.06850000000000002,303,0.11949294060468674,0.001,23679
315,10.0,95760,0.05,9576,0.08250000000000002,303,0.09159489721059799,0.001,23689
315,10.0,95800,0.05,9580,0.1305,303,0.09081399440765381,0.001,23699
315,10.0,95840,0.05,9584,0.07900000000000003,303,0.20417846739292145,0.001,23709
315,10.0,95880,0.05,9588,0.18799999999999997,303,0.09330690652132034,0.001,23719
315,10.0,95920,0.05,9592,0.12749999999999997,304,0.08550959825515747,0.001,23729
315,10.0,95960,0.05,9596,0.17299999999999993,304,0.11437346041202545,0.001,23739
315,10.0,96000,0.05,9600,0.2365,304,0.12019337713718414,0.001,23749
315,10.0,96040,0.05,9604,0.23700000000000002,304,0.094644695520401,0.001,23759
315,10.0,96080,0.05,9608,0.31299999999999994,304,0.067680224776268,0.001,23769
315,10.0,96120,0.05,9612,0.48249999999999993,304,0.07174699008464813,0.001,23779
315,10.0,96160,0.05,9616,0.5315,304,0.21478420495986938,0.001,23789
315,10.0,96200,0.05,9620,0.485,304,0.10216618329286575,0.001,23799
315,10.0,96240,0.05,9624,0.501,305,0.1192726343870163,0.001,23809
315,10.0,96280,0.05,9628,0.5650000000000001,305,0.07431744039058685,0.001,23819
315,10.0,96320,0.05,9632,0.576,305,0.07595491409301758,0.001,23829
315,10.0,96360,0.05,9636,0.466,305,0.15426182746887207,0.001,23839
315,10.0,96400,0.05,9640,0.4865,305,0.05586385726928711,0.001,23849
315,10.0,96440,0.05,9644,0.46699999999999997,305,0.18411006033420563,0.001,23859
315,10.0,96480,0.05,9648,0.4099999999999999,306,0.0963752418756485,0.001,23869
315,10.0,96520,0.05,9652,0.2669999999999999,306,0.07695017755031586,0.001,23879
315,10.0,96560,0.05,9656,0.19199999999999995,306,0.08173461258411407,0.001,23889
315,10.0,96600,0.05,9660,0.10749999999999998,306,0.054180532693862915,0.001,23899
315,10.0,96640,0.05,9664,0.0975,306,0.11812801659107208,0.001,23909
315,10.0,96680,0.05,9668,0.08599999999999994,306,0.5321887731552124,0.001,23919
315,10.0,96720,0.05,9672,0.00449999999999994,306,0.08649784326553345,0.001,23929
315,10.0,96760,0.05,9676,0.027000000000000003,306,0.13275250792503357,0.001,23939
315,10.0,96800,0.05,9680,-0.12099999999999998,307,0.09507526457309723,0.001,23949
315,10.0,96840,0.05,9684,-0.1085,307,0.12079634517431259,0.001,23959
315,10.0,96880,0.05,9688,-0.1775,307,0.09758415818214417,0.001,23969
315,10.0,96920,0.05,9692,-0.1845,307,0.1031428873538971,0.001,23979
315,10.0,96960,0.05,9696,-0.218,307,0.09540070593357086,0.001,23989
315,10.0,97000,0.05,9700,-0.28800000000000003,307,0.06456880271434784,0.001,23999
315,10.0,97040,0.05,9704,-0.319,307,0.1442755162715912,0.001,24009
315,10.0,97080,0.05,9708,-0.316,308,0.11931522190570831,0.001,24019
314,10.0,97120,0.05,9712,-0.34,308,0.08561955392360687,0.001,24029
314,10.0,97160,0.05,9716,-0.3055,308,0.21873615682125092,0.001,24039
314,10.0,97200,0.05,9720,-0.25349999999999995,308,0.21594764292240143,0.001,24049
314,10.0,97240,0.05,9724,-0.20600000000000002,308,0.09767446666955948,0.001,24059
314,10.0,97280,0.05,9728,-0.24900000000000003,308,0.16832368075847626,0.001,24069
314,10.0,97320,0.05,9732,-0.38549999999999995,309,0.19375169277191162,0.001,24079
314,10.0,97360,0.05,9736,-0.2889999999999999,309,0.059074461460113525,0.001,24089
314,10.0,97400,0.05,9740,-0.2705,309,0.12050922214984894,0.001,24099
314,10.0,97440,0.05,9744,-0.29899999999999993,309,0.23221001029014587,0.001,24109
314,10.0,97480,0.05,9748,-0.26949999999999996,309,0.07547586411237717,0.001,24119
314,10.0,97520,0.05,9752,-0.157,309,0.13853946328163147,0.001,24129
314,10.0,97560,0.05,9756,-0.09799999999999998,309,0.095119908452034,0.001,24139
314,10.0,97600,0.05,9760,-0.05299999999999993,309,0.08622577786445618,0.001,24149
314,10.0,97640,0.05,9764,-0.1134999999999999,310,0.09382770955562592,0.001,24159
314,10.0,97680,0.05,9768,-0.03749999999999989,310,0.1597704291343689,0.001,24169
314,10.0,97720,0.05,9772,-0.034499999999999933,310,0.23832717537879944,0.001,24179
314,10.0,97760,0.05,9776,0.01100000000000008,310,0.08568649739027023,0.001,24189
314,10.0,97800,0.05,9780,0.15250000000000002,310,0.2328316867351532,0.001,24199
314,10.0,97840,0.05,9784,0.22899999999999998,310,0.08883226662874222,0.001,24209
314,10.0,97880,0.05,9788,0.24449999999999997,311,0.07870657742023468,0.001,24219
314,10.0,97920,0.05,9792,0.26649999999999996,311,0.09649484604597092,0.001,24229
314,10.0,97960,0.05,9796,0.16850000000000004,311,0.07640960812568665,0.001,24239
314,10.0,98000,0.05,9800,0.16950000000000007,311,0.08461160212755203,0.001,24249
314,10.0,98040,0.05,9804,0.12750000000000003,311,0.11387232691049576,0.001,24259
314,10.0,98080,0.05,9808,0.051000000000000024,311,0.08842623978853226,0.001,24269
314,10.0,98120,0.05,9812,-0.08050000000000004,312,0.07997789978981018,0.001,24279
314,10.0,98160,0.05,9816,-0.17500000000000004,312,0.16626854240894318,0.001,24289
314,10.0,98200,0.05,9820,-0.1955,312,0.08126901835203171,0.001,24299
314,10.0,98240,0.05,9824,-0.22099999999999995,312,0.13138090074062347,0.001,24309
314,10.0,98280,0.05,9828,-0.22399999999999998,312,0.08141687512397766,0.001,24319
314,10.0,98320,0.05,9832,-0.11199999999999997,312,0.07359260320663452,0.001,24329
314,10.0,98360,0.05,9836,-0.2065,312,0.1838371455669403,0.001,24339
314,10.0,98400,0.05,9840,-0.27199999999999996,312,0.07782872021198273,0.001,24349
314,10.0,98440,0.05,9844,-0.2984999999999999,312,0.07540180534124374,0.001,24359
314,10.0,98480,0.05,9848,-0.34099999999999997,313,0.2816087603569031,0.001,24369
314,10.0,98520,0.05,9852,-0.4715,313,0.16632215678691864,0.001,24379
314,10.0,98560,0.05,9856,-0.47950000000000004,313,0.10662301629781723,0.001,24389
314,10.0,98600,0.05,9860,-0.43650000000000005,313,0.09534056484699249,0.001,24399
314,10.0,98640,0.05,9864,-0.42649999999999993,313,0.2052750438451767,0.001,24409
314,10.0,98680,0.05,9868,-0.5519999999999999,313,0.08758161962032318,0.001,24419
314,10.0,98720,0.05,9872,-0.5365,313,0.32134681940078735,0.001,24429
314,10.0,98760,0.05,9876,-0.7289999999999999,314,0.06588893383741379,0.001,24439
314,10.0,98800,0.05,9880,-0.7574999999999998,314,0.0868707075715065,0.001,24449
314,10.0,98840,0.05,9884,-0.774,314,0.2611888647079468,0.001,24459
314,10.0,98880,0.05,9888,-0.7409999999999998,314,0.10129136592149734,0.001,24469
314,10.0,98920,0.05,9892,-0.8269999999999998,314,0.06351234763860703,0.001,24479
314,10.0,98960,0.05,9896,-0.7829999999999998,314,0.2503705322742462,0.001,24489
314,10.0,99000,0.05,9900,-0.7655,315,0.10703662037849426,0.001,24499
314,10.0,99040,0.05,9904,-0.6139999999999999,315,0.07996269315481186,0.001,24509
314,10.0,99080,0.05,9908,-0.537,315,0.35639554262161255,0.001,24519
314,10.0,99120,0.05,9912,-0.4685,315,0.12849846482276917,0.001,24529
314,10.0,99160,0.05,9916,-0.371,315,0.08910058438777924,0.001,24539
314,10.0,99200,0.05,9920,-0.3739999999999999,315,0.07700905203819275,0.001,24549
314,10.0,99240,0.05,9924,-0.4195,315,0.05732056125998497,0.001,24559
314,10.0,99280,0.05,9928,-0.3819999999999999,316,0.08344876021146774,0.001,24569
313,10.0,99320,0.05,9932,-0.3615,316,0.07533802837133408,0.001,24579
313,10.0,99360,0.05,9936,-0.3335,316,0.06419254094362259,0.001,24589
313,10.0,99400,0.05,9940,-0.29100000000000004,316,0.15345172584056854,0.001,24599
313,10.0,99440,0.05,9944,-0.18099999999999997,316,0.07582796365022659,0.001,24609
313,10.0,99480,0.05,9948,-0.10300000000000001,317,0.09532329440116882,0.001,24619
313,10.0,99520,0.05,9952,-0.0015000000000000412,317,0.09136296063661575,0.001,24629
313,10.0,99560,0.05,9956,0.0034999999999999654,317,0.08709488809108734,0.001,24639
313,10.0,99600,0.05,9960,-0.11899999999999998,317,0.10323922336101532,0.001,24649
313,10.0,99640,0.05,9964,0.03600000000000002,317,0.06906943768262863,0.001,24659
313,10.0,99680,0.05,9968,0.09000000000000005,317,0.1617840677499771,0.001,24669
313,10.0,99720,0.05,9972,0.08000000000000003,317,0.13983601331710815,0.001,24679
313,10.0,99760,0.05,9976,0.26349999999999996,317,0.0739305317401886,0.001,24689
313,10.0,99800,0.05,9980,0.2195,318,0.16292695701122284,0.001,24699
313,10.0,99840,0.05,9984,0.153,318,0.07160521298646927,0.001,24709
313,10.0,99880,0.05,9988,0.102,318,0.08513413369655609,0.001,24719
313,10.0,99920,0.05,9992,0.22399999999999998,318,0.09204380959272385,0.001,24729
313,10.0,99960,0.05,9996,0.275,318,0.06863302737474442,0.001,24739
313,10.0,100000,0.05,10000,0.28300000000000003,318,0.07012102007865906,0.001,24749
313,10.0,100040,0.05,10004,0.25299999999999995,318,0.08135521411895752,0.001,24759
313,10.0,100080,0.05,10008,0.23799999999999996,318,0.1223876029253006,0.001,24769
313,10.0,100120,0.05,10012,0.139,318,0.14189888536930084,0.001,24779
313,10.0,100160,0.05,10016,0.07749999999999999,319,0.06640222668647766,0.001,24789
313,10.0,100200,0.05,10020,0.15399999999999994,319,0.07950115203857422,0.001,24799
313,10.0,100240,0.05,10024,0.22499999999999998,319,0.14206191897392273,0.001,24809
313,10.0,100280,0.05,10028,0.19349999999999998,319,0.20065701007843018,0.001,24819
314,10.0,100320,0.05,10032,0.16149999999999998,319,0.11257922649383545,0.001,24829
314,10.0,100360,0.05,10036,0.1905,319,0.25156646966934204,0.001,24839
314,10.0,100400,0.05,10040,0.09550000000000003,319,0.061394259333610535,0.001,24849
314,10.0,100440,0.05,10044,0.04099999999999999,319,0.5014737248420715,0.001,24859
314,10.0,100480,0.05,10048,0.005499999999999976,319,0.08323612809181213,0.001,24869
314,10.0,100520,0.05,10052,-0.019500000000000007,319,0.1729484647512436,0.001,24879
314,10.0,100560,0.05,10056,-0.04549999999999999,320,0.18004685640335083,0.001,24889
314,10.0,100600,0.05,10060,-0.09849999999999999,320,0.09339765459299088,0.001,24899
314,10.0,100640,0.05,10064,-0.18900000000000006,320,0.11348932981491089,0.001,24909
314,10.0,100680,0.05,10068,-0.1710000000000001,320,0.0793013945221901,0.001,24919
314,10.0,100720,0.05,10072,-0.29600000000000004,320,0.1973130702972412,0.001,24929
314,10.0,100760,0.05,10076,-0.3555,320,0.08902205526828766,0.001,24939
314,10.0,100800,0.05,10080,-0.33399999999999996,320,0.08291201293468475,0.001,24949
314,10.0,100840,0.05,10084,-0.34050000000000014,320,0.16498354077339172,0.001,24959
314,10.0,100880,0.05,10088,-0.24800000000000005,321,0.16752846539020538,0.001,24969
314,10.0,100920,0.05,10092,-0.38150000000000006,321,0.2127867043018341,0.001,24979
314,10.0,100960,0.05,10096,-0.36750000000000005,321,0.058358706533908844,0.001,24989
314,10.0,101000,0.05,10100,-0.35800000000000004,321,0.09554369002580643,0.001,24999
314,10.0,101040,0.05,10104,-0.36700000000000005,321,0.06062130257487297,0.001,25009
314,10.0,101080,0.05,10108,-0.43500000000000016,321,0.09180838614702225,0.001,25019
314,10.0,101120,0.05,10112,-0.3080000000000001,321,0.08905595541000366,0.001,25029
314,10.0,101160,0.05,10116,-0.20300000000000012,321,0.10260870307683945,0.001,25039
314,10.0,101200,0.05,10120,-0.21800000000000005,321,0.09526622295379639,0.001,25049
314,10.0,101240,0.05,10124,-0.22899999999999998,321,0.1007719337940216,0.001,25059
314,10.0,101280,0.05,10128,-0.17250000000000004,322,0.09020835906267166,0.001,25069
314,10.0,101320,0.05,10132,-0.19749999999999995,322,0.07670091092586517,0.001,25079
314,10.0,101360,0.05,10136,-0.24599999999999997,322,0.10329670459032059,0.001,25089
314,10.0,101400,0.05,10140,-0.18349999999999997,322,0.18905267119407654,0.001,25099
314,10.0,101440,0.05,10144,-0.06999999999999992,322,0.08118101209402084,0.001,25109
314,10.0,101480,0.05,10148,-0.08549999999999994,322,0.09703519940376282,0.001,25119
314,10.0,101520,0.05,10152,-0.057499999999999954,322,0.18429473042488098,0.001,25129
314,10.0,101560,0.05,10156,-0.05449999999999993,323,0.07553456723690033,0.001,25139
314,10.0,101600,0.05,10160,0.12900000000000003,323,0.20663581788539886,0.001,25149
314,10.0,101640,0.05,10164,0.10550000000000002,323,0.20517325401306152,0.001,25159
314,10.0,101680,0.05,10168,0.10199999999999998,323,0.217687726020813,0.001,25169
314,10.0,101720,0.05,10172,0.20399999999999996,323,0.0806102380156517,0.001,25179
314,10.0,101760,0.05,10176,0.20149999999999998,323,0.3339717984199524,0.001,25189
314,10.0,101800,0.05,10180,0.12899999999999992,324,0.0517888180911541,0.001,25199
314,10.0,101840,0.05,10184,0.14099999999999993,324,0.13690616190433502,0.001,25209
314,10.0,101880,0.05,10188,0.16949999999999996,324,0.09547501802444458,0.001,25219
314,10.0,101920,0.05,10192,0.2794999999999999,324,0.10466386377811432,0.001,25229
313,10.0,101960,0.05,10196,0.2659999999999999,324,0.050784964114427567,0.001,25239
313,10.0,102000,0.05,10200,0.14849999999999988,324,0.06772672384977341,0.001,25249
313,10.0,102040,0.05,10204,0.04199999999999994,325,0.4770815372467041,0.001,25259
313,10.0,102080,0.05,10208,0.16399999999999992,325,0.1388736516237259,0.001,25269
314,10.0,102120,0.05,10212,0.10849999999999996,325,0.06962668895721436,0.001,25279
314,10.0,102160,0.05,10216,0.01549999999999999,325,0.11955135315656662,0.001,25289
314,10.0,102200,0.05,10220,0.09549999999999999,325,0.10459062457084656,0.001,25299
314,10.0,102240,0.05,10224,0.015000000000000006,325,0.08349917083978653,0.001,25309
313,10.0,102280,0.05,10228,0.07900000000000003,325,0.08958365023136139,0.001,25319
313,10.0,102320,0.05,10232,0.09399999999999999,325,0.07994139194488525,0.001,25329
313,10.0,102360,0.05,10236,0.062499999999999944,326,0.06481708586215973,0.001,25339
313,10.0,102400,0.05,10240,0.034499999999999996,326,0.1809646487236023,0.001,25349
313,10.0,102440,0.05,10244,-0.05400000000000001,326,0.09178981184959412,0.001,25359
313,10.0,102480,0.05,10248,-0.056999999999999995,326,0.07739975303411484,0.001,25369
313,10.0,102520,0.05,10252,-0.05499999999999998,326,0.2290741354227066,0.001,25379
313,10.0,102560,0.05,10256,-0.1465,326,0.06999128311872482,0.001,25389
313,10.0,102600,0.05,10260,-0.18249999999999997,326,0.10020457208156586,0.001,25399
313,10.0,102640,0.05,10264,-0.20550000000000004,327,0.06398766487836838,0.001,25409
313,10.0,102680,0.05,10268,-0.18750000000000003,327,0.08869864791631699,0.001,25419
313,10.0,102720,0.05,10272,-0.22150000000000003,327,0.0936761200428009,0.001,25429
313,10.0,102760,0.05,10276,-0.21600000000000008,327,0.07414145767688751,0.001,25439
313,10.0,102800,0.05,10280,-0.18200000000000013,327,0.0974411889910698,0.001,25449
313,10.0,102840,0.05,10284,-0.16750000000000015,327,0.07992498576641083,0.001,25459
313,10.0,102880,0.05,10288,-0.23900000000000005,327,0.15861763060092926,0.001,25469
313,10.0,102920,0.05,10292,-0.3395,327,0.1123851090669632,0.001,25479
314,10.0,102960,0.05,10296,-0.41300000000000003,327,0.21678195893764496,0.001,25489
314,10.0,103000,0.05,10300,-0.2265000000000001,327,0.06402376294136047,0.001,25499
314,10.0,103040,0.05,10304,-0.24300000000000005,328,0.10091061890125275,0.001,25509
314,10.0,103080,0.05,10308,-0.27249999999999996,328,0.4627265930175781,0.001,25519
314,10.0,103120,0.05,10312,-0.2675,328,0.07147523760795593,0.001,25529
314,10.0,103160,0.05,10316,-0.245,328,0.1130489856004715,0.001,25539
314,10.0,103200,0.05,10320,-0.449,328,0.08418651670217514,0.001,25549
314,10.0,103240,0.05,10324,-0.35950000000000004,328,0.14901451766490936,0.001,25559
314,10.0,103280,0.05,10328,-0.4445000000000001,328,0.07885214686393738,0.001,25569
314,10.0,103320,0.05,10332,-0.4425,328,0.5503103137016296,0.001,25579
314,10.0,103360,0.05,10336,-0.45400000000000007,328,0.09004086256027222,0.001,25589
314,10.0,103400,0.05,10340,-0.4600000000000001,328,0.07036902755498886,0.001,25599
314,10.0,103440,0.05,10344,-0.562,329,0.14694441854953766,0.001,25609
314,10.0,103480,0.05,10348,-0.49700000000000016,329,0.08981740474700928,0.001,25619
314,10.0,103520,0.05,10352,-0.5065000000000002,329,0.10128931701183319,0.001,25629
314,10.0,103560,0.05,10356,-0.431,329,0.09102682769298553,0.001,25639
314,10.0,103600,0.05,10360,-0.3965000000000001,329,0.064948670566082,0.001,25649
314,10.0,103640,0.05,10364,-0.462,329,0.19487802684307098,0.001,25659
314,10.0,103680,0.05,10368,-0.4910000000000001,329,0.09155157208442688,0.001,25669
314,10.0,103720,0.05,10372,-0.4775,329,0.09333905577659607,0.001,25679
314,10.0,103760,0.05,10376,-0.4905,329,0.4420122504234314,0.001,25689
314,10.0,103800,0.05,10380,-0.4149999999999999,329,0.0988645851612091,0.001,25699
314,10.0,103840,0.05,10384,-0.42300000000000004,330,0.24838419258594513,0.001,25709
314,10.0,103880,0.05,10388,-0.37900000000000006,330,0.07490009069442749,0.001,25719
314,10.0,103920,0.05,10392,-0.3055,330,0.1019866019487381,0.001,25729
314,10.0,103960,0.05,10396,-0.22949999999999998,330,0.1862926036119461,0.001,25739
314,10.0,104000,0.05,10400,-0.25499999999999995,330,0.2888730466365814,0.001,25749
314,10.0,104040,0.05,10404,-0.127,330,0.25192132592201233,0.001,25759
314,10.0,104080,0.05,10408,-0.31000000000000005,331,0.06531602889299393,0.001,25769
314,10.0,104120,0.05,10412,-0.2940000000000001,331,0.16675600409507751,0.001,25779
314,10.0,104160,0.05,10416,-0.33550000000000013,331,0.08611106872558594,0.001,25789
314,10.0,104200,0.05,10420,-0.248,331,0.2558445930480957,0.001,25799
314,10.0,104240,0.05,10424,-0.2515,331,0.12100599706172943,0.001,25809
314,10.0,104280,0.05,10428,-0.2515,331,0.07646725326776505,0.001,25819
314,10.0,104320,0.05,10432,-0.26349999999999996,332,0.14176762104034424,0.001,25829
314,10.0,104360,0.05,10436,-0.03450000000000004,332,0.08948122709989548,0.001,25839
314,10.0,104400,0.05,10440,0.051500000000000004,332,0.29544445872306824,0.001,25849
314,10.0,104440,0.05,10444,0.14900000000000002,332,0.061840493232011795,0.001,25859
314,10.0,104480,0.05,10448,0.1425,332,0.24880243837833405,0.001,25869
314,10.0,104520,0.05,10452,0.168,332,0.13857050240039825,0.001,25879
314,10.0,104560,0.05,10456,0.1725,332,0.1968391090631485,0.001,25889
314,10.0,104600,0.05,10460,0.15499999999999997,333,0.10019805282354355,0.001,25899
314,10.0,104640,0.05,10464,0.268,333,0.1817743182182312,0.001,25909
314,10.0,104680,0.05,10468,0.32000000000000006,333,0.08302749693393707,0.001,25919
314,10.0,104720,0.05,10472,0.38,333,0.07167873531579971,0.001,25929
313,10.0,104760,0.05,10476,0.4935,333,0.06862175464630127,0.001,25939
313,10.0,104800,0.05,10480,0.5149999999999999,333,0.09221959114074707,0.001,25949
313,10.0,104840,0.05,10484,0.5015,333,0.191244438290596,0.001,25959
313,10.0,104880,0.05,10488,0.4645,334,0.07019376754760742,0.001,25969
313,10.0,104920,0.05,10492,0.5914999999999999,334,0.08229097723960876,0.001,25979
313,10.0,104960,0.05,10496,0.5529999999999998,334,0.32139337062835693,0.001,25989
313,10.0,105000,0.05,10500,0.5355,334,0.07106918096542358,0.001,25999
313,10.0,105040,0.05,10504,0.47700000000000004,334,0.19168496131896973,0.001,26009
314,10.0,105080,0.05,10508,0.685,334,0.11657444387674332,0.001,26019
314,10.0,105120,0.05,10512,0.6875,334,0.08205337822437286,0.001,26029
314,10.0,105160,0.05,10516,0.6009999999999999,334,0.13599903881549835,0.001,26039
314,10.0,105200,0.05,10520,0.5755,334,0.15707188844680786,0.001,26049
314,10.0,105240,0.05,10524,0.6255,335,0.07301201671361923,0.001,26059
314,10.0,105280,0.05,10528,0.6920000000000001,335,0.11036596447229385,0.001,26069
314,10.0,105320,0.05,10532,0.684,335,0.07828401774168015,0.001,26079
314,10.0,105360,0.05,10536,0.505,335,0.10197994112968445,0.001,26089
314,10.0,105400,0.05,10540,0.4105,335,0.1105978861451149,0.001,26099
314,10.0,105440,0.05,10544,0.353,335,0.06099635735154152,0.001,26109
314,10.0,105480,0.05,10548,0.31799999999999995,335,0.09021283686161041,0.001,26119
314,10.0,105520,0.05,10552,0.2595,335,0.06492072343826294,0.001,26129
314,10.0,105560,0.05,10556,0.31,335,0.08060182631015778,0.001,26139
314,10.0,105600,0.05,10560,0.23699999999999996,335,0.06535933911800385,0.001,26149
314,10.0,105640,0.05,10564,0.24750000000000003,335,0.17944608628749847,0.001,26159
314,10.0,105680,0.05,10568,0.16549999999999992,336,0.1120622456073761,0.001,26169
314,10.0,105720,0.05,10572,0.22599999999999998,336,0.07461521029472351,0.001,26179
314,10.0,105760,0.05,10576,0.19049999999999997,336,0.0802459865808487,0.001,26189
314,10.0,105800,0.05,10580,0.16999999999999993,336,0.2877979278564453,0.001,26199
314,10.0,105840,0.05,10584,0.17900000000000002,336,0.08273899555206299,0.001,26209
314,10.0,105880,0.05,10588,0.15850000000000006,336,0.4454704523086548,0.001,26219
314,10.0,105920,0.05,10592,0.018500000000000003,336,0.049652568995952606,0.001,26229
314,10.0,105960,0.05,10596,0.007999999999999962,336,0.09867465496063232,0.001,26239
314,10.0,106000,0.05,10600,-0.05549999999999999,336,0.11146097630262375,0.001,26249
314,10.0,106040,0.05,10604,-0.01349999999999998,336,0.11662428081035614,0.001,26259
314,10.0,106080,0.05,10608,-0.04050000000000002,337,0.17224474251270294,0.001,26269
314,10.0,106120,0.05,10612,-0.02300000000000002,337,0.14387285709381104,0.001,26279
314,10.0,106160,0.05,10616,0.1325,337,0.09872142225503922,0.001,26289
314,10.0,106200,0.05,10620,0.1145,337,0.05176575109362602,0.001,26299
314,10.0,106240,0.05,10624,-0.027000000000000014,337,0.14309170842170715,0.001,26309
314,10.0,106280,0.05,10628,0.00849999999999999,337,0.08451154828071594,0.001,26319
314,10.0,106320,0.05,10632,0.07999999999999996,337,0.28250256180763245,0.001,26329
314,10.0,106360,0.05,10636,0.03949999999999995,337,0.4286590814590454,0.001,26339
314,10.0,106400,0.05,10640,0.10850000000000003,337,0.06820999085903168,0.001,26349
314,10.0,106440,0.05,10644,0.06300000000000004,337,0.284710168838501,0.001,26359
314,10.0,106480,0.05,10648,0.009500000000000083,338,0.058525945991277695,0.001,26369
314,10.0,106520,0.05,10652,0.06400000000000008,338,0.1458311676979065,0.001,26379
315,10.0,106560,0.05,10656,0.04650000000000005,338,0.08657527714967728,0.001,26389
315,10.0,106600,0.05,10660,0.07250000000000002,338,0.09208175539970398,0.001,26399
315,10.0,106640,0.05,10664,0.012999999999999963,338,0.10124053806066513,0.001,26409
315,10.0,106680,0.05,10668,-0.07000000000000002,338,0.3316211700439453,0.001,26419
315,10.0,106720,0.05,10672,-0.08050000000000007,338,0.0949617400765419,0.001,26429
315,10.0,106760,0.05,10676,-0.13850000000000007,338,0.095869280397892,0.001,26439
315,10.0,106800,0.05,10680,-0.05950000000000004,338,0.07088823616504669,0.001,26449
315,10.0,106840,0.05,10684,0.07149999999999998,338,0.10948065668344498,0.001,26459
315,10.0,106880,0.05,10688,0.11249999999999996,339,0.07481086999177933,0.001,26469
315,10.0,106920,0.05,10692,0.1295,339,0.10414690524339676,0.001,26479
315,10.0,106960,0.05,10696,0.10400000000000002,339,0.08419089019298553,0.001,26489
315,10.0,107000,0.05,10700,0.25150000000000006,339,0.05665280297398567,0.001,26499
315,10.0,107040,0.05,10704,0.21650000000000003,339,0.08361075818538666,0.001,26509
315,10.0,107080,0.05,10708,0.15649999999999997,339,0.08212362229824066,0.001,26519
315,10.0,107120,0.05,10712,0.115,339,0.09921126067638397,0.001,26529
315,10.0,107160,0.05,10716,0.17549999999999996,339,0.06234090030193329,0.001,26539
315,10.0,107200,0.05,10720,0.1825,339,0.20819653570652008,0.001,26549
315,10.0,107240,0.05,10724,0.3195,339,0.08886896073818207,0.001,26559
315,10.0,107280,0.05,10728,0.2725000000000001,340,0.05628008767962456,0.001,26569
315,10.0,107320,0.05,10732,0.24100000000000005,340,0.0820917934179306,0.001,26579
315,10.0,107360,0.05,10736,0.2995,340,0.07068028301000595,0.001,26589
315,10.0,107400,0.05,10740,0.21800000000000005,340,0.10223512351512909,0.001,26599
315,10.0,107440,0.05,10744,0.2815,340,0.057258982211351395,0.001,26609
315,10.0,107480,0.05,10748,0.27299999999999996,340,0.10096298158168793,0.001,26619
315,10.0,107520,0.05,10752,0.23700000000000002,341,0.08070727437734604,0.001,26629
315,10.0,107560,0.05,10756,0.20350000000000004,341,0.1426485776901245,0.001,26639
315,10.0,107600,0.05,10760,0.1575,341,0.0943588837981224,0.001,26649
315,10.0,107640,0.05,10764,0.1895,341,0.11597709357738495,0.001,26659
315,10.0,107680,0.05,10768,0.2965,341,0.1187899261713028,0.001,26669
315,10.0,107720,0.05,10772,0.22149999999999997,341,0.09061607718467712,0.001,26679
315,10.0,107760,0.05,10776,0.19399999999999992,341,0.05964083597064018,0.001,26689
315,10.0,107800,0.05,10780,0.11299999999999986,341,0.08019622415304184,0.001,26699
315,10.0,107840,0.05,10784,-0.009000000000000048,341,0.2850343883037567,0.001,26709
315,10.0,107880,0.05,10788,0.04299999999999997,342,0.11124313622713089,0.001,26719
315,10.0,107920,0.05,10792,0.03199999999999998,342,0.11535190045833588,0.001,26729
315,10.0,107960,0.05,10796,0.10399999999999995,342,0.07680860161781311,0.001,26739
315,10.0,108000,0.05,10800,-0.07700000000000001,342,0.38518473505973816,0.001,26749
315,10.0,108040,0.05,10804,-0.06749999999999996,342,0.28519514203071594,0.001,26759
315,10.0,108080,0.05,10808,-0.012499999999999895,342,0.0817616805434227,0.001,26769
315,10.0,108120,0.05,10812,-0.10099999999999992,342,0.08158837258815765,0.001,26779
315,10.0,108160,0.05,10816,-0.259,342,0.12685196101665497,0.001,26789
315,10.0,108200,0.05,10820,-0.22400000000000003,342,0.09963382035493851,0.001,26799
315,10.0,108240,0.05,10824,-0.25800000000000006,342,0.08681479841470718,0.001,26809
315,10.0,108280,0.05,10828,-0.28350000000000003,343,0.08881235122680664,0.001,26819
315,10.0,108320,0.05,10832,-0.32650000000000007,343,0.17976680397987366,0.001,26829
315,10.0,108360,0.05,10836,-0.26900000000000013,343,0.08157047629356384,0.001,26839
315,10.0,108400,0.05,10840,-0.29,343,0.20730945467948914,0.001,26849
315,10.0,108440,0.05,10844,-0.22799999999999998,343,0.09742677211761475,0.001,26859
315,10.0,108480,0.05,10848,-0.2615,343,0.1261865645647049,0.001,26869
315,10.0,108520,0.05,10852,-0.25000000000000006,343,0.10445408523082733,0.001,26879
315,10.0,108560,0.05,10856,-0.25350000000000006,343,0.10936114937067032,0.001,26889
315,10.0,108600,0.05,10860,-0.16299999999999998,343,0.0829571783542633,0.001,26899
315,10.0,108640,0.05,10864,-0.12749999999999997,343,1.6284878253936768,0.001,26909
315,10.0,108680,0.05,10868,-0.12949999999999995,344,0.08813725411891937,0.001,26919
315,10.0,108720,0.05,10872,-0.09250000000000004,344,0.07530465722084045,0.001,26929
315,10.0,108760,0.05,10876,-0.09750000000000009,344,0.21401935815811157,0.001,26939
315,10.0,108800,0.05,10880,-0.09100000000000008,344,0.09802329540252686,0.001,26949
316,10.0,108840,0.05,10884,-0.05600000000000007,344,0.08080961555242538,0.001,26959
316,10.0,108880,0.05,10888,-0.16650000000000006,344,0.09580564498901367,0.001,26969
316,10.0,108920,0.05,10892,-0.15250000000000002,344,0.073008693754673,0.001,26979
316,10.0,108960,0.05,10896,-0.11750000000000003,344,0.12044252455234528,0.001,26989
316,10.0,109000,0.05,10900,-0.01900000000000006,344,0.08534631133079529,0.001,26999
316,10.0,109040,0.05,10904,0.006499999999999933,344,0.09679706394672394,0.001,27009
316,10.0,109080,0.05,10908,-0.00900000000000005,345,0.07263903319835663,0.001,27019
316,10.0,109120,0.05,10912,0.0055000000000000075,345,0.0543549545109272,0.001,27029
316,10.0,109160,0.05,10916,0.051500000000000004,345,0.07100044190883636,0.001,27039
316,10.0,109200,0.05,10920,-0.08350000000000005,345,0.07412722706794739,0.001,27049
316,10.0,109240,0.05,10924,-0.09450000000000004,345,0.12325838953256607,0.001,27059
316,10.0,109280,0.05,10928,-0.07400000000000002,345,0.15490522980690002,0.001,27069
316,10.0,109320,0.05,10932,-0.05749999999999995,345,0.2606862783432007,0.001,27079
316,10.0,109360,0.05,10936,-0.07299999999999995,345,0.06817854940891266,0.001,27089
316,10.0,109400,0.05,10940,0.011500000000000005,345,0.09342754632234573,0.001,27099
316,10.0,109440,0.05,10944,-0.08200000000000002,345,0.22113388776779175,0.001,27109
316,10.0,109480,0.05,10948,0.04049999999999995,345,0.126151904463768,0.001,27119
316,10.0,109520,0.05,10952,0.026499999999999985,346,0.11239420622587204,0.001,27129
316,10.0,109560,0.05,10956,0.07399999999999998,346,0.0823197141289711,0.001,27139
316,10.0,109600,0.05,10960,0.03749999999999999,346,0.09315311908721924,0.001,27149
316,10.0,109640,0.05,10964,0.1075,346,0.08111155778169632,0.001,27159
316,10.0,109680,0.05,10968,0.09949999999999998,346,0.12631194293498993,0.001,27169
316,10.0,109720,0.05,10972,0.11699999999999998,346,0.10148061811923981,0.001,27179
316,10.0,109760,0.05,10976,0.08849999999999998,346,0.09843714535236359,0.001,27189
316,10.0,109800,0.05,10980,0.014499999999999968,347,0.2895895540714264,0.001,27199
316,10.0,109840,0.05,10984,-0.0195,347,0.0775112733244896,0.001,27209
316,10.0,109880,0.05,10988,0.03599999999999999,347,0.07635490596294403,0.001,27219
316,10.0,109920,0.05,10992,0.014499999999999942,347,0.08210808038711548,0.001,27229
316,10.0,109960,0.05,10996,-0.02200000000000011,347,0.26414328813552856,0.001,27239
316,10.0,110000,0.05,11000,0.01499999999999988,347,0.10796359181404114,0.001,27249
316,10.0,110040,0.05,11004,0.0004999999999999094,348,0.08573697507381439,0.001,27259
316,10.0,110080,0.05,11008,-0.010500000000000056,348,0.11194762587547302,0.001,27269
315,10.0,110120,0.05,11012,0.159,348,0.10364476591348648,0.001,27279
315,10.0,110160,0.05,11016,0.19999999999999996,348,0.08040887117385864,0.001,27289
315,10.0,110200,0.05,11020,0.3404999999999999,348,0.07828708738088608,0.001,27299
315,10.0,110240,0.05,11024,0.32549999999999996,348,0.09869052469730377,0.001,27309
315,10.0,110280,0.05,11028,0.29400000000000004,349,0.09393201023340225,0.001,27319
315,10.0,110320,0.05,11032,0.27449999999999997,349,0.07886004447937012,0.001,27329
315,10.0,110360,0.05,11036,0.21900000000000003,349,0.14689292013645172,0.001,27339
315,10.0,110400,0.05,11040,0.18900000000000006,349,0.143865704536438,0.001,27349
315,10.0,110440,0.05,11044,0.20050000000000004,349,0.25813519954681396,0.001,27359
315,10.0,110480,0.05,11048,0.13900000000000004,349,0.10160928219556808,0.001,27369
315,10.0,110520,0.05,11052,0.13,349,0.3760288655757904,0.001,27379
315,10.0,110560,0.05,11056,0.11549999999999995,350,0.08873621374368668,0.001,27389
315,10.0,110600,0.05,11060,0.15399999999999997,350,0.10566069185733795,0.001,27399
315,10.0,110640,0.05,11064,0.04449999999999999,350,0.12764012813568115,0.001,27409
315,10.0,110680,0.05,11068,-0.014500000000000002,350,0.08114910125732422,0.001,27419
315,10.0,110720,0.05,11072,-0.1105,350,0.37676918506622314,0.001,27429
315,10.0,110760,0.05,11076,-0.036000000000000025,350,0.06849628686904907,0.001,27439
315,10.0,110800,0.05,11080,0.008499999999999966,350,0.061990104615688324,0.001,27449
315,10.0,110840,0.05,11084,0.022499999999999992,350,0.2494756281375885,0.001,27459
315,10.0,110880,0.05,11088,0.09750000000000002,350,0.16964496672153473,0.001,27469
316,10.0,110920,0.05,11092,0.139,351,0.14510692656040192,0.001,27479
316,10.0,110960,0.05,11096,0.055,351,0.10164827108383179,0.001,27489
316,10.0,111000,0.05,11100,0.02949999999999999,351,0.11027558147907257,0.001,27499
316,10.0,111040,0.05,11104,0.07749999999999999,351,0.04900816082954407,0.001,27509
316,10.0,111080,0.05,11108,0.058499999999999996,351,0.22344306111335754,0.001,27519
316,10.0,111120,0.05,11112,-0.13099999999999998,351,0.07311907410621643,0.001,27529
316,10.0,111160,0.05,11116,-0.18549999999999997,351,0.11912024021148682,0.001,27539
316,10.0,111200,0.05,11120,-0.24,351,0.056095220148563385,0.001,27549
316,10.0,111240,0.05,11124,-0.278,351,0.0754799172282219,0.001,27559
316,10.0,111280,0.05,11128,-0.24800000000000005,351,0.08520328998565674,0.001,27569
316,10.0,111320,0.05,11132,-0.12800000000000003,352,0.08193174004554749,0.001,27579
316,10.0,111360,0.05,11136,-0.0815,352,0.10307161509990692,0.001,27589
316,10.0,111400,0.05,11140,-0.10000000000000002,352,0.1496351957321167,0.001,27599
316,10.0,111440,0.05,11144,-0.07000000000000005,352,0.14188715815544128,0.001,27609
316,10.0,111480,0.05,11148,-0.02550000000000006,352,0.09470903873443604,0.001,27619
316,10.0,111520,0.05,11152,0.01999999999999997,352,0.12864454090595245,0.001,27629
316,10.0,111560,0.05,11156,-0.001000000000000023,352,0.1080949455499649,0.001,27639
316,10.0,111600,0.05,11160,-0.17350000000000002,352,0.11363710463047028,0.001,27649
316,10.0,111640,0.05,11164,-0.22500000000000006,352,0.09034442156553268,0.001,27659
316,10.0,111680,0.05,11168,-0.15850000000000006,352,0.11787836998701096,0.001,27669
316,10.0,111720,0.05,11172,-0.10100000000000003,352,0.09064224362373352,0.001,27679
316,10.0,111760,0.05,11176,-0.15250000000000002,353,0.08020991832017899,0.001,27689
316,10.0,111800,0.05,11180,-0.12350000000000001,353,0.27339109778404236,0.001,27699
316,10.0,111840,0.05,11184,-0.1635,353,0.08200506865978241,0.001,27709
316,10.0,111880,0.05,11188,-0.30050000000000004,353,0.09876047819852829,0.001,27719
316,10.0,111920,0.05,11192,-0.34950000000000003,353,0.083369180560112,0.001,27729
316,10.0,111960,0.05,11196,-0.2950000000000001,353,0.09203001856803894,0.001,27739
316,10.0,112000,0.05,11200,-0.387,353,0.1040029227733612,0.001,27749
316,10.0,112040,0.05,11204,-0.4275,353,0.11637818068265915,0.001,27759
316,10.0,112080,0.05,11208,-0.38800000000000007,353,0.11592086404561996,0.001,27769
316,10.0,112120,0.05,11212,-0.39050000000000007,353,0.19720938801765442,0.001,27779
316,10.0,112160,0.05,11216,-0.446,353,0.10172782838344574,0.001,27789
316,10.0,112200,0.05,11220,-0.43900000000000006,354,0.23328644037246704,0.001,27799
316,10.0,112240,0.05,11224,-0.447,354,0.11110919713973999,0.001,27809
316,10.0,112280,0.05,11228,-0.49999999999999994,354,0.2047838717699051,0.001,27819
316,10.0,112320,0.05,11232,-0.5459999999999999,354,0.09733684360980988,0.001,27829
317,10.0,112360,0.05,11236,-0.5670000000000001,354,0.08878946304321289,0.001,27839
317,10.0,112400,0.05,11240,-0.612,354,0.08634474128484726,0.001,27849
317,10.0,112440,0.05,11244,-0.597,354,0.05846472829580307,0.001,27859
317,10.0,112480,0.05,11248,-0.6245,354,0.11935554444789886,0.001,27869
317,10.0,112520,0.05,11252,-0.6135,354,0.06978651136159897,0.001,27879
317,10.0,112560,0.05,11256,-0.625,354,0.12192071974277496,0.001,27889
317,10.0,112600,0.05,11260,-0.474,355,0.12328702211380005,0.001,27899
317,10.0,112640,0.05,11264,-0.3955,355,0.14035622775554657,0.001,27909
317,10.0,112680,0.05,11268,-0.3665000000000001,355,0.07876953482627869,0.001,27919
317,10.0,112720,0.05,11272,-0.41200000000000003,355,0.11642265319824219,0.001,27929
317,10.0,112760,0.05,11276,-0.4064999999999999,355,0.09313024580478668,0.001,27939
317,10.0,112800,0.05,11280,-0.3215,355,0.0900052860379219,0.001,27949
317,10.0,112840,0.05,11284,-0.27899999999999997,355,0.093793585896492,0.001,27959
317,10.0,112880,0.05,11288,-0.20149999999999996,355,0.15543223917484283,0.001,27969
317,10.0,112920,0.05,11292,-0.22649999999999995,355,0.09123064577579498,0.001,27979
317,10.0,112960,0.05,11296,-0.21599999999999991,355,0.11651239544153214,0.001,27989
317,10.0,113000,0.05,11300,-0.08250000000000002,355,0.24516645073890686,0.001,27999
317,10.0,113040,0.05,11304,-0.18400000000000005,356,0.07839599251747131,0.001,28009
317,10.0,113080,0.05,11308,-0.15949999999999995,356,0.09187893569469452,0.001,28019
317,10.0,113120,0.05,11312,-0.11149999999999997,356,0.11568088829517365,0.001,28029
317,10.0,113160,0.05,11316,-0.028999999999999977,356,0.09067032486200333,0.001,28039
317,10.0,113200,0.05,11320,0.016000000000000025,356,0.08476321399211884,0.001,28049
317,10.0,113240,0.05,11324,0.0565,356,0.08407661318778992,0.001,28059
317,10.0,113280,0.05,11328,0.06099999999999997,356,0.09915313124656677,0.001,28069
317,10.0,113320,0.05,11332,0.007499999999999971,356,0.10446563363075256,0.001,28079
317,10.0,113360,0.05,11336,-0.03200000000000002,356,0.09435252100229263,0.001,28089
317,10.0,113400,0.05,11340,-0.005000000000000016,356,0.23637501895427704,0.001,28099
317,10.0,113440,0.05,11344,-0.010500000000000016,356,0.10454064607620239,0.001,28109
317,10.0,113480,0.05,11348,-0.07350000000000002,357,0.12499261647462845,0.001,28119
317,10.0,113520,0.05,11352,-0.08900000000000001,357,0.1861342042684555,0.001,28129
317,10.0,113560,0.05,11356,-0.02700000000000001,357,0.1927504986524582,0.001,28139
317,10.0,113600,0.05,11360,-0.06250000000000001,357,0.12471454590559006,0.001,28149
317,10.0,113640,0.05,11364,-0.01300000000000005,357,0.2466098815202713,0.001,28159
317,10.0,113680,0.05,11368,-0.12500000000000003,357,0.09397311508655548,0.001,28169
318,10.0,113720,0.05,11372,-0.09550000000000004,357,0.09464805573225021,0.001,28179
318,10.0,113760,0.05,11376,-0.05250000000000002,357,0.1062701940536499,0.001,28189
318,10.0,113800,0.05,11380,-0.11149999999999999,357,0.0636354312300682,0.001,28199
318,10.0,113840,0.05,11384,-0.11499999999999998,357,0.17525482177734375,0.001,28209
318,10.0,113880,0.05,11388,-0.22149999999999997,357,0.11171509325504303,0.001,28219
318,10.0,113920,0.05,11392,-0.176,358,0.0822439044713974,0.001,28229
318,10.0,113960,0.05,11396,-0.191,358,0.09495663642883301,0.001,28239
318,10.0,114000,0.05,11400,-0.267,358,0.18007658421993256,0.001,28249
318,10.0,114040,0.05,11404,-0.15050000000000002,358,0.11043478548526764,0.001,28259
318,10.0,114080,0.05,11408,-0.13849999999999998,358,0.0898309275507927,0.001,28269
318,10.0,114120,0.05,11412,-0.12849999999999998,358,0.3681964874267578,0.001,28279
318,10.0,114160,0.05,11416,-0.16999999999999996,358,0.06736268848180771,0.001,28289
318,10.0,114200,0.05,11420,-0.1415,358,0.1008898988366127,0.001,28299
318,10.0,114240,0.05,11424,-0.14899999999999997,358,0.0807221457362175,0.001,28309
318,10.0,114280,0.05,11428,-0.0915,358,0.09581588953733444,0.001,28319
318,10.0,114320,0.05,11432,-0.04350000000000005,358,0.10639342665672302,0.001,28329
318,10.0,114360,0.05,11436,0.05549999999999999,359,0.07100256532430649,0.001,28339
318,10.0,114400,0.05,11440,0.09200000000000001,359,0.0889846533536911,0.001,28349
318,10.0,114440,0.05,11444,0.07799999999999997,359,0.08931440114974976,0.001,28359
318,10.0,114480,0.05,11448,0.12949999999999998,359,0.0577268972992897,0.001,28369
318,10.0,114520,0.05,11452,0.10850000000000003,359,0.13145850598812103,0.001,28379
318,10.0,114560,0.05,11456,0.08650000000000002,359,0.20481722056865692,0.001,28389
318,10.0,114600,0.05,11460,0.13149999999999995,359,0.07562877237796783,0.001,28399
318,10.0,114640,0.05,11464,0.08899999999999997,359,0.06475412100553513,0.001,28409
318,10.0,114680,0.05,11468,0.17350000000000002,359,0.08930215239524841,0.001,28419
318,10.0,114720,0.05,11472,0.22000000000000003,359,0.11229605972766876,0.001,28429
318,10.0,114760,0.05,11476,0.24149999999999994,359,0.10460151731967926,0.001,28439
318,10.0,114800,0.05,11480,0.21900000000000003,360,0.14602674543857574,0.001,28449
318,10.0,114840,0.05,11484,0.1945,360,0.12486729025840759,0.001,28459
318,10.0,114880,0.05,11488,0.3235,360,0.12326370179653168,0.001,28469
318,10.0,114920,0.05,11492,0.3885,360,0.13157859444618225,0.001,28479
318,10.0,114960,0.05,11496,0.3625,360,0.13854414224624634,0.001,28489
319,10.0,115000,0.05,11500,0.4014999999999999,360,0.06861189752817154,0.001,28499
319,10.0,115040,0.05,11504,0.371,360,0.08814022690057755,0.001,28509
319,10.0,115080,0.05,11508,0.27649999999999997,360,0.10622736066579819,0.001,28519
319,10.0,115120,0.05,11512,0.33699999999999997,360,0.18995431065559387,0.001,28529
319,10.0,115160,0.05,11516,0.409,360,0.3236787021160126,0.001,28539
319,10.0,115200,0.05,11520,0.39799999999999996,360,0.09395474940538406,0.001,28549
319,10.0,115240,0.05,11524,0.3285,360,0.0751272439956665,0.001,28559
319,10.0,115280,0.05,11528,0.2955,361,0.09581784158945084,0.001,28569
319,10.0,115320,0.05,11532,0.24950000000000003,361,0.09276378154754639,0.001,28579
319,10.0,115360,0.05,11536,0.14100000000000001,361,0.10226873308420181,0.001,28589
319,10.0,115400,0.05,11540,0.17249999999999996,361,0.09153802692890167,0.001,28599
319,10.0,115440,0.05,11544,0.035999999999999956,361,0.0887392908334732,0.001,28609
319,10.0,115480,0.05,11548,-0.04549999999999999,361,0.3335525393486023,0.001,28619
319,10.0,115520,0.05,11552,-0.03149999999999999,361,0.18185198307037354,0.001,28629
319,10.0,115560,0.05,11556,-0.133,361,0.06851411610841751,0.001,28639
319,10.0,115600,0.05,11560,-0.1325,361,0.0747700184583664,0.001,28649
319,10.0,115640,0.05,11564,-0.16049999999999998,361,0.1266452819108963,0.001,28659
319,10.0,115680,0.05,11568,-0.17249999999999996,361,0.06596002727746964,0.001,28669
319,10.0,115720,0.05,11572,-0.19399999999999998,362,0.06567750871181488,0.001,28679
319,10.0,115760,0.05,11576,-0.221,362,0.09976068139076233,0.001,28689
319,10.0,115800,0.05,11580,-0.2685,362,0.07352471351623535,0.001,28699
319,10.0,115840,0.05,11584,-0.20299999999999996,362,0.18337854743003845,0.001,28709
319,10.0,115880,0.05,11588,-0.2895,362,0.1311645805835724,0.001,28719
319,10.0,115920,0.05,11592,-0.30899999999999994,363,0.08999976515769958,0.001,28729
319,10.0,115960,0.05,11596,-0.212,363,0.20183633267879486,0.001,28739
319,10.0,116000,0.05,11600,-0.292,363,0.11485417187213898,0.001,28749
319,10.0,116040,0.05,11604,-0.2909999999999999,363,0.19413062930107117,0.001,28759
319,10.0,116080,0.05,11608,-0.22999999999999995,363,0.06679961085319519,0.001,28769
319,10.0,116120,0.05,11612,-0.2505,363,0.09215690195560455,0.001,28779
319,10.0,116160,0.05,11616,-0.22899999999999998,363,0.07785255461931229,0.001,28789
319,10.0,116200,0.05,11620,-0.3374999999999999,364,0.07369563728570938,0.001,28799
319,10.0,116240,0.05,11624,-0.2155,364,0.06797289848327637,0.001,28809
319,10.0,116280,0.05,11628,-0.12600000000000006,364,0.16157329082489014,0.001,28819
319,10.0,116320,0.05,11632,-0.1675,364,0.08380363136529922,0.001,28829
318,10.0,116360,0.05,11636,-0.07150000000000001,364,0.28531205654144287,0.001,28839
318,10.0,116400,0.05,11640,-0.08950000000000001,364,0.10024939477443695,0.001,28849
318,10.0,116440,0.05,11644,0.038499999999999986,365,0.06466612964868546,0.001,28859
318,10.0,116480,0.05,11648,0.07100000000000001,365,0.08768440037965775,0.001,28869
318,10.0,116520,0.05,11652,0.0925,365,0.17802250385284424,0.001,28879
318,10.0,116560,0.05,11656,0.15100000000000002,365,0.08010506629943848,0.001,28889
318,10.0,116600,0.05,11660,0.10850000000000003,365,0.14087630808353424,0.001,28899
318,10.0,116640,0.05,11664,0.12749999999999997,365,0.08584602177143097,0.001,28909
318,10.0,116680,0.05,11668,0.17149999999999996,365,0.08998219668865204,0.001,28919
318,10.0,116720,0.05,11672,0.1935,366,0.06898895651102066,0.001,28929
318,10.0,116760,0.05,11676,0.18850000000000006,366,0.07052890956401825,0.001,28939
318,10.0,116800,0.05,11680,0.23350000000000004,366,0.12590938806533813,0.001,28949
318,10.0,116840,0.05,11684,0.131,366,0.06431847810745239,0.001,28959
318,10.0,116880,0.05,11688,0.20499999999999996,366,0.10316362231969833,0.001,28969
318,10.0,116920,0.05,11692,0.29100000000000004,366,0.0727984607219696,0.001,28979
318,10.0,116960,0.05,11696,0.22500000000000003,366,0.05890808254480362,0.001,28989
319,10.0,117000,0.05,11700,0.338,366,0.17645478248596191,0.001,28999
319,10.0,117040,0.05,11704,0.25650000000000006,366,0.09138288348913193,0.001,29009
319,10.0,117080,0.05,11708,0.2710000000000001,366,0.058953698724508286,0.001,29019
319,10.0,117120,0.05,11712,0.2310000000000001,366,0.09795444458723068,0.001,29029
319,10.0,117160,0.05,11716,0.22650000000000003,367,0.13758587837219238,0.001,29039
319,10.0,117200,0.05,11720,0.39049999999999996,367,0.12345577031373978,0.001,29049
319,10.0,117240,0.05,11724,0.31650000000000006,367,0.09497016668319702,0.001,29059
319,10.0,117280,0.05,11728,0.2710000000000001,367,0.06694941967725754,0.001,29069
319,10.0,117320,0.05,11732,0.3345000000000001,367,0.08760026097297668,0.001,29079
319,10.0,117360,0.05,11736,0.34950000000000003,367,0.14353042840957642,0.001,29089
319,10.0,117400,0.05,11740,0.37150000000000005,367,0.06219906732439995,0.001,29099
319,10.0,117440,0.05,11744,0.36700000000000005,367,0.17121732234954834,0.001,29109
319,10.0,117480,0.05,11748,0.4775,367,0.12718237936496735,0.001,29119
319,10.0,117520,0.05,11752,0.4865,367,0.07634995877742767,0.001,29129
319,10.0,117560,0.05,11756,0.5345,368,0.10325738042593002,0.001,29139
319,10.0,117600,0.05,11760,0.5595,368,0.10078724473714828,0.001,29149
319,10.0,117640,0.05,11764,0.5929999999999999,368,0.06251280009746552,0.001,29159
319,10.0,117680,0.05,11768,0.5824999999999999,368,0.16940750181674957,0.001,29169
319,10.0,117720,0.05,11772,0.4860000000000001,368,0.15527643263339996,0.001,29179
319,10.0,117760,0.05,11776,0.485,368,0.2840224504470825,0.001,29189
319,10.0,117800,0.05,11780,0.4909999999999999,368,0.10581306368112564,0.001,29199
319,10.0,117840,0.05,11784,0.577,368,0.06437557190656662,0.001,29209
319,10.0,117880,0.05,11788,0.5539999999999999,368,0.11729878187179565,0.001,29219
319,10.0,117920,0.05,11792,0.5205,368,0.10839954763650894,0.001,29229
319,10.0,117960,0.05,11796,0.556,369,0.18234053254127502,0.001,29239
319,10.0,118000,0.05,11800,0.6045,369,0.07025325298309326,0.001,29249
319,10.0,118040,0.05,11804,0.6629999999999999,369,0.22810347378253937,0.001,29259
319,10.0,118080,0.05,11808,0.6099999999999999,369,0.09782740473747253,0.001,29269
319,10.0,118120,0.05,11812,0.6650000000000001,369,0.08667347580194473,0.001,29279
319,10.0,118160,0.05,11816,0.6735000000000001,369,0.08001836389303207,0.001,29289
319,10.0,118200,0.05,11820,0.6080000000000001,369,0.07136742770671844,0.001,29299
319,10.0,118240,0.05,11824,0.5755000000000002,369,0.04970652982592583,0.001,29309
319,10.0,118280,0.05,11828,0.6305,369,0.0653703585267067,0.001,29319
319,10.0,118320,0.05,11832,0.5950000000000001,369,0.12290327250957489,0.001,29329
319,10.0,118360,0.05,11836,0.519,369,0.0842714011669159,0.001,29339
319,10.0,118400,0.05,11840,0.5009999999999999,370,0.07795313745737076,0.001,29349
319,10.0,118440,0.05,11844,0.5524999999999999,370,0.07735487818717957,0.001,29359
319,10.0,118480,0.05,11848,0.523,370,0.12398828566074371,0.001,29369
320,10.0,118520,0.05,11852,0.5559999999999999,370,0.09885090589523315,0.001,29379
320,10.0,118560,0.05,11856,0.461,370,0.22196315228939056,0.001,29389
320,10.0,118600,0.05,11860,0.4905,370,0.20977407693862915,0.001,29399
320,10.0,118640,0.05,11864,0.4049999999999999,370,0.11296910047531128,0.001,29409
320,10.0,118680,0.05,11868,0.37349999999999994,370,0.12594488263130188,0.001,29419
320,10.0,118720,0.05,11872,0.4095,370,0.0895012840628624,0.001,29429
320,10.0,118760,0.05,11876,0.403,370,0.096730075776577,0.001,29439
320,10.0,118800,0.05,11880,0.4204999999999999,370,0.2209702879190445,0.001,29449
320,10.0,118840,0.05,11884,0.3725,371,0.27509456872940063,0.001,29459
320,10.0,118880,0.05,11888,0.4175,371,0.19292964041233063,0.001,29469
320,10.0,118920,0.05,11892,0.36149999999999993,371,0.18770533800125122,0.001,29479
320,10.0,118960,0.05,11896,0.359,371,0.09364425390958786,0.001,29489
320,10.0,119000,0.05,11900,0.24749999999999997,371,0.12496580183506012,0.001,29499
320,10.0,119040,0.05,11904,0.15749999999999997,371,0.13804316520690918,0.001,29509
320,10.0,119080,0.05,11908,0.18949999999999995,371,0.09577903151512146,0.001,29519
320,10.0,119120,0.05,11912,0.25099999999999995,371,0.13065633177757263,0.001,29529
320,10.0,119160,0.05,11916,0.22599999999999995,371,0.17344734072685242,0.001,29539
320,10.0,119200,0.05,11920,0.23050000000000004,371,0.09686478227376938,0.001,29549
320,10.0,119240,0.05,11924,0.217,371,0.0917445495724678,0.001,29559
320,10.0,119280,0.05,11928,0.12699999999999997,372,0.05742708593606949,0.001,29569
320,10.0,119320,0.05,11932,0.12649999999999997,372,0.12290258705615997,0.001,29579
320,10.0,119360,0.05,11936,0.1515,372,0.06163693964481354,0.001,29589
320,10.0,119400,0.05,11940,0.1675,372,0.25900736451148987,0.001,29599
320,10.0,119440,0.05,11944,0.163,372,0.20927119255065918,0.001,29609
320,10.0,119480,0.05,11948,0.13450000000000004,372,0.10282479971647263,0.001,29619
320,10.0,119520,0.05,11952,0.0915,372,0.08180548995733261,0.001,29629
320,10.0,119560,0.05,11956,0.09250000000000004,372,0.08299259841442108,0.001,29639
320,10.0,119600,0.05,11960,0.0655,372,0.20408707857131958,0.001,29649
320,10.0,119640,0.05,11964,0.09299999999999993,372,0.10010376572608948,0.001,29659
320,10.0,119680,0.05,11968,0.10699999999999993,372,0.11770102381706238,0.001,29669
320,10.0,119720,0.05,11972,0.17300000000000001,373,0.14795073866844177,0.001,29679
320,10.0,119760,0.05,11976,0.1705,373,0.0799340158700943,0.001,29689
320,10.0,119800,0.05,11980,0.18550000000000005,373,0.0811012014746666,0.001,29699
321,10.0,119840,0.05,11984,0.11600000000000002,373,0.13014532625675201,0.001,29709
321,10.0,119880,0.05,11988,0.04550000000000001,373,0.06577792018651962,0.001,29719
321,10.0,119920,0.05,11992,-0.028000000000000004,373,0.19174523651599884,0.001,29729
321,10.0,119960,0.05,11996,-0.07500000000000001,373,0.19057664275169373,0.001,29739
321,10.0,120000,0.05,12000,-0.084,373,0.06944586336612701,0.001,29749
