time/fps,rollout/ep_len_mean,time/total_timesteps,rollout/exploration_rate,time/episodes,rollout/ep_rew_mean,time/time_elapsed,train/loss,train/learning_rate,train/n_updates
2497,10.0,40,0.9989444444444445,4,-0.825,0,,,
2527,10.0,80,0.9978888888888888,8,-0.6375,0,,,
3791,10.0,120,0.9968333333333333,12,-0.35833333333333334,0,,,
3384,10.0,160,0.9957777777777779,16,-0.415625,0,,,
3180,10.0,200,0.9947222222222221,20,-0.44250000000000006,0,,,
3056,10.0,240,0.9936666666666667,24,-0.4604166666666667,0,,,
2974,10.0,280,0.9926111111111112,28,-0.3589285714285714,0,,,
3399,10.0,320,0.9915555555555554,32,-0.4765625,0,,,
3250,10.0,360,0.9904999999999999,36,-0.3805555555555556,0,,,
3180,10.0,400,0.9894444444444446,40,-0.4549999999999999,0,,,
3111,10.0,440,0.9883888888888888,44,-0.309090909090909,0,,,
3394,10.0,480,0.9873333333333333,48,-0.31354166666666666,0,,,
3311,10.0,520,0.9862777777777779,52,-0.27884615384615385,0,,,
3243,10.0,560,0.9852222222222221,56,-0.22410714285714284,0,,,
3186,10.0,600,0.9841666666666666,60,-0.2475,0,,,
3399,10.0,640,0.9831111111111113,64,-0.31796875,0,,,
3224,10.0,680,0.9820555555555555,68,-0.34191176470588236,0,,,
3274,10.0,720,0.981,72,-0.3416666666666666,0,,,
3136,10.0,760,0.9799444444444445,76,-0.38552631578947366,0,,,
3158,10.0,800,0.9788888888888887,80,-0.39375,0,,,
3167,10.0,840,0.9778333333333333,84,-0.4083333333333333,0,,,
3186,10.0,880,0.9767777777777779,88,-0.40738636363636355,0,,,
3299,10.0,920,0.975722222222222,92,-0.4288043478260869,0,,,
3260,10.0,960,0.9746666666666667,96,-0.3979166666666667,0,,,
3214,10.0,1000,0.9736111111111112,100,-0.41300000000000003,0,,,
2788,10.0,1040,0.9725555555555554,104,-0.35400000000000004,0,0.05918615311384201,0.001,9
2396,10.0,1080,0.9715,108,-0.37,0,0.04215829446911812,0.001,19
2180,10.0,1120,0.9704444444444446,112,-0.31599999999999995,0,0.05579820275306702,0.001,29
2013,10.0,1160,0.9693888888888887,116,-0.2945,0,0.040855538100004196,0.001,39
1878,10.0,1200,0.9683333333333333,120,-0.24900000000000003,0,0.05574849992990494,0.001,49
1808,10.0,1240,0.9672777777777779,124,-0.2459999999999999,0,0.0636885017156601,0.001,59
1709,10.0,1280,0.9662222222222221,128,-0.26599999999999996,0,0.058558735996484756,0.001,69
1612,10.0,1320,0.9651666666666666,132,-0.26599999999999996,0,0.06014355272054672,0.001,79
1565,10.0,1360,0.9641111111111111,136,-0.306,0,0.0357445664703846,0.001,89
1502,10.0,1400,0.9630555555555554,140,-0.3095,0,0.02446167916059494,0.001,99
1403,10.0,1440,0.962,144,-0.3725,1,0.02753496542572975,0.001,109
1360,10.0,1480,0.9609444444444445,148,-0.34600000000000003,1,0.017691276967525482,0.001,119
1302,10.0,1520,0.9598888888888888,152,-0.32799999999999996,1,0.13303107023239136,0.001,129
1268,10.0,1560,0.9588333333333333,156,-0.3705,1,0.07216788083314896,0.001,139
1219,10.0,1600,0.9577777777777778,160,-0.318,1,0.04282671958208084,0.001,149
1196,10.0,1640,0.956722222222222,164,-0.27799999999999997,1,0.05196432024240494,0.001,159
1162,10.0,1680,0.9556666666666667,168,-0.26099999999999995,1,0.029233289882540703,0.001,169
1128,10.0,1720,0.9546111111111112,172,-0.262,1,0.021138552576303482,0.001,179
1098,10.0,1760,0.9535555555555554,176,-0.19050000000000003,1,0.025236856192350388,0.001,189
1080,10.0,1800,0.9524999999999999,180,-0.17350000000000004,1,0.03319735825061798,0.001,199
1064,10.0,1840,0.9514444444444445,184,-0.11150000000000002,1,0.028446784242987633,0.001,209
1049,10.0,1880,0.9503888888888887,188,-0.06150000000000001,1,0.007459722459316254,0.001,219
1033,10.0,1920,0.9493333333333333,192,-0.026500000000000013,1,0.021113870665431023,0.001,229
1024,10.0,1960,0.9482777777777779,196,-0.008000000000000002,1,0.03360590711236,0.001,239
1018,10.0,2000,0.9472222222222221,200,0.0014999999999999916,1,0.02546108514070511,0.001,249
1007,10.0,2040,0.9461666666666666,204,-0.05700000000000002,2,0.09150677919387817,0.001,259
996,10.0,2080,0.9451111111111111,208,-0.0475,2,0.05946340411901474,0.001,269
979,10.0,2120,0.9440555555555554,212,-0.1295,2,0.037055086344480515,0.001,279
968,10.0,2160,0.943,216,-0.11350000000000003,2,0.030567962676286697,0.001,289
953,10.0,2200,0.9419444444444445,220,-0.14400000000000004,2,0.029102738946676254,0.001,299
944,10.0,2240,0.9408888888888888,224,-0.12200000000000001,2,0.028104975819587708,0.001,309
930,10.0,2280,0.9398333333333333,228,-0.1305,2,0.016896791756153107,0.001,319
922,10.0,2320,0.9387777777777778,232,-0.12250000000000001,2,0.027969542890787125,0.001,329
910,10.0,2360,0.937722222222222,236,-0.09250000000000004,2,0.01549389585852623,0.001,339
904,10.0,2400,0.9366666666666666,240,-0.07400000000000002,2,0.017744876444339752,0.001,349
898,10.0,2440,0.9356111111111112,244,-0.07000000000000005,2,0.02506430819630623,0.001,359
892,10.0,2480,0.9345555555555557,248,-0.11500000000000003,2,0.01870681717991829,0.001,369
886,10.0,2520,0.9335,252,-0.20550000000000002,2,0.06277046352624893,0.001,379
886,10.0,2560,0.9324444444444445,256,-0.214,2,0.09568606317043304,0.001,389
882,10.0,2600,0.9313888888888887,260,-0.258,2,0.06308362632989883,0.001,399
875,10.0,2640,0.9303333333333332,264,-0.251,3,0.03764651343226433,0.001,409
872,10.0,2680,0.9292777777777779,268,-0.26899999999999996,3,0.03141145780682564,0.001,419
863,10.0,2720,0.9282222222222224,272,-0.28150000000000003,3,0.021960871294140816,0.001,429
858,10.0,2760,0.9271666666666666,276,-0.344,3,0.01915718987584114,0.001,439
850,10.0,2800,0.9261111111111111,280,-0.3975000000000001,3,0.03261377662420273,0.001,449
846,10.0,2840,0.9250555555555557,284,-0.441,3,0.03866216540336609,0.001,459
836,10.0,2880,0.9239999999999999,288,-0.46149999999999997,3,0.026500487700104713,0.001,469
830,10.0,2920,0.9229444444444445,292,-0.4760000000000001,3,0.040719278156757355,0.001,479
827,10.0,2960,0.9218888888888891,296,-0.5315,3,0.02735934592783451,0.001,489
820,10.0,3000,0.9208333333333333,300,-0.528,3,0.029481172561645508,0.001,499
817,10.0,3040,0.9197777777777778,304,-0.44599999999999995,3,0.06823020428419113,0.001,509
811,10.0,3080,0.9187222222222224,308,-0.3414999999999999,3,0.05588211491703987,0.001,519
805,10.0,3120,0.9176666666666666,312,-0.3565,3,0.06997843831777573,0.001,529
802,10.0,3160,0.9166111111111112,316,-0.34900000000000003,3,0.05131484940648079,0.001,539
799,10.0,3200,0.9155555555555557,320,-0.3725,4,0.03866928443312645,0.001,549
799,10.0,3240,0.9144999999999999,324,-0.35650000000000004,4,0.046844322234392166,0.001,559
796,10.0,3280,0.9134444444444445,328,-0.29600000000000004,4,0.02800537459552288,0.001,569
795,10.0,3320,0.912388888888889,332,-0.27,4,0.061068251729011536,0.001,579
792,10.0,3360,0.9113333333333332,336,-0.29600000000000004,4,0.06096402928233147,0.001,589
784,10.0,3400,0.9102777777777779,340,-0.23550000000000004,4,0.020962528884410858,0.001,599
771,10.0,3440,0.9092222222222224,344,-0.2195,4,0.049905404448509216,0.001,609
759,10.0,3480,0.9081666666666666,348,-0.21549999999999997,4,0.0274563767015934,0.001,619
747,10.0,3520,0.9071111111111112,352,-0.18999999999999992,4,0.08407841622829437,0.001,629
738,10.0,3560,0.9060555555555557,356,-0.13199999999999998,4,0.09655318409204483,0.001,639
731,10.0,3600,0.9049999999999999,360,-0.18099999999999997,4,0.0646931380033493,0.001,649
720,10.0,3640,0.9039444444444444,364,-0.1415,5,0.07658283412456512,0.001,659
714,10.0,3680,0.9028888888888891,368,-0.149,5,0.05336027219891548,0.001,669
707,10.0,3720,0.9018333333333333,372,-0.15200000000000002,5,0.05445040762424469,0.001,679
700,10.0,3760,0.9007777777777778,376,-0.09399999999999999,5,0.041133273392915726,0.001,689
693,10.0,3800,0.8997222222222223,380,-0.07699999999999997,5,0.06549521535634995,0.001,699
686,10.0,3840,0.8986666666666666,384,-0.10099999999999998,5,0.03606013208627701,0.001,709
684,10.0,3880,0.8976111111111111,388,-0.11649999999999995,5,0.04276718199253082,0.001,719
679,10.0,3920,0.8965555555555557,392,-0.087,5,0.03694514185190201,0.001,729
676,10.0,3960,0.8955,396,-0.09349999999999997,5,0.041230667382478714,0.001,739
673,10.0,4000,0.8944444444444445,400,-0.105,5,0.025416703894734383,0.001,749
671,10.0,4040,0.893388888888889,404,-0.1555,6,0.04469279572367668,0.001,759
667,10.0,4080,0.8923333333333332,408,-0.22099999999999997,6,0.08751000463962555,0.001,769
661,10.0,4120,0.8912777777777778,412,-0.22649999999999995,6,0.07889910042285919,0.001,779
655,10.0,4160,0.8902222222222224,416,-0.30199999999999994,6,0.0693051740527153,0.001,789
649,10.0,4200,0.8891666666666665,420,-0.2825000000000001,6,0.06463126838207245,0.001,799
645,10.0,4240,0.8881111111111111,424,-0.2760000000000001,6,0.04853663966059685,0.001,809
632,10.0,4280,0.8870555555555557,428,-0.3515,6,0.07799657434225082,0.001,819
624,10.0,4320,0.8859999999999999,432,-0.3239999999999999,6,0.034155867993831635,0.001,829
614,10.0,4360,0.8849444444444444,436,-0.3340000000000001,7,0.07583307474851608,0.001,839
610,10.0,4400,0.8838888888888891,440,-0.39349999999999996,7,0.06767407804727554,0.001,849
606,10.0,4440,0.8828333333333332,444,-0.42700000000000005,7,0.041137758642435074,0.001,859
603,10.0,4480,0.8817777777777778,448,-0.43499999999999994,7,0.037063516676425934,0.001,869
600,10.0,4520,0.8807222222222224,452,-0.4079999999999999,7,0.1291290521621704,0.001,879
597,10.0,4560,0.8796666666666666,456,-0.44000000000000006,7,0.09924134612083435,0.001,889
594,10.0,4600,0.8786111111111111,460,-0.387,7,0.08727247267961502,0.001,899
591,10.0,4640,0.8775555555555556,464,-0.44349999999999995,7,0.05014220252633095,0.001,909
588,10.0,4680,0.8764999999999998,468,-0.43799999999999994,7,0.049543507397174835,0.001,919
586,10.0,4720,0.8754444444444445,472,-0.43,8,0.0599820539355278,0.001,929
583,10.0,4760,0.874388888888889,476,-0.4215,8,0.05186206102371216,0.001,939
581,10.0,4800,0.8733333333333332,480,-0.417,8,0.05728177726268768,0.001,949
579,10.0,4840,0.8722777777777777,484,-0.3375,8,0.05770176649093628,0.001,959
579,10.0,4880,0.8712222222222223,488,-0.34600000000000003,8,0.060404155403375626,0.001,969
573,10.0,4920,0.8701666666666665,492,-0.3465,8,0.05217958986759186,0.001,979
572,10.0,4960,0.8691111111111112,496,-0.35050000000000003,8,0.04533569887280464,0.001,989
570,10.0,5000,0.8680555555555557,500,-0.295,8,0.060972314327955246,0.001,999
569,10.0,5040,0.8669999999999999,504,-0.3015,8,0.08019104599952698,0.001,1009
569,10.0,5080,0.8659444444444444,508,-0.2845,8,0.08731572329998016,0.001,1019
569,10.0,5120,0.864888888888889,512,-0.25149999999999995,8,0.057839613407850266,0.001,1029
568,10.0,5160,0.8638333333333332,516,-0.21499999999999997,9,0.05426928400993347,0.001,1039
567,10.0,5200,0.8627777777777778,520,-0.22399999999999998,9,0.06314995884895325,0.001,1049
563,10.0,5240,0.8617222222222223,524,-0.24100000000000005,9,0.06863275915384293,0.001,1059
561,10.0,5280,0.8606666666666665,528,-0.141,9,0.07001861184835434,0.001,1069
559,10.0,5320,0.8596111111111111,532,-0.16399999999999998,9,0.045976269990205765,0.001,1079
555,10.0,5360,0.8585555555555556,536,-0.14700000000000002,9,0.0319628082215786,0.001,1089
551,10.0,5400,0.8574999999999999,540,-0.13150000000000003,9,0.0636279359459877,0.001,1099
548,10.0,5440,0.8564444444444445,544,-0.08450000000000003,9,0.034694720059633255,0.001,1109
546,10.0,5480,0.855388888888889,548,-0.08800000000000001,10,0.04123202711343765,0.001,1119
544,10.0,5520,0.8543333333333332,552,-0.10000000000000002,10,0.11168940365314484,0.001,1129
541,10.0,5560,0.8532777777777778,556,-0.05650000000000002,10,0.10368514060974121,0.001,1139
534,10.0,5600,0.8522222222222223,560,-0.081,10,0.11079403012990952,0.001,1149
533,10.0,5640,0.8511666666666665,564,-0.0605,10,0.07737786322832108,0.001,1159
531,10.0,5680,0.850111111111111,568,-0.03500000000000002,10,0.08161905407905579,0.001,1169
529,10.0,5720,0.8490555555555557,572,0.005499999999999992,10,0.0705518051981926,0.001,1179
527,10.0,5760,0.8479999999999999,576,-0.030000000000000044,10,0.08267877995967865,0.001,1189
525,10.0,5800,0.8469444444444445,580,-0.01250000000000004,11,0.06451341509819031,0.001,1199
524,10.0,5840,0.845888888888889,584,-0.08200000000000002,11,0.047503069043159485,0.001,1209
523,10.0,5880,0.8448333333333332,588,-0.11800000000000005,11,0.04598575457930565,0.001,1219
521,10.0,5920,0.8437777777777777,592,-0.15000000000000002,11,0.04555794596672058,0.001,1229
520,10.0,5960,0.8427222222222224,596,-0.12200000000000001,11,0.057164695113897324,0.001,1239
518,10.0,6000,0.8416666666666666,600,-0.11900000000000005,11,0.051368921995162964,0.001,1249
516,10.0,6040,0.8406111111111111,604,-0.15000000000000002,11,0.10824455320835114,0.001,1259
516,10.0,6080,0.8395555555555556,608,-0.18100000000000002,11,0.05132061615586281,0.001,1269
515,10.0,6120,0.8384999999999998,612,-0.18099999999999997,11,0.05242137610912323,0.001,1279
515,10.0,6160,0.8374444444444444,616,-0.18000000000000005,11,0.0743003860116005,0.001,1289
515,10.0,6200,0.836388888888889,620,-0.16950000000000004,12,0.07003811001777649,0.001,1299
516,10.0,6240,0.8353333333333332,624,-0.21650000000000003,12,0.05189137905836105,0.001,1309
516,10.0,6280,0.8342777777777778,628,-0.2925,12,0.06477390974760056,0.001,1319
515,10.0,6320,0.8332222222222223,632,-0.271,12,0.07003411650657654,0.001,1329
515,10.0,6360,0.8321666666666665,636,-0.2815,12,0.057422786951065063,0.001,1339
513,10.0,6400,0.8311111111111111,640,-0.301,12,0.06505824625492096,0.001,1349
513,10.0,6440,0.8300555555555557,644,-0.32049999999999995,12,0.031640272587537766,0.001,1359
511,10.0,6480,0.8289999999999998,648,-0.3085,12,0.04263758659362793,0.001,1369
510,10.0,6520,0.8279444444444444,652,-0.28550000000000003,12,0.12275047600269318,0.001,1379
509,10.0,6560,0.826888888888889,656,-0.3175,12,0.07132858783006668,0.001,1389
508,10.0,6600,0.8258333333333332,660,-0.28900000000000003,12,0.06543342024087906,0.001,1399
506,10.0,6640,0.8247777777777777,664,-0.33299999999999996,13,0.05929333344101906,0.001,1409
506,10.0,6680,0.8237222222222222,668,-0.373,13,0.09081140160560608,0.001,1419
505,10.0,6720,0.8226666666666665,672,-0.41699999999999987,13,0.07352203130722046,0.001,1429
503,10.0,6760,0.8216111111111111,676,-0.384,13,0.07317952811717987,0.001,1439
501,10.0,6800,0.8205555555555556,680,-0.414,13,0.0804990604519844,0.001,1449
501,10.0,6840,0.8194999999999999,684,-0.39899999999999997,13,0.07287929952144623,0.001,1459
499,10.0,6880,0.8184444444444444,688,-0.40199999999999997,13,0.06315884739160538,0.001,1469
499,10.0,6920,0.8173888888888889,692,-0.39849999999999997,13,0.05708310380578041,0.001,1479
498,10.0,6960,0.8163333333333331,696,-0.4175,13,0.04020244628190994,0.001,1489
497,10.0,7000,0.8152777777777778,700,-0.4050000000000001,14,0.07248914986848831,0.001,1499
496,10.0,7040,0.8142222222222223,704,-0.3795,14,0.1104508638381958,0.001,1509
495,10.0,7080,0.8131666666666668,708,-0.38449999999999995,14,0.06559724360704422,0.001,1519
494,10.0,7120,0.812111111111111,712,-0.39099999999999996,14,0.053181856870651245,0.001,1529
493,10.0,7160,0.8110555555555556,716,-0.4115,14,0.07985074818134308,0.001,1539
492,10.0,7200,0.8099999999999998,720,-0.435,14,0.06927336007356644,0.001,1549
490,10.0,7240,0.8089444444444444,724,-0.45449999999999996,14,0.05914701893925667,0.001,1559
489,10.0,7280,0.8078888888888889,728,-0.45649999999999996,14,0.08159372210502625,0.001,1569
489,10.0,7320,0.8068333333333335,732,-0.508,14,0.0827004462480545,0.001,1579
487,10.0,7360,0.8057777777777777,736,-0.552,15,0.09174752235412598,0.001,1589
487,10.0,7400,0.8047222222222223,740,-0.5455,15,0.06509512662887573,0.001,1599
486,10.0,7440,0.8036666666666665,744,-0.6075,15,0.04654621332883835,0.001,1609
486,10.0,7480,0.802611111111111,748,-0.5650000000000001,15,0.08011847734451294,0.001,1619
486,10.0,7520,0.8015555555555556,752,-0.6175,15,0.1178383156657219,0.001,1629
486,10.0,7560,0.8005000000000002,756,-0.6735000000000001,15,0.08370568603277206,0.001,1639
486,10.0,7600,0.7994444444444444,760,-0.634,15,0.1010357216000557,0.001,1649
485,10.0,7640,0.7983888888888889,764,-0.645,15,0.08261184394359589,0.001,1659
484,10.0,7680,0.7973333333333332,768,-0.6210000000000001,15,0.10228363424539566,0.001,1669
483,10.0,7720,0.7962777777777778,772,-0.635,15,0.0762539803981781,0.001,1679
482,10.0,7760,0.7952222222222223,776,-0.6595,16,0.06475351005792618,0.001,1689
481,10.0,7800,0.7941666666666669,780,-0.6664999999999999,16,0.09500746428966522,0.001,1699
480,10.0,7840,0.7931111111111111,784,-0.6214999999999999,16,0.04766843467950821,0.001,1709
480,10.0,7880,0.7920555555555556,788,-0.586,16,0.07323452830314636,0.001,1719
478,10.0,7920,0.7909999999999998,792,-0.599,16,0.08232051134109497,0.001,1729
478,10.0,7960,0.7899444444444443,796,-0.5895,16,0.08525030314922333,0.001,1739
476,10.0,8000,0.788888888888889,800,-0.6669999999999999,16,0.09006677567958832,0.001,1749
476,10.0,8040,0.7878333333333335,804,-0.6835,16,0.10588089376688004,0.001,1759
475,10.0,8080,0.7867777777777777,808,-0.7340000000000001,16,0.11529041826725006,0.001,1769
475,10.0,8120,0.7857222222222222,812,-0.728,17,0.07176776975393295,0.001,1779
473,10.0,8160,0.7846666666666664,816,-0.7310000000000002,17,0.08377291262149811,0.001,1789
473,10.0,8200,0.783611111111111,820,-0.6779999999999999,17,0.07435575127601624,0.001,1799
472,10.0,8240,0.7825555555555556,824,-0.632,17,0.10102497041225433,0.001,1809
471,10.0,8280,0.7815000000000001,828,-0.6054999999999999,17,0.060552746057510376,0.001,1819
470,10.0,8320,0.7804444444444444,832,-0.636,17,0.06154254078865051,0.001,1829
470,10.0,8360,0.7793888888888889,836,-0.653,17,0.06841433048248291,0.001,1839
470,10.0,8400,0.7783333333333331,840,-0.6635000000000001,17,0.0999549925327301,0.001,1849
471,10.0,8440,0.7772777777777777,844,-0.5885,17,0.07081694155931473,0.001,1859
471,10.0,8480,0.7762222222222223,848,-0.6970000000000001,17,0.08932795375585556,0.001,1869
471,10.0,8520,0.7751666666666668,852,-0.6920000000000001,18,0.09998352080583572,0.001,1879
471,10.0,8560,0.7741111111111111,856,-0.675,18,0.0641515776515007,0.001,1889
471,10.0,8600,0.7730555555555556,860,-0.7609999999999999,18,0.08113956451416016,0.001,1899
471,10.0,8640,0.7720000000000001,864,-0.7435,18,0.05529608950018883,0.001,1909
470,10.0,8680,0.7709444444444443,868,-0.721,18,0.043873049318790436,0.001,1919
471,10.0,8720,0.769888888888889,872,-0.6855000000000001,18,0.0640779584646225,0.001,1929
471,10.0,8760,0.7688333333333335,876,-0.6990000000000001,18,0.07992834597826004,0.001,1939
471,10.0,8800,0.7677777777777777,880,-0.6270000000000001,18,0.04968142509460449,0.001,1949
471,10.0,8840,0.7667222222222222,884,-0.6515000000000001,18,0.0491153746843338,0.001,1959
471,10.0,8880,0.7656666666666668,888,-0.6094999999999999,18,0.06747406721115112,0.001,1969
471,10.0,8920,0.764611111111111,892,-0.5894999999999998,18,0.09918826818466187,0.001,1979
471,10.0,8960,0.7635555555555555,896,-0.605,19,0.07795125991106033,0.001,1989
470,10.0,9000,0.7625000000000002,900,-0.626,19,0.06948994845151901,0.001,1999
469,10.0,9040,0.7614444444444444,904,-0.6195,19,0.13155995309352875,0.001,2009
468,10.0,9080,0.7603888888888889,908,-0.654,19,0.07875476777553558,0.001,2019
467,10.0,9120,0.7593333333333334,912,-0.6809999999999998,19,0.07141583412885666,0.001,2029
466,10.0,9160,0.7582777777777777,916,-0.6795,19,0.056954286992549896,0.001,2039
466,10.0,9200,0.7572222222222222,920,-0.6800000000000002,19,0.07013461738824844,0.001,2049
465,10.0,9240,0.7561666666666669,924,-0.6925000000000001,19,0.07994665950536728,0.001,2059
464,10.0,9280,0.7551111111111111,928,-0.7710000000000002,19,0.09945831447839737,0.001,2069
464,10.0,9320,0.7540555555555556,932,-0.676,20,0.09720122069120407,0.001,2079
463,10.0,9360,0.7530000000000001,936,-0.665,20,0.08440091460943222,0.001,2089
463,10.0,9400,0.7519444444444443,940,-0.6735000000000001,20,0.07559402287006378,0.001,2099
460,10.0,9440,0.7508888888888889,944,-0.7095,20,0.08193126320838928,0.001,2109
457,10.0,9480,0.7498333333333335,948,-0.6719999999999999,20,0.06904336810112,0.001,2119
455,10.0,9520,0.7487777777777777,952,-0.635,20,0.1497250646352768,0.001,2129
453,10.0,9560,0.7477222222222222,956,-0.613,21,0.11096485704183578,0.001,2139
452,10.0,9600,0.7466666666666668,960,-0.642,21,0.09139188379049301,0.001,2149
451,10.0,9640,0.745611111111111,964,-0.6580000000000001,21,0.10637015849351883,0.001,2159
449,10.0,9680,0.7445555555555555,968,-0.6805,21,0.09005893766880035,0.001,2169
448,10.0,9720,0.7435,972,-0.6295000000000001,21,0.0456034354865551,0.001,2179
446,10.0,9760,0.7424444444444444,976,-0.6425,21,0.05142416059970856,0.001,2189
444,10.0,9800,0.7413888888888889,980,-0.687,22,0.09462330490350723,0.001,2199
442,10.0,9840,0.7403333333333335,984,-0.7805000000000001,22,0.05665089562535286,0.001,2209
440,10.0,9880,0.7392777777777777,988,-0.8480000000000003,22,0.07577791064977646,0.001,2219
438,10.0,9920,0.7382222222222222,992,-0.8620000000000002,22,0.0812516063451767,0.001,2229
437,10.0,9960,0.7371666666666667,996,-0.872,22,0.06739002466201782,0.001,2239
435,10.0,10000,0.7361111111111109,1000,-0.8370000000000002,22,0.0642160177230835,0.001,2249
434,10.0,10040,0.7350555555555556,1004,-0.8240000000000001,23,0.1021532490849495,0.001,2259
432,10.0,10080,0.7340000000000001,1008,-0.7815000000000001,23,0.08434142172336578,0.001,2269
430,10.0,10120,0.7329444444444444,1012,-0.7905,23,0.13736791908740997,0.001,2279
429,10.0,10160,0.7318888888888888,1016,-0.7785000000000001,23,0.09884268790483475,0.001,2289
428,10.0,10200,0.7308333333333334,1020,-0.8475000000000001,23,0.07545224577188492,0.001,2299
427,10.0,10240,0.7297777777777776,1024,-0.7710000000000002,23,0.05472353845834732,0.001,2309
426,10.0,10280,0.7287222222222223,1028,-0.7335,24,0.10305073112249374,0.001,2319
424,10.0,10320,0.7276666666666667,1032,-0.8070000000000002,24,0.09323380887508392,0.001,2329
423,10.0,10360,0.726611111111111,1036,-0.7265,24,0.10675269365310669,0.001,2339
422,10.0,10400,0.7255555555555555,1040,-0.7575000000000003,24,0.0768812969326973,0.001,2349
422,10.0,10440,0.7245000000000001,1044,-0.7375000000000002,24,0.0895809680223465,0.001,2359
422,10.0,10480,0.7234444444444443,1048,-0.7565000000000002,24,0.09905053675174713,0.001,2369
422,10.0,10520,0.7223888888888889,1052,-0.7785,24,0.09572844952344894,0.001,2379
422,10.0,10560,0.7213333333333334,1056,-0.7610000000000001,24,0.0953260138630867,0.001,2389
423,10.0,10600,0.7202777777777776,1060,-0.6795,25,0.07924790680408478,0.001,2399
422,10.0,10640,0.7192222222222222,1064,-0.6759999999999999,25,0.10580503940582275,0.001,2409
422,10.0,10680,0.7181666666666667,1068,-0.6530000000000001,25,0.09026530385017395,0.001,2419
422,10.0,10720,0.717111111111111,1072,-0.6979999999999998,25,0.07129932940006256,0.001,2429
423,10.0,10760,0.7160555555555556,1076,-0.7244999999999999,25,0.0786355510354042,0.001,2439
423,10.0,10800,0.7150000000000001,1080,-0.7,25,0.07060489803552628,0.001,2449
423,10.0,10840,0.7139444444444443,1084,-0.6549999999999998,25,0.09112414717674255,0.001,2459
423,10.0,10880,0.7128888888888889,1088,-0.6335,25,0.07965340465307236,0.001,2469
422,10.0,10920,0.7118333333333334,1092,-0.7040000000000001,25,0.06938691437244415,0.001,2479
422,10.0,10960,0.7107777777777777,1096,-0.6929999999999998,25,0.0913281962275505,0.001,2489
422,10.0,11000,0.7097222222222221,1100,-0.6965,26,0.08135142922401428,0.001,2499
422,10.0,11040,0.7086666666666668,1104,-0.7500000000000001,26,0.07710415124893188,0.001,2509
421,10.0,11080,0.707611111111111,1108,-0.7225000000000001,26,0.07524380832910538,0.001,2519
421,10.0,11120,0.7065555555555556,1112,-0.7105,26,0.087020643055439,0.001,2529
421,10.0,11160,0.7055,1116,-0.7410000000000001,26,0.08124668896198273,0.001,2539
420,10.0,11200,0.7044444444444442,1120,-0.6890000000000001,26,0.06052864342927933,0.001,2549
420,10.0,11240,0.7033888888888888,1124,-0.801,26,0.058898963034152985,0.001,2559
419,10.0,11280,0.7023333333333335,1128,-0.7914999999999999,26,0.11992591619491577,0.001,2569
420,10.0,11320,0.7012777777777777,1132,-0.7115000000000002,26,0.058408770710229874,0.001,2579
419,10.0,11360,0.7002222222222222,1136,-0.7775,27,0.05243214592337608,0.001,2589
419,10.0,11400,0.6991666666666667,1140,-0.6825000000000001,27,0.0807630717754364,0.001,2599
418,10.0,11440,0.6981111111111109,1144,-0.718,27,0.09627363085746765,0.001,2609
418,10.0,11480,0.6970555555555555,1148,-0.6619999999999999,27,0.06910471618175507,0.001,2619
418,10.0,11520,0.6960000000000001,1152,-0.6940000000000001,27,0.17580895125865936,0.001,2629
418,10.0,11560,0.6949444444444444,1156,-0.7375000000000002,27,0.11628340929746628,0.001,2639
417,10.0,11600,0.6938888888888889,1160,-0.7875000000000001,27,0.09443937242031097,0.001,2649
417,10.0,11640,0.6928333333333334,1164,-0.8080000000000002,27,0.09411860257387161,0.001,2659
417,10.0,11680,0.691777777777778,1168,-0.8725000000000002,27,0.06980477273464203,0.001,2669
417,10.0,11720,0.6907222222222222,1172,-0.9285000000000001,28,0.09933529794216156,0.001,2679
417,10.0,11760,0.6896666666666668,1176,-0.8945000000000001,28,0.06677278131246567,0.001,2689
416,10.0,11800,0.688611111111111,1180,-0.8985,28,0.08336161077022552,0.001,2699
417,10.0,11840,0.6875555555555555,1184,-0.8835,28,0.08782220631837845,0.001,2709
417,10.0,11880,0.6865000000000001,1188,-0.8525,28,0.11411711573600769,0.001,2719
417,10.0,11920,0.6854444444444446,1192,-0.7434999999999999,28,0.05367586016654968,0.001,2729
417,10.0,11960,0.6843888888888888,1196,-0.759,28,0.05217936635017395,0.001,2739
416,10.0,12000,0.6833333333333333,1200,-0.7154999999999998,28,0.07551920413970947,0.001,2749
416,10.0,12040,0.6822777777777775,1204,-0.6425,28,0.09069699048995972,0.001,2759
416,10.0,12080,0.6812222222222222,1208,-0.733,28,0.100909024477005,0.001,2769
416,10.0,12120,0.6801666666666667,1212,-0.7879999999999999,29,0.10010963678359985,0.001,2779
416,10.0,12160,0.6791111111111112,1216,-0.8749999999999999,29,0.09229975938796997,0.001,2789
416,10.0,12200,0.6780555555555555,1220,-0.9405,29,0.09065093845129013,0.001,2799
416,10.0,12240,0.677,1224,-1.0025,29,0.10463307797908783,0.001,2809
417,10.0,12280,0.6759444444444442,1228,-1.09,29,0.07374636828899384,0.001,2819
417,10.0,12320,0.6748888888888889,1232,-1.2065000000000001,29,0.09612160176038742,0.001,2829
417,10.0,12360,0.6738333333333334,1236,-1.2239999999999998,29,0.134269118309021,0.001,2839
417,10.0,12400,0.6727777777777779,1240,-1.2575,29,0.09372862428426743,0.001,2849
416,10.0,12440,0.6717222222222221,1244,-1.2930000000000001,29,0.07783221453428268,0.001,2859
416,10.0,12480,0.6706666666666667,1248,-1.283,29,0.08358190953731537,0.001,2869
416,10.0,12520,0.6696111111111109,1252,-1.2919999999999998,30,0.08450761437416077,0.001,2879
416,10.0,12560,0.6685555555555556,1256,-1.325,30,0.10676094889640808,0.001,2889
415,10.0,12600,0.6675,1260,-1.3115,30,0.13466772437095642,0.001,2899
415,10.0,12640,0.6664444444444446,1264,-1.273,30,0.10536174476146698,0.001,2909
415,10.0,12680,0.6653888888888888,1268,-1.273,30,0.07131384313106537,0.001,2919
415,10.0,12720,0.6643333333333334,1272,-1.2540000000000002,30,0.06812068074941635,0.001,2929
414,10.0,12760,0.6632777777777776,1276,-1.3130000000000002,30,0.08899232745170593,0.001,2939
414,10.0,12800,0.6622222222222222,1280,-1.314,30,0.08001217246055603,0.001,2949
414,10.0,12840,0.6611666666666667,1284,-1.4045,31,0.10733046382665634,0.001,2959
413,10.0,12880,0.6601111111111113,1288,-1.5000000000000002,31,0.0686117634177208,0.001,2969
413,10.0,12920,0.6590555555555555,1292,-1.5434999999999999,31,0.1061195582151413,0.001,2979
413,10.0,12960,0.658,1296,-1.4144999999999999,31,0.11182796955108643,0.001,2989
412,10.0,13000,0.6569444444444443,1300,-1.4605,31,0.0806536003947258,0.001,2999
412,10.0,13040,0.6558888888888889,1304,-1.5394999999999999,31,0.09364917129278183,0.001,3009
412,10.0,13080,0.6548333333333334,1308,-1.5075000000000003,31,0.08880266547203064,0.001,3019
411,10.0,13120,0.653777777777778,1312,-1.4705,31,0.11049216240644455,0.001,3029
411,10.0,13160,0.6527222222222222,1316,-1.357,31,0.07869131863117218,0.001,3039
411,10.0,13200,0.6516666666666667,1320,-1.3664999999999998,32,0.08758185058832169,0.001,3049
412,10.0,13240,0.6506111111111109,1324,-1.2545,32,0.11266782134771347,0.001,3059
412,10.0,13280,0.6495555555555554,1328,-1.2255,32,0.0821944922208786,0.001,3069
412,10.0,13320,0.6485000000000001,1332,-1.15,32,0.09590473026037216,0.001,3079
413,10.0,13360,0.6474444444444446,1336,-1.1644999999999999,32,0.08428654074668884,0.001,3089
412,10.0,13400,0.6463888888888889,1340,-1.1905000000000001,32,0.10837060213088989,0.001,3099
412,10.0,13440,0.6453333333333333,1344,-1.1545,32,0.06758187711238861,0.001,3109
412,10.0,13480,0.644277777777778,1348,-1.206,32,0.09083909541368484,0.001,3119
411,10.0,13520,0.6432222222222221,1352,-1.253,32,0.1312914788722992,0.001,3129
411,10.0,13560,0.6421666666666668,1356,-1.2930000000000001,32,0.08790654689073563,0.001,3139
411,10.0,13600,0.6411111111111112,1360,-1.2765,33,0.13511668145656586,0.001,3149
410,10.0,13640,0.6400555555555555,1364,-1.2644999999999997,33,0.1014808788895607,0.001,3159
410,10.0,13680,0.639,1368,-1.3669999999999995,33,0.11925956606864929,0.001,3169
410,10.0,13720,0.6379444444444446,1372,-1.3754999999999997,33,0.06051305681467056,0.001,3179
410,10.0,13760,0.6368888888888888,1376,-1.3210000000000002,33,0.12067057937383652,0.001,3189
409,10.0,13800,0.6358333333333334,1380,-1.2979999999999998,33,0.08705373853445053,0.001,3199
409,10.0,13840,0.6347777777777779,1384,-1.178,33,0.07358251512050629,0.001,3209
409,10.0,13880,0.6337222222222221,1388,-1.222,33,0.06655304878950119,0.001,3219
409,10.0,13920,0.6326666666666667,1392,-1.2139999999999997,34,0.09464548528194427,0.001,3229
409,10.0,13960,0.6316111111111112,1396,-1.3364999999999996,34,0.08116866648197174,0.001,3239
408,10.0,14000,0.6305555555555555,1400,-1.3004999999999998,34,0.12317249178886414,0.001,3249
408,10.0,14040,0.6295000000000001,1404,-1.245,34,0.08393751829862595,0.001,3259
408,10.0,14080,0.6284444444444446,1408,-1.2179999999999997,34,0.10275883972644806,0.001,3269
408,10.0,14120,0.6273888888888888,1412,-1.2325,34,0.13017316162586212,0.001,3279
408,10.0,14160,0.6263333333333334,1416,-1.2639999999999998,34,0.07189792394638062,0.001,3289
409,10.0,14200,0.6252777777777779,1420,-1.2415,34,0.0852404460310936,0.001,3299
409,10.0,14240,0.6242222222222221,1424,-1.319,34,0.09866872429847717,0.001,3309
409,10.0,14280,0.6231666666666666,1428,-1.287,34,0.0917600616812706,0.001,3319
409,10.0,14320,0.6221111111111113,1432,-1.3175,34,0.13614420592784882,0.001,3329
408,10.0,14360,0.6210555555555555,1436,-1.321,35,0.08005677908658981,0.001,3339
408,10.0,14400,0.62,1440,-1.3515000000000004,35,0.10643763840198517,0.001,3349
408,10.0,14440,0.6189444444444445,1444,-1.3085000000000002,35,0.09025603532791138,0.001,3359
408,10.0,14480,0.6178888888888887,1448,-1.2745000000000002,35,0.11189790070056915,0.001,3369
407,10.0,14520,0.6168333333333333,1452,-1.2694999999999999,35,0.09643734991550446,0.001,3379
407,10.0,14560,0.6157777777777779,1456,-1.1905,35,0.11350303143262863,0.001,3389
407,10.0,14600,0.6147222222222222,1460,-1.2080000000000002,35,0.10049016773700714,0.001,3399
407,10.0,14640,0.6136666666666667,1464,-1.2825,35,0.09132571518421173,0.001,3409
406,10.0,14680,0.6126111111111112,1468,-1.212,36,0.0878998413681984,0.001,3419
406,10.0,14720,0.6115555555555554,1472,-1.275,36,0.14729490876197815,0.001,3429
405,10.0,14760,0.6105,1476,-1.2405,36,0.14629673957824707,0.001,3439
404,10.0,14800,0.6094444444444446,1480,-1.3025,36,0.08441334217786789,0.001,3449
403,10.0,14840,0.6083888888888889,1484,-1.3315000000000001,36,0.09199327230453491,0.001,3459
402,10.0,14880,0.6073333333333333,1488,-1.2685000000000002,36,0.06690046191215515,0.001,3469
401,10.0,14920,0.6062777777777779,1492,-1.2735000000000003,37,0.09069625288248062,0.001,3479
401,10.0,14960,0.6052222222222221,1496,-1.2635,37,0.08596643805503845,0.001,3489
400,10.0,15000,0.6041666666666667,1500,-1.295,37,0.09612451493740082,0.001,3499
399,10.0,15040,0.6031111111111112,1504,-1.3465000000000003,37,0.1159445270895958,0.001,3509
399,10.0,15080,0.6020555555555553,1508,-1.4025,37,0.08449874818325043,0.001,3519
398,10.0,15120,0.601,1512,-1.3330000000000002,37,0.11286978423595428,0.001,3529
397,10.0,15160,0.5999444444444446,1516,-1.3410000000000002,38,0.06798417866230011,0.001,3539
396,10.0,15200,0.5988888888888888,1520,-1.3014999999999999,38,0.1393442004919052,0.001,3549
393,10.0,15240,0.5978333333333333,1524,-1.2945,38,0.07867304980754852,0.001,3559
390,10.0,15280,0.5967777777777779,1528,-1.2459999999999998,39,0.09555474668741226,0.001,3569
389,10.0,15320,0.595722222222222,1532,-1.3139999999999998,39,0.08984285593032837,0.001,3579
388,10.0,15360,0.5946666666666667,1536,-1.285,39,0.09235449135303497,0.001,3589
387,10.0,15400,0.5936111111111112,1540,-1.2734999999999999,39,0.08349428325891495,0.001,3599
386,10.0,15440,0.5925555555555555,1544,-1.291,39,0.06598959863185883,0.001,3609
386,10.0,15480,0.5915,1548,-1.2804999999999997,40,0.06866521388292313,0.001,3619
384,10.0,15520,0.5904444444444445,1552,-1.2565000000000002,40,0.09258893132209778,0.001,3629
381,10.0,15560,0.5893888888888887,1556,-1.2575000000000003,40,0.09510374069213867,0.001,3639
381,10.0,15600,0.5883333333333334,1560,-1.3020000000000003,40,0.16572347283363342,0.001,3649
381,10.0,15640,0.5872777777777779,1564,-1.349,40,0.10283152014017105,0.001,3659
381,10.0,15680,0.5862222222222221,1568,-1.2865,41,0.10187185555696487,0.001,3669
382,10.0,15720,0.5851666666666666,1572,-1.185,41,0.11554187536239624,0.001,3679
382,10.0,15760,0.5841111111111112,1576,-1.2870000000000001,41,0.09521225094795227,0.001,3689
382,10.0,15800,0.5830555555555558,1580,-1.2775,41,0.11370192468166351,0.001,3699
382,10.0,15840,0.582,1584,-1.3229999999999997,41,0.112460657954216,0.001,3709
381,10.0,15880,0.5809444444444445,1588,-1.238,41,0.07368069142103195,0.001,3719
381,10.0,15920,0.5798888888888888,1592,-1.2810000000000001,41,0.1269705444574356,0.001,3729
381,10.0,15960,0.5788333333333333,1596,-1.2939999999999998,41,0.10386019945144653,0.001,3739
381,10.0,16000,0.577777777777778,1600,-1.2820000000000003,41,0.08145100623369217,0.001,3749
381,10.0,16040,0.5767222222222225,1604,-1.244,42,0.07515197992324829,0.001,3759
381,10.0,16080,0.5756666666666667,1608,-1.2209999999999999,42,0.09165015816688538,0.001,3769
381,10.0,16120,0.5746111111111112,1612,-1.2465000000000002,42,0.10431980341672897,0.001,3779
381,10.0,16160,0.5735555555555554,1616,-1.2369999999999999,42,0.14470064640045166,0.001,3789
382,10.0,16200,0.5725,1620,-1.286,42,0.10256704688072205,0.001,3799
382,10.0,16240,0.5714444444444445,1624,-1.2445,42,0.09712985903024673,0.001,3809
382,10.0,16280,0.5703888888888891,1628,-1.2895,42,0.07766784727573395,0.001,3819
381,10.0,16320,0.5693333333333332,1632,-1.2735000000000003,42,0.067256860435009,0.001,3829
381,10.0,16360,0.5682777777777779,1636,-1.2655,42,0.0788886696100235,0.001,3839
381,10.0,16400,0.5672222222222221,1640,-1.318,42,0.11617938429117203,0.001,3849
381,10.0,16440,0.5661666666666666,1644,-1.3880000000000001,43,0.09243592619895935,0.001,3859
381,10.0,16480,0.5651111111111111,1648,-1.4355000000000004,43,0.08951589465141296,0.001,3869
380,10.0,16520,0.5640555555555558,1652,-1.3170000000000002,43,0.1017608791589737,0.001,3879
380,10.0,16560,0.563,1656,-1.3295000000000001,43,0.10188452154397964,0.001,3889
380,10.0,16600,0.5619444444444446,1660,-1.3120000000000003,43,0.07226681709289551,0.001,3899
380,10.0,16640,0.5608888888888888,1664,-1.2260000000000002,43,0.11116744577884674,0.001,3909
380,10.0,16680,0.5598333333333333,1668,-1.258,43,0.14341725409030914,0.001,3919
380,10.0,16720,0.5587777777777778,1672,-1.2819999999999998,43,0.09380638599395752,0.001,3929
379,10.0,16760,0.5577222222222225,1676,-1.2655,44,0.09061809629201889,0.001,3939
379,10.0,16800,0.5566666666666666,1680,-1.33,44,0.06959184259176254,0.001,3949
379,10.0,16840,0.5556111111111112,1684,-1.3330000000000002,44,0.11191967129707336,0.001,3959
379,10.0,16880,0.5545555555555554,1688,-1.412,44,0.06630228459835052,0.001,3969
379,10.0,16920,0.5534999999999999,1692,-1.3955000000000002,44,0.12378678470849991,0.001,3979
379,10.0,16960,0.5524444444444445,1696,-1.4260000000000002,44,0.09936754405498505,0.001,3989
379,10.0,17000,0.551388888888889,1700,-1.5285,44,0.07708021253347397,0.001,3999
379,10.0,17040,0.5503333333333332,1704,-1.6320000000000001,44,0.17990398406982422,0.001,4009
379,10.0,17080,0.5492777777777778,1708,-1.5539999999999998,45,0.10965798050165176,0.001,4019
379,10.0,17120,0.5482222222222222,1712,-1.568,45,0.13218940794467926,0.001,4029
379,10.0,17160,0.5471666666666666,1716,-1.6205,45,0.0840587466955185,0.001,4039
379,10.0,17200,0.5461111111111112,1720,-1.6369999999999998,45,0.058096565306186676,0.001,4049
379,10.0,17240,0.5450555555555558,1724,-1.6645,45,0.06815165281295776,0.001,4059
379,10.0,17280,0.544,1728,-1.6480000000000001,45,0.12727420032024384,0.001,4069
379,10.0,17320,0.5429444444444445,1732,-1.6759999999999997,45,0.12562943994998932,0.001,4079
379,10.0,17360,0.5418888888888886,1736,-1.7280000000000002,45,0.09571448713541031,0.001,4089
379,10.0,17400,0.5408333333333333,1740,-1.6405000000000003,45,0.13739535212516785,0.001,4099
378,10.0,17440,0.5397777777777779,1744,-1.6075000000000006,46,0.11706014722585678,0.001,4109
378,10.0,17480,0.5387222222222223,1748,-1.6060000000000003,46,0.08505124598741531,0.001,4119
378,10.0,17520,0.5376666666666665,1752,-1.6839999999999997,46,0.0992143303155899,0.001,4129
378,10.0,17560,0.5366111111111111,1756,-1.7775,46,0.0871596410870552,0.001,4139
378,10.0,17600,0.5355555555555553,1760,-1.8459999999999999,46,0.11018409579992294,0.001,4149
377,10.0,17640,0.5345,1764,-1.9270000000000003,46,0.10750864446163177,0.001,4159
377,10.0,17680,0.5334444444444444,1768,-1.913,46,0.1220923513174057,0.001,4169
377,10.0,17720,0.532388888888889,1772,-1.9674999999999998,46,0.12638135254383087,0.001,4179
377,10.0,17760,0.5313333333333333,1776,-1.8950000000000002,47,0.07919812202453613,0.001,4189
377,10.0,17800,0.5302777777777778,1780,-1.8215000000000001,47,0.0759943276643753,0.001,4199
376,10.0,17840,0.529222222222222,1784,-1.794,47,0.15625816583633423,0.001,4209
376,10.0,17880,0.5281666666666667,1788,-1.831,47,0.10394586622714996,0.001,4219
376,10.0,17920,0.5271111111111112,1792,-1.8885000000000003,47,0.07990706712007523,0.001,4229
376,10.0,17960,0.5260555555555557,1796,-1.903,47,0.09026031941175461,0.001,4239
376,10.0,18000,0.5249999999999999,1800,-1.883,47,0.09357920289039612,0.001,4249
376,10.0,18040,0.5239444444444445,1804,-1.776,47,0.1801871508359909,0.001,4259
376,10.0,18080,0.5228888888888887,1808,-1.8670000000000002,48,0.08950356394052505,0.001,4269
376,10.0,18120,0.5218333333333333,1812,-2.006,48,0.09751150012016296,0.001,4279
376,10.0,18160,0.5207777777777778,1816,-2.0615000000000006,48,0.14733007550239563,0.001,4289
377,10.0,18200,0.5197222222222224,1820,-2.0400000000000005,48,0.10156868398189545,0.001,4299
377,10.0,18240,0.5186666666666666,1824,-2.069,48,0.10993766784667969,0.001,4309
377,10.0,18280,0.5176111111111111,1828,-2.0709999999999997,48,0.08628664165735245,0.001,4319
377,10.0,18320,0.5165555555555554,1832,-2.016,48,0.12260862439870834,0.001,4329
377,10.0,18360,0.5155,1836,-2.0195,48,0.0891033187508583,0.001,4339
377,10.0,18400,0.5144444444444445,1840,-2.0444999999999998,48,0.11614857614040375,0.001,4349
377,10.0,18440,0.5133888888888891,1844,-2.0989999999999998,48,0.08902256935834885,0.001,4359
378,10.0,18480,0.5123333333333333,1848,-2.141,48,0.12302042543888092,0.001,4369
378,10.0,18520,0.5112777777777778,1852,-2.1784999999999997,48,0.11159913241863251,0.001,4379
378,10.0,18560,0.510222222222222,1856,-2.1035,49,0.14546196162700653,0.001,4389
378,10.0,18600,0.5091666666666665,1860,-2.0345,49,0.1248662918806076,0.001,4399
378,10.0,18640,0.5081111111111112,1864,-1.858,49,0.11834494769573212,0.001,4409
378,10.0,18680,0.5070555555555557,1868,-1.837,49,0.080223947763443,0.001,4419
378,10.0,18720,0.5059999999999999,1872,-1.7485,49,0.09743200987577438,0.001,4429
378,10.0,18760,0.5049444444444444,1876,-1.8530000000000004,49,0.09685441851615906,0.001,4439
377,10.0,18800,0.5038888888888886,1880,-1.8680000000000003,49,0.08940140157938004,0.001,4449
377,10.0,18840,0.5028333333333332,1884,-1.9555,49,0.09685835987329483,0.001,4459
377,10.0,18880,0.5017777777777778,1888,-1.9114999999999998,49,0.08451347053050995,0.001,4469
377,10.0,18920,0.5007222222222223,1892,-1.9229999999999998,50,0.13005775213241577,0.001,4479
377,10.0,18960,0.4996666666666666,1896,-1.9370000000000003,50,0.09227214753627777,0.001,4489
377,10.0,19000,0.4986111111111111,1900,-1.9254999999999998,50,0.09961768239736557,0.001,4499
376,10.0,19040,0.4975555555555553,1904,-2.002,50,0.11986206471920013,0.001,4509
376,10.0,19080,0.49649999999999994,1908,-2.0365,50,0.10162664949893951,0.001,4519
376,10.0,19120,0.49544444444444447,1912,-1.915,50,0.09154714643955231,0.001,4529
376,10.0,19160,0.494388888888889,1916,-1.7414999999999998,50,0.10386276245117188,0.001,4539
375,10.0,19200,0.4933333333333332,1920,-1.766,51,0.12429118901491165,0.001,4549
375,10.0,19240,0.4922777777777778,1924,-1.7145,51,0.13260412216186523,0.001,4559
376,10.0,19280,0.491222222222222,1928,-1.775,51,0.0837550088763237,0.001,4569
376,10.0,19320,0.49016666666666653,1932,-1.767,51,0.07831278443336487,0.001,4579
376,10.0,19360,0.48911111111111105,1936,-1.7245,51,0.09064261615276337,0.001,4589
376,10.0,19400,0.4880555555555557,1940,-1.7345000000000002,51,0.09938115626573563,0.001,4599
376,10.0,19440,0.4869999999999999,1944,-1.7289999999999999,51,0.10706769675016403,0.001,4609
376,10.0,19480,0.4859444444444444,1948,-1.6734999999999998,51,0.09462053328752518,0.001,4619
376,10.0,19520,0.4848888888888889,1952,-1.6495000000000002,51,0.09318557381629944,0.001,4629
376,10.0,19560,0.4838333333333332,1956,-1.5944999999999998,51,0.07032670825719833,0.001,4639
377,10.0,19600,0.48277777777777786,1960,-1.6095,51,0.08864818513393402,0.001,4649
377,10.0,19640,0.4817222222222224,1964,-1.8259999999999998,52,0.10736079514026642,0.001,4659
377,10.0,19680,0.4806666666666666,1968,-1.8859999999999997,52,0.12749558687210083,0.001,4669
377,10.0,19720,0.4796111111111111,1972,-1.9715,52,0.1728084236383438,0.001,4679
376,10.0,19760,0.47855555555555573,1976,-1.949,52,0.0902499109506607,0.001,4689
375,10.0,19800,0.4774999999999999,1980,-1.9324999999999994,52,0.11003699898719788,0.001,4699
375,10.0,19840,0.47644444444444445,1984,-1.9585,52,0.09022177755832672,0.001,4709
374,10.0,19880,0.47538888888888897,1988,-2.0050000000000003,53,0.11050762981176376,0.001,4719
373,10.0,19920,0.47433333333333316,1992,-1.9539999999999995,53,0.14997723698616028,0.001,4729
373,10.0,19960,0.4732777777777778,1996,-1.908,53,0.09764435887336731,0.001,4739
373,10.0,20000,0.4722222222222223,2000,-1.8820000000000001,53,0.10958874225616455,0.001,4749
372,10.0,20040,0.4711666666666665,2004,-1.8914999999999997,53,0.10064579546451569,0.001,4759
372,10.0,20080,0.47011111111111104,2008,-1.8380000000000003,53,0.11033090204000473,0.001,4769
371,10.0,20120,0.46905555555555567,2012,-1.9269999999999998,54,0.09444586932659149,0.001,4779
370,10.0,20160,0.46799999999999986,2016,-2.0095,54,0.10454250127077103,0.001,4789
370,10.0,20200,0.4669444444444445,2020,-1.9709999999999999,54,0.11869709193706512,0.001,4799
369,10.0,20240,0.465888888888889,2024,-1.955,54,0.09125036746263504,0.001,4809
368,10.0,20280,0.4648333333333332,2028,-1.9394999999999998,54,0.1262655109167099,0.001,4819
368,10.0,20320,0.46377777777777773,2032,-2.0355000000000003,55,0.11650815606117249,0.001,4829
367,10.0,20360,0.46272222222222237,2036,-2.0,55,0.13273540139198303,0.001,4839
367,10.0,20400,0.46166666666666656,2040,-1.9555,55,0.08856723457574844,0.001,4849
366,10.0,20440,0.4606111111111111,2044,-1.9599999999999997,55,0.09987927228212357,0.001,4859
366,10.0,20480,0.4595555555555556,2048,-1.9619999999999995,55,0.13949425518512726,0.001,4869
366,10.0,20520,0.4584999999999998,2052,-1.932,56,0.15429040789604187,0.001,4879
365,10.0,20560,0.45744444444444443,2056,-2.0369999999999995,56,0.10376986861228943,0.001,4889
365,10.0,20600,0.45638888888888896,2060,-2.049,56,0.11764149367809296,0.001,4899
364,10.0,20640,0.4553333333333335,2064,-1.9225000000000003,56,0.10383660346269608,0.001,4909
364,10.0,20680,0.45427777777777767,2068,-1.8544999999999998,56,0.08393329381942749,0.001,4919
364,10.0,20720,0.4532222222222223,2072,-1.8419999999999996,56,0.0723099485039711,0.001,4929
364,10.0,20760,0.4521666666666666,2076,-1.8885000000000003,56,0.131475031375885,0.001,4939
364,10.0,20800,0.45111111111111113,2080,-1.9739999999999998,56,0.12523607909679413,0.001,4949
365,10.0,20840,0.45005555555555565,2084,-1.9115000000000004,57,0.10868925601243973,0.001,4959
365,10.0,20880,0.4490000000000003,2088,-1.8530000000000004,57,0.11855541169643402,0.001,4969
365,10.0,20920,0.4479444444444445,2092,-1.8604999999999998,57,0.1307712197303772,0.001,4979
364,10.0,20960,0.446888888888889,2096,-1.9620000000000002,57,0.08675296604633331,0.001,4989
364,10.0,21000,0.4458333333333332,2100,-1.9760000000000002,57,0.0784560963511467,0.001,4999
364,10.0,21040,0.4447777777777777,2104,-1.9365,57,0.11505689471960068,0.001,5009
364,10.0,21080,0.44372222222222235,2108,-1.9480000000000002,57,0.0884377509355545,0.001,5019
364,10.0,21120,0.4426666666666669,2112,-1.931,57,0.1034172996878624,0.001,5029
364,10.0,21160,0.44161111111111107,2116,-1.9575000000000002,58,0.06777527183294296,0.001,5039
364,10.0,21200,0.4405555555555556,2120,-1.993,58,0.08692516386508942,0.001,5049
364,10.0,21240,0.4394999999999998,2124,-2.0315,58,0.09896008670330048,0.001,5059
364,10.0,21280,0.4384444444444444,2128,-2.018,58,0.10683685541152954,0.001,5069
363,10.0,21320,0.43738888888888894,2132,-2.0,58,0.06882086396217346,0.001,5079
363,10.0,21360,0.43633333333333346,2136,-2.1235000000000004,58,0.08645356446504593,0.001,5089
363,10.0,21400,0.43527777777777776,2140,-2.2965,58,0.11722897738218307,0.001,5099
363,10.0,21440,0.4342222222222223,2144,-2.325,58,0.10829213261604309,0.001,5109
363,10.0,21480,0.4331666666666665,2148,-2.4115,59,0.07734805345535278,0.001,5119
363,10.0,21520,0.4321111111111111,2152,-2.523,59,0.15526165068149567,0.001,5129
363,10.0,21560,0.43105555555555564,2156,-2.546,59,0.13069972395896912,0.001,5139
363,10.0,21600,0.43000000000000016,2160,-2.579,59,0.13416659832000732,0.001,5149
363,10.0,21640,0.42894444444444435,2164,-2.5280000000000005,59,0.10130436718463898,0.001,5159
363,10.0,21680,0.427888888888889,2168,-2.6900000000000004,59,0.1477697491645813,0.001,5169
363,10.0,21720,0.4268333333333332,2172,-2.6890000000000005,59,0.1514006108045578,0.001,5179
363,10.0,21760,0.4257777777777777,2176,-2.625,59,0.08433978259563446,0.001,5189
363,10.0,21800,0.4247222222222222,2180,-2.5675,59,0.1282406747341156,0.001,5199
363,10.0,21840,0.42366666666666686,2184,-2.5870000000000006,60,0.10033044219017029,0.001,5209
363,10.0,21880,0.42261111111111105,2188,-2.638,60,0.07637429237365723,0.001,5219
363,10.0,21920,0.42155555555555557,2192,-2.6635000000000004,60,0.1154555007815361,0.001,5229
363,10.0,21960,0.4204999999999999,2196,-2.557,60,0.09029298275709152,0.001,5239
363,10.0,22000,0.4194444444444444,2200,-2.499,60,0.11915437877178192,0.001,5249
363,10.0,22040,0.41838888888888903,2204,-2.4779999999999998,60,0.11689776927232742,0.001,5259
363,10.0,22080,0.41733333333333356,2208,-2.3974999999999995,60,0.10121209174394608,0.001,5269
363,10.0,22120,0.41627777777777775,2212,-2.4005,60,0.11575167626142502,0.001,5279
363,10.0,22160,0.41522222222222227,2216,-2.292,60,0.10574688017368317,0.001,5289
363,10.0,22200,0.41416666666666646,2220,-2.294,61,0.1032048761844635,0.001,5299
363,10.0,22240,0.4131111111111111,2224,-2.299,61,0.08226855844259262,0.001,5309
363,10.0,22280,0.4120555555555556,2228,-2.3255,61,0.08607073128223419,0.001,5319
363,10.0,22320,0.41100000000000014,2232,-2.274,61,0.10534012317657471,0.001,5329
364,10.0,22360,0.40994444444444433,2236,-2.144,61,0.18519067764282227,0.001,5339
364,10.0,22400,0.40888888888888897,2240,-2.0375,61,0.11424267292022705,0.001,5349
364,10.0,22440,0.40783333333333316,2244,-1.9385,61,0.0919477641582489,0.001,5359
364,10.0,22480,0.4067777777777777,2248,-1.8954999999999997,61,0.12039773911237717,0.001,5369
364,10.0,22520,0.4057222222222223,2252,-1.7870000000000001,61,0.17034116387367249,0.001,5379
364,10.0,22560,0.40466666666666684,2256,-1.736,61,0.1385488361120224,0.001,5389
365,10.0,22600,0.40361111111111103,2260,-1.6724999999999997,61,0.06687777489423752,0.001,5399
365,10.0,22640,0.40255555555555567,2264,-1.7834999999999999,61,0.14203885197639465,0.001,5409
365,10.0,22680,0.40149999999999986,2268,-1.6144999999999996,62,0.13642774522304535,0.001,5419
365,10.0,22720,0.4004444444444444,2272,-1.572,62,0.08522091805934906,0.001,5429
365,10.0,22760,0.3993888888888889,2276,-1.517,62,0.1062665656208992,0.001,5439
366,10.0,22800,0.39833333333333354,2280,-1.5195,62,0.09135538339614868,0.001,5449
366,10.0,22840,0.39727777777777773,2284,-1.5339999999999998,62,0.09314744919538498,0.001,5459
366,10.0,22880,0.39622222222222225,2288,-1.5530000000000002,62,0.11648418754339218,0.001,5469
366,10.0,22920,0.39516666666666644,2292,-1.5955000000000001,62,0.14586609601974487,0.001,5479
366,10.0,22960,0.39411111111111097,2296,-1.5665,62,0.14624011516571045,0.001,5489
366,10.0,23000,0.3930555555555556,2300,-1.7279999999999998,62,0.07812520861625671,0.001,5499
367,10.0,23040,0.3920000000000001,2304,-1.7745,62,0.1155351996421814,0.001,5509
367,10.0,23080,0.39094444444444443,2308,-1.8605,62,0.149000346660614,0.001,5519
367,10.0,23120,0.38988888888888895,2312,-1.8114999999999997,62,0.07502493262290955,0.001,5529
367,10.0,23160,0.38883333333333314,2316,-1.9160000000000001,62,0.10789423435926437,0.001,5539
367,10.0,23200,0.3877777777777778,2320,-1.9195000000000002,63,0.07357313483953476,0.001,5549
368,10.0,23240,0.3867222222222223,2324,-1.9494999999999998,63,0.10308071970939636,0.001,5559
368,10.0,23280,0.3856666666666668,2328,-2.0235,63,0.10829607397317886,0.001,5569
368,10.0,23320,0.384611111111111,2332,-2.0614999999999997,63,0.08241946250200272,0.001,5579
368,10.0,23360,0.38355555555555565,2336,-2.1505000000000005,63,0.09022656828165054,0.001,5589
368,10.0,23400,0.38249999999999984,2340,-2.2075000000000005,63,0.1347518265247345,0.001,5599
368,10.0,23440,0.38144444444444436,2344,-2.263,63,0.12013030797243118,0.001,5609
368,10.0,23480,0.3803888888888889,2348,-2.3035,63,0.11733828485012054,0.001,5619
368,10.0,23520,0.3793333333333335,2352,-2.4814999999999996,63,0.10262798517942429,0.001,5629
369,10.0,23560,0.3782777777777777,2356,-2.495,63,0.12901192903518677,0.001,5639
369,10.0,23600,0.37722222222222224,2360,-2.5199999999999996,63,0.13241741061210632,0.001,5649
369,10.0,23640,0.37616666666666654,2364,-2.4685,63,0.12840697169303894,0.001,5659
369,10.0,23680,0.37511111111111106,2368,-2.571,64,0.08563368767499924,0.001,5669
369,10.0,23720,0.3740555555555556,2372,-2.6590000000000003,64,0.12206850200891495,0.001,5679
370,10.0,23760,0.3730000000000002,2376,-2.7664999999999997,64,0.1308131068944931,0.001,5689
370,10.0,23800,0.3719444444444444,2380,-2.7249999999999996,64,0.10640807449817657,0.001,5699
370,10.0,23840,0.37088888888888893,2384,-2.755999999999999,64,0.08762520551681519,0.001,5709
370,10.0,23880,0.3698333333333331,2388,-2.7444999999999995,64,0.09808933734893799,0.001,5719
370,10.0,23920,0.36877777777777765,2392,-2.6479999999999997,64,0.08397333323955536,0.001,5729
370,10.0,23960,0.3677222222222223,2396,-2.8065,64,0.07389719784259796,0.001,5739
371,10.0,24000,0.3666666666666668,2400,-2.8105,64,0.09281788766384125,0.001,5749
371,10.0,24040,0.365611111111111,2404,-2.9034999999999997,64,0.10167066007852554,0.001,5759
371,10.0,24080,0.3645555555555555,2408,-2.8930000000000002,64,0.08345087617635727,0.001,5769
371,10.0,24120,0.3634999999999997,2412,-2.8739999999999997,64,0.1413719654083252,0.001,5779
371,10.0,24160,0.36244444444444435,2416,-2.905,65,0.11879310011863708,0.001,5789
371,10.0,24200,0.36138888888888887,2420,-2.8625,65,0.14581282436847687,0.001,5799
372,10.0,24240,0.3603333333333334,2424,-2.771000000000001,65,0.138848215341568,0.001,5809
372,10.0,24280,0.3592777777777777,2428,-2.7965,65,0.10973425209522247,0.001,5819
372,10.0,24320,0.35822222222222233,2432,-2.8560000000000008,65,0.14813163876533508,0.001,5829
372,10.0,24360,0.3571666666666665,2436,-2.735,65,0.1236882209777832,0.001,5839
372,10.0,24400,0.35611111111111104,2440,-2.7960000000000003,65,0.1402726024389267,0.001,5849
372,10.0,24440,0.35505555555555557,2444,-2.787,65,0.16892151534557343,0.001,5859
372,10.0,24480,0.3540000000000002,2448,-2.7675,65,0.08866792917251587,0.001,5869
373,10.0,24520,0.3529444444444444,2452,-2.6904999999999997,65,0.15757589042186737,0.001,5879
373,10.0,24560,0.3518888888888889,2456,-2.7299999999999995,65,0.15709666907787323,0.001,5889
373,10.0,24600,0.35083333333333344,2460,-2.7019999999999995,65,0.13788765668869019,0.001,5899
373,10.0,24640,0.34977777777777763,2464,-2.700999999999999,65,0.08960318565368652,0.001,5909
373,10.0,24680,0.34872222222222227,2468,-2.7639999999999993,66,0.13853853940963745,0.001,5919
373,10.0,24720,0.3476666666666668,2472,-2.8009999999999997,66,0.10330569744110107,0.001,5929
374,10.0,24760,0.346611111111111,2476,-2.816,66,0.11060238629579544,0.001,5939
374,10.0,24800,0.3455555555555555,2480,-2.8575,66,0.09405095875263214,0.001,5949
374,10.0,24840,0.34450000000000014,2484,-2.8674999999999993,66,0.11509433388710022,0.001,5959
374,10.0,24880,0.34344444444444433,2488,-2.8545000000000003,66,0.06127026677131653,0.001,5969
374,10.0,24920,0.34238888888888896,2492,-2.9764999999999997,66,0.12512995302677155,0.001,5979
374,10.0,24960,0.3413333333333335,2496,-2.9564999999999992,66,0.08125058561563492,0.001,5989
374,10.0,25000,0.3402777777777777,2500,-2.8840000000000003,66,0.13108877837657928,0.001,5999
374,10.0,25040,0.3392222222222222,2504,-2.792,66,0.16276060044765472,0.001,6009
374,10.0,25080,0.33816666666666684,2508,-2.8185,66,0.08117736130952835,0.001,6019
374,10.0,25120,0.33711111111111103,2512,-2.8885,67,0.13021203875541687,0.001,6029
374,10.0,25160,0.33605555555555555,2516,-2.9095,67,0.09165950864553452,0.001,6039
374,10.0,25200,0.3350000000000001,2520,-2.9519999999999995,67,0.10370776057243347,0.001,6049
374,10.0,25240,0.33394444444444427,2524,-3.0229999999999997,67,0.10049509257078171,0.001,6059
375,10.0,25280,0.3328888888888889,2528,-2.9175,67,0.12615308165550232,0.001,6069
375,10.0,25320,0.3318333333333334,2532,-2.9165000000000005,67,0.14703866839408875,0.001,6079
375,10.0,25360,0.3307777777777776,2536,-3.0060000000000007,67,0.11402786523103714,0.001,6089
375,10.0,25400,0.32972222222222214,2540,-2.8915,67,0.16749785840511322,0.001,6099
375,10.0,25440,0.3286666666666668,2544,-2.9175,67,0.0881219431757927,0.001,6109
375,10.0,25480,0.3276111111111111,2548,-2.8754999999999997,67,0.12129029631614685,0.001,6119
375,10.0,25520,0.3265555555555556,2552,-2.7955,67,0.12119504064321518,0.001,6129
376,10.0,25560,0.3255000000000001,2556,-2.7155000000000005,67,0.16402681171894073,0.001,6139
376,10.0,25600,0.3244444444444443,2560,-2.7360000000000007,68,0.1121891662478447,0.001,6149
376,10.0,25640,0.32338888888888895,2564,-2.784,68,0.09415081888437271,0.001,6159
376,10.0,25680,0.32233333333333347,2568,-2.7970000000000006,68,0.134006068110466,0.001,6169
376,10.0,25720,0.321277777777778,2572,-2.7439999999999998,68,0.1064671128988266,0.001,6179
375,10.0,25760,0.3202222222222222,2576,-2.8095,68,0.09898538142442703,0.001,6189
375,10.0,25800,0.3191666666666668,2580,-2.8705000000000003,68,0.08541568368673325,0.001,6199
374,10.0,25840,0.318111111111111,2584,-2.85,68,0.11131900548934937,0.001,6209
374,10.0,25880,0.31705555555555553,2588,-2.8434999999999997,69,0.08717416226863861,0.001,6219
373,10.0,25920,0.31600000000000006,2592,-2.7439999999999998,69,0.12095839530229568,0.001,6229
373,10.0,25960,0.3149444444444447,2596,-2.7420000000000004,69,0.14791756868362427,0.001,6239
373,10.0,26000,0.3138888888888889,2600,-2.7969999999999997,69,0.10152391344308853,0.001,6249
372,10.0,26040,0.3128333333333334,2604,-2.8125,69,0.14335617423057556,0.001,6259
372,10.0,26080,0.3117777777777777,2608,-2.7899999999999996,70,0.16038963198661804,0.001,6269
372,10.0,26120,0.31072222222222223,2612,-2.8339999999999996,70,0.09733186662197113,0.001,6279
372,10.0,26160,0.30966666666666676,2616,-2.7485000000000004,70,0.11346909403800964,0.001,6289
372,10.0,26200,0.3086111111111114,2620,-2.7574999999999994,70,0.11974091827869415,0.001,6299
372,10.0,26240,0.3075555555555556,2624,-2.7445,70,0.17399154603481293,0.001,6309
371,10.0,26280,0.3065000000000001,2628,-2.8095,70,0.08385825157165527,0.001,6319
369,10.0,26320,0.3054444444444443,2632,-2.7305000000000006,71,0.09978573024272919,0.001,6329
368,10.0,26360,0.3043888888888888,2636,-2.8104999999999993,71,0.09948136657476425,0.001,6339
368,10.0,26400,0.30333333333333345,2640,-2.904,71,0.1293756067752838,0.001,6349
368,10.0,26440,0.302277777777778,2644,-2.9455,71,0.16380886733531952,0.001,6359
368,10.0,26480,0.30122222222222217,2648,-2.9410000000000003,71,0.13883978128433228,0.001,6369
367,10.0,26520,0.3001666666666667,2652,-2.9614999999999996,72,0.115740105509758,0.001,6379
367,10.0,26560,0.2991111111111109,2656,-3.0425,72,0.10081084072589874,0.001,6389
367,10.0,26600,0.2980555555555555,2660,-3.0379999999999994,72,0.1116408035159111,0.001,6399
366,10.0,26640,0.29700000000000004,2664,-3.037,72,0.18080168962478638,0.001,6409
366,10.0,26680,0.29594444444444457,2668,-2.977,72,0.10959095507860184,0.001,6419
366,10.0,26720,0.29488888888888887,2672,-3.0805000000000002,72,0.10072853416204453,0.001,6429
367,10.0,26760,0.2938333333333335,2676,-2.9734999999999996,72,0.11921170353889465,0.001,6439
367,10.0,26800,0.2927777777777777,2680,-2.924000000000001,73,0.1349690705537796,0.001,6449
367,10.0,26840,0.2917222222222222,2684,-2.8415000000000004,73,0.13691940903663635,0.001,6459
367,10.0,26880,0.29066666666666674,2688,-2.9375,73,0.11916522681713104,0.001,6469
367,10.0,26920,0.2896111111111114,2692,-2.884,73,0.09344261139631271,0.001,6479
367,10.0,26960,0.28855555555555557,2696,-2.7609999999999997,73,0.084702268242836,0.001,6489
366,10.0,27000,0.2875000000000001,2700,-2.7354999999999996,73,0.1261349320411682,0.001,6499
366,10.0,27040,0.2864444444444443,2704,-2.696499999999999,73,0.16087573766708374,0.001,6509
366,10.0,27080,0.2853888888888888,2708,-2.82,73,0.12593965232372284,0.001,6519
366,10.0,27120,0.28433333333333344,2712,-2.6920000000000006,73,0.10586321353912354,0.001,6529
366,10.0,27160,0.28327777777777796,2716,-2.6829999999999994,74,0.11368702352046967,0.001,6539
367,10.0,27200,0.28222222222222215,2720,-2.605,74,0.10344533622264862,0.001,6549
367,10.0,27240,0.2811666666666667,2724,-2.695,74,0.1211070567369461,0.001,6559
367,10.0,27280,0.280111111111111,2728,-2.6925,74,0.08583737909793854,0.001,6569
367,10.0,27320,0.2790555555555555,2732,-2.6545000000000005,74,0.10833682864904404,0.001,6579
367,10.0,27360,0.27800000000000014,2736,-2.545,74,0.10753557085990906,0.001,6589
367,10.0,27400,0.27694444444444466,2740,-2.405,74,0.11444036662578583,0.001,6599
367,10.0,27440,0.27588888888888885,2744,-2.3705000000000003,74,0.12211520969867706,0.001,6609
367,10.0,27480,0.2748333333333334,2748,-2.4450000000000003,74,0.09282541275024414,0.001,6619
367,10.0,27520,0.27377777777777756,2752,-2.416,74,0.1404716819524765,0.001,6629
367,10.0,27560,0.2727222222222222,2756,-2.3369999999999997,74,0.12499909102916718,0.001,6639
368,10.0,27600,0.2716666666666667,2760,-2.4160000000000004,74,0.11991451680660248,0.001,6649
368,10.0,27640,0.27061111111111125,2764,-2.3939999999999997,75,0.04858681187033653,0.001,6659
368,10.0,27680,0.26955555555555544,2768,-2.37,75,0.08508796244859695,0.001,6669
368,10.0,27720,0.26850000000000007,2772,-2.25,75,0.1097688227891922,0.001,6679
368,10.0,27760,0.26744444444444426,2776,-2.1650000000000005,75,0.1579323261976242,0.001,6689
368,10.0,27800,0.2663888888888888,2780,-2.1859999999999995,75,0.0718025267124176,0.001,6699
369,10.0,27840,0.2653333333333333,2784,-2.1069999999999998,75,0.12766124308109283,0.001,6709
369,10.0,27880,0.26427777777777794,2788,-1.9604999999999995,75,0.12777447700500488,0.001,6719
369,10.0,27920,0.26322222222222225,2792,-2.0084999999999997,75,0.12184368073940277,0.001,6729
369,10.0,27960,0.26216666666666677,2796,-2.066,75,0.11096461117267609,0.001,6739
369,10.0,28000,0.26111111111111096,2800,-2.029,75,0.09948763251304626,0.001,6749
369,10.0,28040,0.2600555555555555,2804,-1.9945000000000002,75,0.15746434032917023,0.001,6759
369,10.0,28080,0.2590000000000001,2808,-1.8589999999999998,75,0.09510908275842667,0.001,6769
369,10.0,28120,0.25794444444444464,2812,-1.945,76,0.08103323727846146,0.001,6779
369,10.0,28160,0.25688888888888883,2816,-1.943,76,0.13553795218467712,0.001,6789
370,10.0,28200,0.25583333333333336,2820,-1.9615000000000002,76,0.09318920969963074,0.001,6799
370,10.0,28240,0.25477777777777755,2824,-1.9115,76,0.133030965924263,0.001,6809
370,10.0,28280,0.2537222222222222,2828,-1.8419999999999999,76,0.1312878578901291,0.001,6819
370,10.0,28320,0.2526666666666667,2832,-1.9235,76,0.09011873602867126,0.001,6829
370,10.0,28360,0.25161111111111123,2836,-1.9469999999999996,76,0.09990881383419037,0.001,6839
370,10.0,28400,0.2505555555555554,2840,-2.0604999999999998,76,0.10365402698516846,0.001,6849
371,10.0,28440,0.24950000000000006,2844,-1.9905000000000002,76,0.10171067714691162,0.001,6859
371,10.0,28480,0.24844444444444425,2848,-1.9405000000000003,76,0.05687624216079712,0.001,6869
371,10.0,28520,0.24738888888888888,2852,-2.0235,76,0.1509442776441574,0.001,6879
371,10.0,28560,0.2463333333333334,2856,-2.0460000000000007,76,0.08989886194467545,0.001,6889
371,10.0,28600,0.24527777777777793,2860,-2.0170000000000003,76,0.12552812695503235,0.001,6899
371,10.0,28640,0.24422222222222212,2864,-1.9469999999999998,77,0.12515322864055634,0.001,6909
371,10.0,28680,0.24316666666666675,2868,-1.8895,77,0.08691900223493576,0.001,6919
371,10.0,28720,0.24211111111111094,2872,-1.9180000000000001,77,0.109772689640522,0.001,6929
371,10.0,28760,0.24105555555555547,2876,-2.0605,77,0.10757128149271011,0.001,6939
371,10.0,28800,0.24,2880,-1.9405000000000001,77,0.08102654665708542,0.001,6949
372,10.0,28840,0.23894444444444463,2884,-2.092,77,0.10586924105882645,0.001,6959
372,10.0,28880,0.23788888888888882,2888,-2.1585,77,0.11434400081634521,0.001,6969
372,10.0,28920,0.23683333333333334,2892,-2.1845,77,0.09155217558145523,0.001,6979
372,10.0,28960,0.23577777777777753,2896,-2.2409999999999997,77,0.13818871974945068,0.001,6989
372,10.0,29000,0.23472222222222205,2900,-2.261,77,0.1207689642906189,0.001,6999
372,10.0,29040,0.2336666666666667,2904,-2.2980000000000005,77,0.11684893071651459,0.001,7009
372,10.0,29080,0.2326111111111112,2908,-2.2825,77,0.10207904875278473,0.001,7019
372,10.0,29120,0.23155555555555551,2912,-2.1815,78,0.06890012323856354,0.001,7029
373,10.0,29160,0.23050000000000004,2916,-2.235,78,0.09288332611322403,0.001,7039
373,10.0,29200,0.22944444444444423,2920,-2.1975,78,0.09242190420627594,0.001,7049
373,10.0,29240,0.22838888888888886,2924,-2.1294999999999997,78,0.10289062559604645,0.001,7059
373,10.0,29280,0.2273333333333334,2928,-2.1785,78,0.11699029803276062,0.001,7069
373,10.0,29320,0.2262777777777779,2932,-2.1910000000000003,78,0.09304387122392654,0.001,7079
373,10.0,29360,0.2252222222222221,2936,-2.2235,78,0.10517382621765137,0.001,7089
373,10.0,29400,0.22416666666666674,2940,-2.1585,78,0.0823635458946228,0.001,7099
373,10.0,29440,0.22311111111111126,2944,-2.153,78,0.15657509863376617,0.001,7109
374,10.0,29480,0.22205555555555545,2948,-2.1675,78,0.08831053972244263,0.001,7119
374,10.0,29520,0.22099999999999997,2952,-2.0850000000000004,78,0.16103976964950562,0.001,7129
374,10.0,29560,0.2199444444444446,2956,-2.129,78,0.0673454999923706,0.001,7139
374,10.0,29600,0.2188888888888888,2960,-2.1835000000000004,79,0.11790867149829865,0.001,7149
374,10.0,29640,0.21783333333333332,2964,-2.224,79,0.11294111609458923,0.001,7159
374,10.0,29680,0.21677777777777785,2968,-2.3785000000000003,79,0.1552368551492691,0.001,7169
374,10.0,29720,0.21572222222222215,2972,-2.322,79,0.11542996019124985,0.001,7179
374,10.0,29760,0.21466666666666667,2976,-2.2390000000000008,79,0.10732324421405792,0.001,7189
374,10.0,29800,0.2136111111111113,2980,-2.4219999999999997,79,0.08588167279958725,0.001,7199
374,10.0,29840,0.2125555555555555,2984,-2.4495,79,0.13581660389900208,0.001,7209
374,10.0,29880,0.21150000000000002,2988,-2.5500000000000003,79,0.11402604728937149,0.001,7219
375,10.0,29920,0.21044444444444455,2992,-2.6229999999999993,79,0.1085643619298935,0.001,7229
375,10.0,29960,0.20938888888888874,2996,-2.5195,79,0.08610060811042786,0.001,7239
375,10.0,30000,0.20833333333333337,3000,-2.5075,79,0.10844869166612625,0.001,7249
375,10.0,30040,0.2072777777777779,3004,-2.5105000000000004,79,0.081865094602108,0.001,7259
375,10.0,30080,0.20622222222222242,3008,-2.478,80,0.10184071213006973,0.001,7269
375,10.0,30120,0.2051666666666666,3012,-2.4595000000000002,80,0.1032780259847641,0.001,7279
375,10.0,30160,0.2041111111111108,3016,-2.405,80,0.08862185478210449,0.001,7289
375,10.0,30200,0.20305555555555543,3020,-2.6425,80,0.07721148431301117,0.001,7299
375,10.0,30240,0.20199999999999996,3024,-2.668,80,0.0986248180270195,0.001,7309
376,10.0,30280,0.20094444444444448,3028,-2.583,80,0.11403344571590424,0.001,7319
376,10.0,30320,0.19988888888888912,3032,-2.3805000000000005,80,0.12036480009555817,0.001,7329
376,10.0,30360,0.19883333333333342,3036,-2.3045,80,0.08604603260755539,0.001,7339
376,10.0,30400,0.1977777777777776,3040,-2.2674999999999996,80,0.09471827745437622,0.001,7349
376,10.0,30440,0.19672222222222213,3044,-2.2115,80,0.1084943637251854,0.001,7359
376,10.0,30480,0.19566666666666666,3048,-2.138,80,0.1070995032787323,0.001,7369
376,10.0,30520,0.1946111111111113,3052,-2.1715,80,0.1422232687473297,0.001,7379
377,10.0,30560,0.1935555555555558,3056,-2.0460000000000003,81,0.14582179486751556,0.001,7389
377,10.0,30600,0.1925,3060,-1.8904999999999998,81,0.1116655096411705,0.001,7399
377,10.0,30640,0.1914444444444442,3064,-1.9315,81,0.12604908645153046,0.001,7409
377,10.0,30680,0.19038888888888872,3068,-1.8045000000000004,81,0.1055624783039093,0.001,7419
377,10.0,30720,0.18933333333333335,3072,-1.8640000000000003,81,0.12476066499948502,0.001,7429
377,10.0,30760,0.18827777777777788,3076,-1.9165,81,0.1082628145813942,0.001,7439
377,10.0,30800,0.1872222222222224,3080,-1.8170000000000002,81,0.09316006302833557,0.001,7449
377,10.0,30840,0.1861666666666666,3084,-1.8085000000000002,81,0.08580431342124939,0.001,7459
377,10.0,30880,0.1851111111111109,3088,-1.676,81,0.09476584196090698,0.001,7469
377,10.0,30920,0.18405555555555542,3092,-1.5815000000000003,81,0.13227863609790802,0.001,7479
377,10.0,30960,0.18300000000000005,3096,-1.729,81,0.09190850704908371,0.001,7489
377,10.0,31000,0.18194444444444458,3100,-1.7640000000000002,82,0.07961257547140121,0.001,7499
378,10.0,31040,0.1808888888888891,3104,-1.7345,82,0.13799771666526794,0.001,7509
378,10.0,31080,0.1798333333333333,3108,-1.8085000000000002,82,0.09907156229019165,0.001,7519
378,10.0,31120,0.17877777777777748,3112,-1.9874999999999998,82,0.10635854303836823,0.001,7529
378,10.0,31160,0.17772222222222211,3116,-2.0275,82,0.10036355257034302,0.001,7539
378,10.0,31200,0.17666666666666664,3120,-1.8375,82,0.1281505525112152,0.001,7549
378,10.0,31240,0.17561111111111116,3124,-1.87,82,0.09815233945846558,0.001,7559
378,10.0,31280,0.1745555555555558,3128,-1.9879999999999995,82,0.10963568091392517,0.001,7569
378,10.0,31320,0.1735,3132,-2.133,82,0.11246565729379654,0.001,7579
378,10.0,31360,0.1724444444444445,3136,-2.1490000000000005,82,0.11708769202232361,0.001,7589
378,10.0,31400,0.1713888888888887,3140,-2.137,82,0.10777502506971359,0.001,7599
378,10.0,31440,0.17033333333333323,3144,-2.1475,82,0.0946490615606308,0.001,7609
378,10.0,31480,0.16927777777777786,3148,-2.2155000000000005,83,0.15824557840824127,0.001,7619
378,10.0,31520,0.16822222222222238,3152,-2.2125,83,0.20401650667190552,0.001,7629
379,10.0,31560,0.16716666666666669,3156,-2.2605,83,0.16205421090126038,0.001,7639
379,10.0,31600,0.1661111111111111,3160,-2.2645,83,0.10692295432090759,0.001,7649
379,10.0,31640,0.1650555555555553,3164,-2.3249999999999993,83,0.09961257874965668,0.001,7659
379,10.0,31680,0.16399999999999992,3168,-2.273,83,0.11328300833702087,0.001,7669
379,10.0,31720,0.16294444444444445,3172,-2.2089999999999996,83,0.08909658342599869,0.001,7679
379,10.0,31760,0.16188888888888897,3176,-2.15,83,0.14309047162532806,0.001,7689
379,10.0,31800,0.16083333333333338,3180,-2.1034999999999995,83,0.06864260137081146,0.001,7699
379,10.0,31840,0.1597777777777779,3184,-2.0324999999999998,83,0.12155918776988983,0.001,7709
379,10.0,31880,0.1587222222222221,3188,-2.0685,84,0.08129939436912537,0.001,7719
379,10.0,31920,0.15766666666666673,3192,-2.0715,84,0.07114210724830627,0.001,7729
379,10.0,31960,0.15661111111111126,3196,-1.947,84,0.10361122339963913,0.001,7739
379,10.0,32000,0.15555555555555578,3200,-1.916,84,0.11225534230470657,0.001,7749
379,10.0,32040,0.15449999999999997,3204,-1.9920000000000002,84,0.10649511963129044,0.001,7759
379,10.0,32080,0.1534444444444446,3208,-1.989,84,0.11982852220535278,0.001,7769
379,10.0,32120,0.1523888888888888,3212,-1.9174999999999998,84,0.14656631648540497,0.001,7779
379,10.0,32160,0.15133333333333332,3216,-1.8775,84,0.13571178913116455,0.001,7789
379,10.0,32200,0.15027777777777784,3220,-1.8484999999999996,84,0.09014720469713211,0.001,7799
379,10.0,32240,0.14922222222222248,3224,-1.8635000000000002,85,0.09776680916547775,0.001,7809
379,10.0,32280,0.14816666666666667,3228,-1.8124999999999998,85,0.12057048827409744,0.001,7819
379,10.0,32320,0.1471111111111112,3232,-1.7469999999999999,85,0.12217804789543152,0.001,7829
379,10.0,32360,0.14605555555555538,3236,-1.7529999999999994,85,0.1483137160539627,0.001,7839
379,10.0,32400,0.1449999999999999,3240,-1.8489999999999998,85,0.1384582370519638,0.001,7849
379,10.0,32440,0.14394444444444454,3244,-1.945,85,0.12118154019117355,0.001,7859
379,10.0,32480,0.14288888888888907,3248,-1.8459999999999999,85,0.13537423312664032,0.001,7869
379,10.0,32520,0.14183333333333326,3252,-1.83,85,0.11689922213554382,0.001,7879
379,10.0,32560,0.14077777777777778,3256,-1.832,85,0.1068144142627716,0.001,7889
379,10.0,32600,0.13972222222222197,3260,-1.8730000000000002,85,0.14931657910346985,0.001,7899
379,10.0,32640,0.1386666666666666,3264,-1.76,86,0.14791031181812286,0.001,7909
379,10.0,32680,0.13761111111111113,3268,-1.7514999999999998,86,0.08329474925994873,0.001,7919
379,10.0,32720,0.13655555555555565,3272,-1.7594999999999996,86,0.12046089768409729,0.001,7929
379,10.0,32760,0.13549999999999984,3276,-1.6935,86,0.12442316114902496,0.001,7939
379,10.0,32800,0.13444444444444448,3280,-1.7375,86,0.1213696300983429,0.001,7949
379,10.0,32840,0.13338888888888867,3284,-1.7504999999999997,86,0.13129165768623352,0.001,7959
379,10.0,32880,0.1323333333333332,3288,-1.7014999999999996,86,0.08337271958589554,0.001,7969
379,10.0,32920,0.13127777777777772,3292,-1.6765,86,0.09875640273094177,0.001,7979
379,10.0,32960,0.13022222222222235,3296,-1.628,86,0.128351628780365,0.001,7989
379,10.0,33000,0.12916666666666665,3300,-1.5799999999999996,87,0.16586047410964966,0.001,7999
379,10.0,33040,0.1281111111111113,3304,-1.555,87,0.1294407695531845,0.001,8009
379,10.0,33080,0.12705555555555548,3308,-1.5465000000000004,87,0.12976999580860138,0.001,8019
379,10.0,33120,0.126,3312,-1.52,87,0.1306189000606537,0.001,8029
379,10.0,33160,0.12494444444444452,3316,-1.4565000000000003,87,0.12238138169050217,0.001,8039
379,10.0,33200,0.12388888888888916,3320,-1.5094999999999998,87,0.08123272657394409,0.001,8049
379,10.0,33240,0.12283333333333335,3324,-1.4229999999999998,87,0.10377669334411621,0.001,8059
379,10.0,33280,0.12177777777777787,3328,-1.3880000000000001,87,0.09372565150260925,0.001,8069
379,10.0,33320,0.12072222222222206,3332,-1.3665,87,0.10700395703315735,0.001,8079
379,10.0,33360,0.11966666666666659,3336,-1.3835,87,0.06030368432402611,0.001,8089
379,10.0,33400,0.11861111111111122,3340,-1.3575,88,0.12116514146327972,0.001,8099
379,10.0,33440,0.11755555555555575,3344,-1.2930000000000001,88,0.08581553399562836,0.001,8109
379,10.0,33480,0.11649999999999994,3348,-1.2595,88,0.10481778532266617,0.001,8119
379,10.0,33520,0.11544444444444446,3352,-1.2255,88,0.12907791137695312,0.001,8129
379,10.0,33560,0.11438888888888865,3356,-1.211,88,0.10598792135715485,0.001,8139
379,10.0,33600,0.11333333333333329,3360,-1.1740000000000002,88,0.07842852175235748,0.001,8149
379,10.0,33640,0.11227777777777781,3364,-1.1185000000000003,88,0.10156789422035217,0.001,8159
379,10.0,33680,0.11122222222222233,3368,-1.2075000000000002,88,0.1396493911743164,0.001,8169
379,10.0,33720,0.11016666666666652,3372,-1.161,88,0.15723884105682373,0.001,8179
379,10.0,33760,0.10911111111111116,3376,-1.2494999999999998,88,0.14734910428524017,0.001,8189
379,10.0,33800,0.10805555555555535,3380,-1.285,89,0.14873775839805603,0.001,8199
379,10.0,33840,0.10699999999999987,3384,-1.2519999999999998,89,0.07374763488769531,0.001,8209
379,10.0,33880,0.1059444444444444,3388,-1.267,89,0.1020442396402359,0.001,8219
379,10.0,33920,0.10488888888888903,3392,-1.207,89,0.11846888810396194,0.001,8229
379,10.0,33960,0.10383333333333356,3396,-1.2175000000000002,89,0.10868051648139954,0.001,8239
379,10.0,34000,0.10277777777777775,3400,-1.199,89,0.13343901932239532,0.001,8249
379,10.0,34040,0.10172222222222194,3404,-1.1704999999999999,89,0.13261495530605316,0.001,8259
379,10.0,34080,0.10066666666666646,3408,-1.154,89,0.07711619883775711,0.001,8269
379,10.0,34120,0.0996111111111111,3412,-1.056,89,0.10847746580839157,0.001,8279
379,10.0,34160,0.09855555555555562,3416,-1.0895000000000001,89,0.07520411908626556,0.001,8289
379,10.0,34200,0.09750000000000014,3420,-1.171,90,0.062449999153614044,0.001,8299
379,10.0,34240,0.09644444444444455,3424,-1.225,90,0.10517868399620056,0.001,8309
379,10.0,34280,0.09538888888888875,3428,-1.236,90,0.11458457261323929,0.001,8319
379,10.0,34320,0.09433333333333327,3432,-1.245,90,0.07006300240755081,0.001,8329
380,10.0,34360,0.0932777777777779,3436,-1.178,90,0.13717764616012573,0.001,8339
380,10.0,34400,0.09222222222222243,3440,-1.1624999999999999,90,0.07304121553897858,0.001,8349
380,10.0,34440,0.09116666666666695,3444,-1.2429999999999999,90,0.11215967684984207,0.001,8359
380,10.0,34480,0.09011111111111114,3448,-1.3535,90,0.07337313890457153,0.001,8369
380,10.0,34520,0.08905555555555533,3452,-1.321,90,0.08689732849597931,0.001,8379
380,10.0,34560,0.08799999999999997,3456,-1.361,90,0.12536492943763733,0.001,8389
380,10.0,34600,0.08694444444444449,3460,-1.3155000000000001,90,0.11113721877336502,0.001,8399
380,10.0,34640,0.08588888888888901,3464,-1.3784999999999998,91,0.1210021898150444,0.001,8409
380,10.0,34680,0.08483333333333365,3468,-1.3344999999999998,91,0.10097651928663254,0.001,8419
380,10.0,34720,0.08377777777777784,3472,-1.3435000000000001,91,0.1441943496465683,0.001,8429
380,10.0,34760,0.08272222222222203,3476,-1.283,91,0.1152767613530159,0.001,8439
380,10.0,34800,0.08166666666666655,3480,-1.229,91,0.16726602613925934,0.001,8449
380,10.0,34840,0.08061111111111108,3484,-1.26,91,0.08175604045391083,0.001,8459
381,10.0,34880,0.07955555555555571,3488,-1.2344999999999997,91,0.09826411306858063,0.001,8469
381,10.0,34920,0.07850000000000024,3492,-1.2785,91,0.11069466173648834,0.001,8479
381,10.0,34960,0.07744444444444443,3496,-1.2214999999999998,91,0.09627658873796463,0.001,8489
381,10.0,35000,0.07638888888888862,3500,-1.1725,91,0.09807897359132767,0.001,8499
381,10.0,35040,0.07533333333333314,3504,-1.1059999999999999,91,0.17673762142658234,0.001,8509
381,10.0,35080,0.07427777777777778,3508,-1.0534999999999999,92,0.1321299821138382,0.001,8519
381,10.0,35120,0.0732222222222223,3512,-1.0679999999999998,92,0.11798695474863052,0.001,8529
381,10.0,35160,0.07216666666666682,3516,-1.0499999999999998,92,0.07924923300743103,0.001,8539
381,10.0,35200,0.07111111111111101,3520,-0.9524999999999999,92,0.12495999783277512,0.001,8549
381,10.0,35240,0.0700555555555552,3524,-0.8619999999999999,92,0.07814418524503708,0.001,8559
381,10.0,35280,0.06899999999999984,3528,-0.8305,92,0.12136495858430862,0.001,8569
381,10.0,35320,0.06794444444444436,3532,-0.8145,92,0.06744775176048279,0.001,8579
381,10.0,35360,0.06688888888888889,3536,-0.8165,92,0.1305721253156662,0.001,8589
382,10.0,35400,0.06583333333333352,3540,-0.7389999999999999,92,0.13248252868652344,0.001,8599
382,10.0,35440,0.06477777777777782,3544,-0.647,92,0.0776565670967102,0.001,8609
382,10.0,35480,0.06372222222222201,3548,-0.653,92,0.09338857233524323,0.001,8619
382,10.0,35520,0.06266666666666665,3552,-0.636,92,0.1256856769323349,0.001,8629
382,10.0,35560,0.06161111111111117,3556,-0.6100000000000001,93,0.08344653993844986,0.001,8639
382,10.0,35600,0.060555555555555696,3560,-0.653,93,0.10746556520462036,0.001,8649
382,10.0,35640,0.05950000000000033,3564,-0.584,93,0.14533914625644684,0.001,8659
382,10.0,35680,0.05844444444444452,3568,-0.5425,93,0.13484206795692444,0.001,8669
382,10.0,35720,0.05738888888888871,3572,-0.508,93,0.08888030052185059,0.001,8679
382,10.0,35760,0.056333333333333235,3576,-0.5175,93,0.08679436892271042,0.001,8689
382,10.0,35800,0.05527777777777776,3580,-0.45949999999999996,93,0.1027020812034607,0.001,8699
382,10.0,35840,0.054222222222222394,3584,-0.27699999999999997,93,0.08132878690958023,0.001,8709
382,10.0,35880,0.05316666666666692,3588,-0.26349999999999996,93,0.0864907056093216,0.001,8719
382,10.0,35920,0.05211111111111111,3592,-0.18549999999999994,93,0.09131145477294922,0.001,8729
382,10.0,35960,0.0510555555555553,3596,-0.30150000000000005,93,0.06329699605703354,0.001,8739
383,10.0,36000,0.05,3600,-0.326,93,0.11975845694541931,0.001,8749
382,10.0,36040,0.05,3604,-0.36699999999999994,94,0.07372897863388062,0.001,8759
383,10.0,36080,0.05,3608,-0.35999999999999993,94,0.11290285736322403,0.001,8769
383,10.0,36120,0.05,3612,-0.37099999999999994,94,0.09234176576137543,0.001,8779
383,10.0,36160,0.05,3616,-0.37849999999999995,94,0.08823151886463165,0.001,8789
383,10.0,36200,0.05,3620,-0.2735000000000001,94,0.10121466964483261,0.001,8799
383,10.0,36240,0.05,3624,-0.35900000000000004,94,0.09777087718248367,0.001,8809
383,10.0,36280,0.05,3628,-0.40399999999999997,94,0.07759499549865723,0.001,8819
383,10.0,36320,0.05,3632,-0.37199999999999994,94,0.11791606992483139,0.001,8829
383,10.0,36360,0.05,3636,-0.40849999999999986,94,0.09814807027578354,0.001,8839
383,10.0,36400,0.05,3640,-0.37500000000000006,94,0.13594813644886017,0.001,8849
383,10.0,36440,0.05,3644,-0.45250000000000007,94,0.08667931705713272,0.001,8859
383,10.0,36480,0.05,3648,-0.37449999999999994,95,0.12216033041477203,0.001,8869
383,10.0,36520,0.05,3652,-0.3949999999999999,95,0.17773239314556122,0.001,8879
383,10.0,36560,0.05,3656,-0.4135000000000001,95,0.13779178261756897,0.001,8889
383,10.0,36600,0.05,3660,-0.4045,95,0.11298348754644394,0.001,8899
383,10.0,36640,0.05,3664,-0.41900000000000015,95,0.10237853974103928,0.001,8909
383,10.0,36680,0.05,3668,-0.41950000000000004,95,0.1462954729795456,0.001,8919
384,10.0,36720,0.05,3672,-0.49699999999999994,95,0.10354180634021759,0.001,8929
384,10.0,36760,0.05,3676,-0.48899999999999993,95,0.13869871199131012,0.001,8939
384,10.0,36800,0.05,3680,-0.5425,95,0.1229439526796341,0.001,8949
384,10.0,36840,0.05,3684,-0.7134999999999999,95,0.08628173917531967,0.001,8959
384,10.0,36880,0.05,3688,-0.6999999999999998,95,0.09754719585180283,0.001,8969
384,10.0,36920,0.05,3692,-0.7434999999999998,96,0.10861039906740189,0.001,8979
384,10.0,36960,0.05,3696,-0.6940000000000001,96,0.10239547491073608,0.001,8989
384,10.0,37000,0.05,3700,-0.7025,96,0.08515030890703201,0.001,8999
384,10.0,37040,0.05,3704,-0.7655000000000001,96,0.12979349493980408,0.001,9009
384,10.0,37080,0.05,3708,-0.8535,96,0.08988165855407715,0.001,9019
384,10.0,37120,0.05,3712,-0.9219999999999999,96,0.09074682742357254,0.001,9029
384,10.0,37160,0.05,3716,-0.9279999999999999,96,0.12925320863723755,0.001,9039
384,10.0,37200,0.05,3720,-0.9960000000000001,96,0.09927158057689667,0.001,9049
384,10.0,37240,0.05,3724,-0.9785,96,0.09515559673309326,0.001,9059
384,10.0,37280,0.05,3728,-0.9289999999999999,96,0.11869797855615616,0.001,9069
384,10.0,37320,0.05,3732,-0.938,96,0.129629448056221,0.001,9079
384,10.0,37360,0.05,3736,-0.8854999999999998,97,0.10575821995735168,0.001,9089
385,10.0,37400,0.05,3740,-1.01,97,0.1083730012178421,0.001,9099
385,10.0,37440,0.05,3744,-0.9425000000000001,97,0.1329154670238495,0.001,9109
385,10.0,37480,0.05,3748,-0.9834999999999999,97,0.06978998333215714,0.001,9119
385,10.0,37520,0.05,3752,-1.0069999999999997,97,0.10744091868400574,0.001,9129
385,10.0,37560,0.05,3756,-0.9704999999999998,97,0.07714875787496567,0.001,9139
385,10.0,37600,0.05,3760,-1.0675,97,0.0930568128824234,0.001,9149
385,10.0,37640,0.05,3764,-1.0465,97,0.11362535506486893,0.001,9159
385,10.0,37680,0.05,3768,-1.042,97,0.08690744638442993,0.001,9169
385,10.0,37720,0.05,3772,-1.024,97,0.12636461853981018,0.001,9179
385,10.0,37760,0.05,3776,-1.0215,97,0.14503656327724457,0.001,9189
385,10.0,37800,0.05,3780,-1.0270000000000001,98,0.08233800530433655,0.001,9199
385,10.0,37840,0.05,3784,-0.9249999999999998,98,0.110883429646492,0.001,9209
385,10.0,37880,0.05,3788,-1.0034999999999998,98,0.08880145847797394,0.001,9219
385,10.0,37920,0.05,3792,-1.1425,98,0.10467787086963654,0.001,9229
385,10.0,37960,0.05,3796,-1.2280000000000002,98,0.10424354672431946,0.001,9239
385,10.0,38000,0.05,3800,-1.2105,98,0.1095472052693367,0.001,9249
385,10.0,38040,0.05,3804,-1.17,98,0.08986229449510574,0.001,9259
385,10.0,38080,0.05,3808,-1.0234999999999999,98,0.08467142283916473,0.001,9269
385,10.0,38120,0.05,3812,-0.9209999999999999,98,0.09072785824537277,0.001,9279
385,10.0,38160,0.05,3816,-0.8594999999999999,98,0.10523296147584915,0.001,9289
385,10.0,38200,0.05,3820,-0.892,98,0.09837938845157623,0.001,9299
386,10.0,38240,0.05,3824,-0.8860000000000001,99,0.13363322615623474,0.001,9309
386,10.0,38280,0.05,3828,-0.8839999999999999,99,0.09422755241394043,0.001,9319
386,10.0,38320,0.05,3832,-0.9294999999999999,99,0.1027575135231018,0.001,9329
386,10.0,38360,0.05,3836,-0.9005000000000003,99,0.10099129378795624,0.001,9339
386,10.0,38400,0.05,3840,-0.7770000000000001,99,0.08813751488924026,0.001,9349
386,10.0,38440,0.05,3844,-0.7229999999999999,99,0.09610520303249359,0.001,9359
386,10.0,38480,0.05,3848,-0.7244999999999999,99,0.10204800963401794,0.001,9369
386,10.0,38520,0.05,3852,-0.6770000000000002,99,0.12797321379184723,0.001,9379
386,10.0,38560,0.05,3856,-0.652,99,0.09663503617048264,0.001,9389
386,10.0,38600,0.05,3860,-0.606,99,0.11738467216491699,0.001,9399
386,10.0,38640,0.05,3864,-0.6365000000000002,99,0.14572647213935852,0.001,9409
386,10.0,38680,0.05,3868,-0.6184999999999999,99,0.11342102289199829,0.001,9419
386,10.0,38720,0.05,3872,-0.6425,100,0.0884908065199852,0.001,9429
386,10.0,38760,0.05,3876,-0.7989999999999999,100,0.1315433382987976,0.001,9439
387,10.0,38800,0.05,3880,-0.7710000000000001,100,0.12029478698968887,0.001,9449
387,10.0,38840,0.05,3884,-0.7575000000000003,100,0.08163014054298401,0.001,9459
386,10.0,38880,0.05,3888,-0.7299999999999999,100,0.07322818785905838,0.001,9469
386,10.0,38920,0.05,3892,-0.639,100,0.09569995105266571,0.001,9479
386,10.0,38960,0.05,3896,-0.5045000000000001,100,0.07159469276666641,0.001,9489
386,10.0,39000,0.05,3900,-0.545,101,0.0925099328160286,0.001,9499
385,10.0,39040,0.05,3904,-0.534,101,0.12836883962154388,0.001,9509
385,10.0,39080,0.05,3908,-0.6475,101,0.08808427304029465,0.001,9519
385,10.0,39120,0.05,3912,-0.6380000000000001,101,0.11019529402256012,0.001,9529
385,10.0,39160,0.05,3916,-0.6214999999999999,101,0.08089273422956467,0.001,9539
385,10.0,39200,0.05,3920,-0.5495,101,0.1000700294971466,0.001,9549
385,10.0,39240,0.05,3924,-0.5840000000000001,101,0.08174867928028107,0.001,9559
384,10.0,39280,0.05,3928,-0.5279999999999999,102,0.10070148855447769,0.001,9569
384,10.0,39320,0.05,3932,-0.4690000000000001,102,0.11271468549966812,0.001,9579
384,10.0,39360,0.05,3936,-0.494,102,0.08290863037109375,0.001,9589
384,10.0,39400,0.05,3940,-0.578,102,0.06400991231203079,0.001,9599
384,10.0,39440,0.05,3944,-0.6399999999999999,102,0.09447978436946869,0.001,9609
383,10.0,39480,0.05,3948,-0.574,102,0.09869971126317978,0.001,9619
383,10.0,39520,0.05,3952,-0.6955,103,0.07701077312231064,0.001,9629
383,10.0,39560,0.05,3956,-0.69,103,0.11382807791233063,0.001,9639
383,10.0,39600,0.05,3960,-0.6305000000000001,103,0.07907204329967499,0.001,9649
382,10.0,39640,0.05,3964,-0.6104999999999999,103,0.09433382004499435,0.001,9659
382,10.0,39680,0.05,3968,-0.6439999999999999,103,0.09001314640045166,0.001,9669
383,10.0,39720,0.05,3972,-0.5429999999999999,103,0.11735258996486664,0.001,9679
383,10.0,39760,0.05,3976,-0.4209999999999999,103,0.08057492971420288,0.001,9689
382,10.0,39800,0.05,3980,-0.41349999999999987,103,0.07989288121461868,0.001,9699
383,10.0,39840,0.05,3984,-0.46599999999999997,104,0.093770332634449,0.001,9709
382,10.0,39880,0.05,3988,-0.41550000000000004,104,0.05986003577709198,0.001,9719
382,10.0,39920,0.05,3992,-0.43699999999999994,104,0.09212034940719604,0.001,9729
382,10.0,39960,0.05,3996,-0.41300000000000003,104,0.11097285896539688,0.001,9739
382,10.0,40000,0.05,4000,-0.44749999999999995,104,0.061027318239212036,0.001,9749
383,10.0,40040,0.05,4004,-0.36750000000000005,104,0.09643328189849854,0.001,9759
383,10.0,40080,0.05,4008,-0.3505000000000001,104,0.09019424766302109,0.001,9769
383,10.0,40120,0.05,4012,-0.4645000000000001,104,0.0700952559709549,0.001,9779
383,10.0,40160,0.05,4016,-0.5215000000000001,104,0.09720604866743088,0.001,9789
383,10.0,40200,0.05,4020,-0.4990000000000001,104,0.12013047188520432,0.001,9799
383,10.0,40240,0.05,4024,-0.4115,105,0.09193695336580276,0.001,9809
383,10.0,40280,0.05,4028,-0.30250000000000005,105,0.09005972743034363,0.001,9819
383,10.0,40320,0.05,4032,-0.387,105,0.10698410868644714,0.001,9829
383,10.0,40360,0.05,4036,-0.4740000000000002,105,0.10220786929130554,0.001,9839
383,10.0,40400,0.05,4040,-0.4390000000000001,105,0.07014807313680649,0.001,9849
383,10.0,40440,0.05,4044,-0.41650000000000015,105,0.07672926038503647,0.001,9859
383,10.0,40480,0.05,4048,-0.43250000000000005,105,0.0870339423418045,0.001,9869
383,10.0,40520,0.05,4052,-0.32800000000000007,105,0.09992506355047226,0.001,9879
383,10.0,40560,0.05,4056,-0.3045000000000001,105,0.14778555929660797,0.001,9889
383,10.0,40600,0.05,4060,-0.2730000000000001,105,0.07022920995950699,0.001,9899
383,10.0,40640,0.05,4064,-0.2870000000000001,105,0.08120156824588776,0.001,9909
383,10.0,40680,0.05,4068,-0.25100000000000006,106,0.10178636014461517,0.001,9919
383,10.0,40720,0.05,4072,-0.24100000000000005,106,0.11488384008407593,0.001,9929
383,10.0,40760,0.05,4076,-0.15150000000000008,106,0.08115678280591965,0.001,9939
383,10.0,40800,0.05,4080,-0.23150000000000007,106,0.07411845028400421,0.001,9949
383,10.0,40840,0.05,4084,-0.16399999999999998,106,0.07953698188066483,0.001,9959
383,10.0,40880,0.05,4088,-0.16800000000000004,106,0.07885637134313583,0.001,9969
383,10.0,40920,0.05,4092,-0.12400000000000003,106,0.12123541533946991,0.001,9979
383,10.0,40960,0.05,4096,-0.262,106,0.08702638745307922,0.001,9989
383,10.0,41000,0.05,4100,-0.16449999999999998,106,0.10808791220188141,0.001,9999
383,10.0,41040,0.05,4104,-0.23749999999999996,106,0.10671310871839523,0.001,10009
383,10.0,41080,0.05,4108,-0.19549999999999998,107,0.08692288398742676,0.001,10019
383,10.0,41120,0.05,4112,-0.09149999999999993,107,0.07584428042173386,0.001,10029
383,10.0,41160,0.05,4116,-0.16949999999999987,107,0.10385412722826004,0.001,10039
383,10.0,41200,0.05,4120,-0.22949999999999995,107,0.08987420797348022,0.001,10049
383,10.0,41240,0.05,4124,-0.19649999999999998,107,0.10645797848701477,0.001,10059
383,10.0,41280,0.05,4128,-0.317,107,0.13070300221443176,0.001,10069
383,10.0,41320,0.05,4132,-0.286,107,0.11173819750547409,0.001,10079
383,10.0,41360,0.05,4136,-0.265,107,0.07746146619319916,0.001,10089
383,10.0,41400,0.05,4140,-0.26999999999999996,107,0.09129220992326736,0.001,10099
383,10.0,41440,0.05,4144,-0.2815,107,0.0827229917049408,0.001,10109
383,10.0,41480,0.05,4148,-0.31549999999999995,108,0.09931327402591705,0.001,10119
383,10.0,41520,0.05,4152,-0.307,108,0.055531974881887436,0.001,10129
383,10.0,41560,0.05,4156,-0.314,108,0.07591754198074341,0.001,10139
383,10.0,41600,0.05,4160,-0.29150000000000004,108,0.09536968171596527,0.001,10149
383,10.0,41640,0.05,4164,-0.35300000000000004,108,0.12428157031536102,0.001,10159
383,10.0,41680,0.05,4168,-0.2805,108,0.1166982650756836,0.001,10169
383,10.0,41720,0.05,4172,-0.3575,108,0.103810615837574,0.001,10179
383,10.0,41760,0.05,4176,-0.384,108,0.07465832680463791,0.001,10189
383,10.0,41800,0.05,4180,-0.338,108,0.09404102712869644,0.001,10199
383,10.0,41840,0.05,4184,-0.3635,108,0.0688411295413971,0.001,10209
384,10.0,41880,0.05,4188,-0.324,109,0.11058667302131653,0.001,10219
384,10.0,41920,0.05,4192,-0.30149999999999993,109,0.1023612916469574,0.001,10229
384,10.0,41960,0.05,4196,-0.23249999999999996,109,0.06974714249372482,0.001,10239
384,10.0,42000,0.05,4200,-0.28650000000000003,109,0.07260553538799286,0.001,10249
384,10.0,42040,0.05,4204,-0.21849999999999997,109,0.09620066732168198,0.001,10259
384,10.0,42080,0.05,4208,-0.23,109,0.051560334861278534,0.001,10269
384,10.0,42120,0.05,4212,-0.2745,109,0.12170954048633575,0.001,10279
384,10.0,42160,0.05,4216,-0.24349999999999997,109,0.10581551492214203,0.001,10289
384,10.0,42200,0.05,4220,-0.17950000000000002,109,0.07706645131111145,0.001,10299
384,10.0,42240,0.05,4224,-0.21100000000000008,109,0.09586048871278763,0.001,10309
384,10.0,42280,0.05,4228,-0.23350000000000004,110,0.08856134116649628,0.001,10319
384,10.0,42320,0.05,4232,-0.21950000000000003,110,0.07460109144449234,0.001,10329
384,10.0,42360,0.05,4236,-0.2375,110,0.09808383136987686,0.001,10339
384,10.0,42400,0.05,4240,-0.158,110,0.09802327305078506,0.001,10349
384,10.0,42440,0.05,4244,-0.16100000000000006,110,0.07768819481134415,0.001,10359
384,10.0,42480,0.05,4248,-0.13900000000000004,110,0.11661270260810852,0.001,10369
384,10.0,42520,0.05,4252,-0.2875000000000001,110,0.10338378697633743,0.001,10379
384,10.0,42560,0.05,4256,-0.263,110,0.11036822199821472,0.001,10389
384,10.0,42600,0.05,4260,-0.255,110,0.06296686083078384,0.001,10399
384,10.0,42640,0.05,4264,-0.21849999999999997,110,0.1224895790219307,0.001,10409
384,10.0,42680,0.05,4268,-0.326,110,0.09607329219579697,0.001,10419
384,10.0,42720,0.05,4272,-0.2874999999999999,111,0.07961683720350266,0.001,10429
384,10.0,42760,0.05,4276,-0.32549999999999996,111,0.06488917768001556,0.001,10439
384,10.0,42800,0.05,4280,-0.30650000000000005,111,0.1554013043642044,0.001,10449
384,10.0,42840,0.05,4284,-0.3615,111,0.09898548573255539,0.001,10459
384,10.0,42880,0.05,4288,-0.44,111,0.10836494714021683,0.001,10469
384,10.0,42920,0.05,4292,-0.48550000000000004,111,0.09392095357179642,0.001,10479
384,10.0,42960,0.05,4296,-0.5335,111,0.07926048338413239,0.001,10489
384,10.0,43000,0.05,4300,-0.5425000000000001,111,0.08529772609472275,0.001,10499
384,10.0,43040,0.05,4304,-0.6105,111,0.0604521706700325,0.001,10509
384,10.0,43080,0.05,4308,-0.5944999999999999,111,0.07536984980106354,0.001,10519
385,10.0,43120,0.05,4312,-0.6455000000000001,111,0.08846890926361084,0.001,10529
385,10.0,43160,0.05,4316,-0.7040000000000001,112,0.054059017449617386,0.001,10539
385,10.0,43200,0.05,4320,-0.7469999999999999,112,0.04200861603021622,0.001,10549
385,10.0,43240,0.05,4324,-0.7244999999999999,112,0.05185127258300781,0.001,10559
385,10.0,43280,0.05,4328,-0.7200000000000002,112,0.09247826784849167,0.001,10569
385,10.0,43320,0.05,4332,-0.7085000000000001,112,0.077029287815094,0.001,10579
385,10.0,43360,0.05,4336,-0.6345000000000001,112,0.06646765023469925,0.001,10589
385,10.0,43400,0.05,4340,-0.611,112,0.06491285562515259,0.001,10599
385,10.0,43440,0.05,4344,-0.597,112,0.08761458843946457,0.001,10609
385,10.0,43480,0.05,4348,-0.6145,112,0.06052301824092865,0.001,10619
385,10.0,43520,0.05,4352,-0.5525,112,0.08365502953529358,0.001,10629
385,10.0,43560,0.05,4356,-0.5745,113,0.06445484608411789,0.001,10639
385,10.0,43600,0.05,4360,-0.6295,113,0.10346424579620361,0.001,10649
385,10.0,43640,0.05,4364,-0.5525,113,0.09523671865463257,0.001,10659
385,10.0,43680,0.05,4368,-0.48949999999999994,113,0.10008622705936432,0.001,10669
385,10.0,43720,0.05,4372,-0.542,113,0.07987147569656372,0.001,10679
385,10.0,43760,0.05,4376,-0.5049999999999999,113,0.09301692247390747,0.001,10689
385,10.0,43800,0.05,4380,-0.44949999999999996,113,0.08042638748884201,0.001,10699
385,10.0,43840,0.05,4384,-0.4325,113,0.11234883964061737,0.001,10709
385,10.0,43880,0.05,4388,-0.39149999999999996,113,0.09087269008159637,0.001,10719
385,10.0,43920,0.05,4392,-0.4040000000000001,113,0.08489078283309937,0.001,10729
385,10.0,43960,0.05,4396,-0.33149999999999996,113,0.08753267675638199,0.001,10739
385,10.0,44000,0.05,4400,-0.2645,114,0.10067975521087646,0.001,10749
385,10.0,44040,0.05,4404,-0.20400000000000001,114,0.07637481391429901,0.001,10759
385,10.0,44080,0.05,4408,-0.21599999999999997,114,0.09387282282114029,0.001,10769
385,10.0,44120,0.05,4412,-0.16600000000000004,114,0.09548242390155792,0.001,10779
385,10.0,44160,0.05,4416,-0.07700000000000003,114,0.09544298052787781,0.001,10789
385,10.0,44200,0.05,4420,-0.13500000000000004,114,0.07017981261014938,0.001,10799
385,10.0,44240,0.05,4424,-0.1345000000000001,114,0.0956505686044693,0.001,10809
385,10.0,44280,0.05,4428,-0.03250000000000003,114,0.06929215788841248,0.001,10819
385,10.0,44320,0.05,4432,-0.02700000000000002,114,0.09100928157567978,0.001,10829
385,10.0,44360,0.05,4436,-0.013500000000000045,114,0.09675475209951401,0.001,10839
385,10.0,44400,0.05,4440,-0.02600000000000004,115,0.08100906014442444,0.001,10849
385,10.0,44440,0.05,4444,-0.030000000000000037,115,0.11197949945926666,0.001,10859
385,10.0,44480,0.05,4448,-0.04449999999999999,115,0.08978541195392609,0.001,10869
385,10.0,44520,0.05,4452,0.05000000000000002,115,0.06231411173939705,0.001,10879
386,10.0,44560,0.05,4456,0.0009999999999999742,115,0.08390858769416809,0.001,10889
386,10.0,44600,0.05,4460,-0.03250000000000003,115,0.056878507137298584,0.001,10899
386,10.0,44640,0.05,4464,-0.16300000000000003,115,0.08751894533634186,0.001,10909
386,10.0,44680,0.05,4468,-0.23550000000000004,115,0.09317124634981155,0.001,10919
386,10.0,44720,0.05,4472,-0.3355,115,0.11270332336425781,0.001,10929
386,10.0,44760,0.05,4476,-0.43699999999999994,115,0.07005295157432556,0.001,10939
386,10.0,44800,0.05,4480,-0.3845,115,0.0820469930768013,0.001,10949
386,10.0,44840,0.05,4484,-0.38349999999999995,116,0.07920004427433014,0.001,10959
386,10.0,44880,0.05,4488,-0.4134999999999999,116,0.1100967675447464,0.001,10969
386,10.0,44920,0.05,4492,-0.4554999999999999,116,0.10316059738397598,0.001,10979
386,10.0,44960,0.05,4496,-0.4415,116,0.06230859458446503,0.001,10989
386,10.0,45000,0.05,4500,-0.61,116,0.07555660605430603,0.001,10999
386,10.0,45040,0.05,4504,-0.622,116,0.07632295787334442,0.001,11009
385,10.0,45080,0.05,4508,-0.5815,116,0.07553411275148392,0.001,11019
385,10.0,45120,0.05,4512,-0.5635,116,0.08994511514902115,0.001,11029
385,10.0,45160,0.05,4516,-0.5714999999999999,117,0.09972292184829712,0.001,11039
385,10.0,45200,0.05,4520,-0.6035,117,0.10687737166881561,0.001,11049
385,10.0,45240,0.05,4524,-0.6750000000000002,117,0.06971579790115356,0.001,11059
384,10.0,45280,0.05,4528,-0.7605,117,0.05861400440335274,0.001,11069
384,10.0,45320,0.05,4532,-0.7680000000000001,117,0.10873940587043762,0.001,11079
384,10.0,45360,0.05,4536,-0.7765000000000002,117,0.0980890691280365,0.001,11089
384,10.0,45400,0.05,4540,-0.8535,118,0.10466425120830536,0.001,11099
384,10.0,45440,0.05,4544,-0.8400000000000002,118,0.12150457501411438,0.001,11109
384,10.0,45480,0.05,4548,-0.8065000000000001,118,0.08487029373645782,0.001,11119
383,10.0,45520,0.05,4552,-0.8630000000000001,118,0.08897332847118378,0.001,11129
383,10.0,45560,0.05,4556,-0.8285000000000002,118,0.10826602578163147,0.001,11139
383,10.0,45600,0.05,4560,-0.7884999999999998,118,0.12963035702705383,0.001,11149
383,10.0,45640,0.05,4564,-0.8085000000000001,119,0.08300799876451492,0.001,11159
382,10.0,45680,0.05,4568,-0.8105,119,0.09160202741622925,0.001,11169
382,10.0,45720,0.05,4572,-0.6829999999999999,119,0.07977854460477829,0.001,11179
382,10.0,45760,0.05,4576,-0.7070000000000001,119,0.0701245665550232,0.001,11189
382,10.0,45800,0.05,4580,-0.8115000000000001,119,0.11676112562417984,0.001,11199
382,10.0,45840,0.05,4584,-0.8164999999999999,119,0.08837572485208511,0.001,11209
382,10.0,45880,0.05,4588,-0.8615,119,0.06039124354720116,0.001,11219
382,10.0,45920,0.05,4592,-0.7959999999999999,120,0.10028485953807831,0.001,11229
382,10.0,45960,0.05,4596,-0.8665,120,0.11439009010791779,0.001,11239
382,10.0,46000,0.05,4600,-0.7970000000000002,120,0.08327630162239075,0.001,11249
382,10.0,46040,0.05,4604,-0.8495000000000004,120,0.11537487059831619,0.001,11259
381,10.0,46080,0.05,4608,-0.9195,120,0.08453696966171265,0.001,11269
382,10.0,46120,0.05,4612,-0.9784999999999999,120,0.10282999277114868,0.001,11279
382,10.0,46160,0.05,4616,-0.9440000000000001,120,0.07282809913158417,0.001,11289
382,10.0,46200,0.05,4620,-0.94,120,0.0844191461801529,0.001,11299
382,10.0,46240,0.05,4624,-0.9325000000000001,121,0.0686284601688385,0.001,11309
382,10.0,46280,0.05,4628,-0.978,121,0.1046285629272461,0.001,11319
382,10.0,46320,0.05,4632,-0.9860000000000001,121,0.07561787217855453,0.001,11329
382,10.0,46360,0.05,4636,-0.9839999999999999,121,0.09212075173854828,0.001,11339
382,10.0,46400,0.05,4640,-0.9840000000000001,121,0.09784966707229614,0.001,11349
382,10.0,46440,0.05,4644,-1.0114999999999998,121,0.0954565554857254,0.001,11359
382,10.0,46480,0.05,4648,-0.9699999999999999,121,0.11280893534421921,0.001,11369
382,10.0,46520,0.05,4652,-0.9414999999999999,121,0.06614762544631958,0.001,11379
382,10.0,46560,0.05,4656,-0.9875,121,0.07320638000965118,0.001,11389
382,10.0,46600,0.05,4660,-1.0335,121,0.09564942866563797,0.001,11399
382,10.0,46640,0.05,4664,-0.9189999999999999,122,0.06933111697435379,0.001,11409
382,10.0,46680,0.05,4668,-0.8595,122,0.09851928055286407,0.001,11419
382,10.0,46720,0.05,4672,-0.7715,122,0.07847553491592407,0.001,11429
382,10.0,46760,0.05,4676,-0.6844999999999999,122,0.13181868195533752,0.001,11439
382,10.0,46800,0.05,4680,-0.727,122,0.10146843641996384,0.001,11449
382,10.0,46840,0.05,4684,-0.6255,122,0.09025402367115021,0.001,11459
382,10.0,46880,0.05,4688,-0.576,122,0.09139983355998993,0.001,11469
382,10.0,46920,0.05,4692,-0.5975,122,0.08082527667284012,0.001,11479
382,10.0,46960,0.05,4696,-0.5995,122,0.09820111095905304,0.001,11489
382,10.0,47000,0.05,4700,-0.51,122,0.10504046082496643,0.001,11499
382,10.0,47040,0.05,4704,-0.48700000000000004,122,0.07016605883836746,0.001,11509
382,10.0,47080,0.05,4708,-0.4695,123,0.08109492808580399,0.001,11519
382,10.0,47120,0.05,4712,-0.3385000000000001,123,0.10521498322486877,0.001,11529
382,10.0,47160,0.05,4716,-0.30050000000000004,123,0.09236791729927063,0.001,11539
382,10.0,47200,0.05,4720,-0.32899999999999996,123,0.11129321157932281,0.001,11549
382,10.0,47240,0.05,4724,-0.295,123,0.0825938805937767,0.001,11559
382,10.0,47280,0.05,4728,-0.21400000000000005,123,0.10605017095804214,0.001,11569
382,10.0,47320,0.05,4732,-0.23200000000000007,123,0.08075913786888123,0.001,11579
382,10.0,47360,0.05,4736,-0.30200000000000005,123,0.09686101227998734,0.001,11589
382,10.0,47400,0.05,4740,-0.34700000000000003,123,0.1208677738904953,0.001,11599
382,10.0,47440,0.05,4744,-0.342,123,0.0940270721912384,0.001,11609
382,10.0,47480,0.05,4748,-0.2985000000000001,124,0.09191364794969559,0.001,11619
382,10.0,47520,0.05,4752,-0.295,124,0.11642856150865555,0.001,11629
382,10.0,47560,0.05,4756,-0.13300000000000003,124,0.08972571790218353,0.001,11639
382,10.0,47600,0.05,4760,-0.14250000000000004,124,0.11203598976135254,0.001,11649
382,10.0,47640,0.05,4764,-0.1990000000000001,124,0.09579700231552124,0.001,11659
382,10.0,47680,0.05,4768,-0.26500000000000007,124,0.09658319503068924,0.001,11669
382,10.0,47720,0.05,4772,-0.3785,124,0.09642095863819122,0.001,11679
382,10.0,47760,0.05,4776,-0.30699999999999994,124,0.10521407425403595,0.001,11689
382,10.0,47800,0.05,4780,-0.25,124,0.10786134004592896,0.001,11699
382,10.0,47840,0.05,4784,-0.38400000000000006,124,0.10176237672567368,0.001,11709
383,10.0,47880,0.05,4788,-0.39599999999999996,125,0.08301323652267456,0.001,11719
383,10.0,47920,0.05,4792,-0.3465,125,0.07864052057266235,0.001,11729
383,10.0,47960,0.05,4796,-0.29,125,0.1023116260766983,0.001,11739
383,10.0,48000,0.05,4800,-0.3365000000000001,125,0.11915269494056702,0.001,11749
383,10.0,48040,0.05,4804,-0.37549999999999994,125,0.08895712345838547,0.001,11759
383,10.0,48080,0.05,4808,-0.32800000000000007,125,0.09208939969539642,0.001,11769
383,10.0,48120,0.05,4812,-0.3654999999999999,125,0.07270573824644089,0.001,11779
383,10.0,48160,0.05,4816,-0.43799999999999994,125,0.09850232303142548,0.001,11789
383,10.0,48200,0.05,4820,-0.41550000000000004,125,0.08850520849227905,0.001,11799
383,10.0,48240,0.05,4824,-0.42899999999999994,125,0.11042597889900208,0.001,11809
383,10.0,48280,0.05,4828,-0.5074999999999998,125,0.11042037606239319,0.001,11819
383,10.0,48320,0.05,4832,-0.4865,126,0.12354230880737305,0.001,11829
383,10.0,48360,0.05,4836,-0.37749999999999995,126,0.08680043369531631,0.001,11839
383,10.0,48400,0.05,4840,-0.33849999999999997,126,0.08095552027225494,0.001,11849
383,10.0,48440,0.05,4844,-0.40349999999999997,126,0.08180265128612518,0.001,11859
383,10.0,48480,0.05,4848,-0.5064999999999998,126,0.08974648267030716,0.001,11869
383,10.0,48520,0.05,4852,-0.585,126,0.09815815091133118,0.001,11879
383,10.0,48560,0.05,4856,-0.616,126,0.0747857317328453,0.001,11889
383,10.0,48600,0.05,4860,-0.5419999999999999,126,0.10092111676931381,0.001,11899
383,10.0,48640,0.05,4864,-0.5469999999999999,126,0.12206234782934189,0.001,11909
383,10.0,48680,0.05,4868,-0.5495,126,0.10536915063858032,0.001,11919
383,10.0,48720,0.05,4872,-0.5050000000000001,127,0.0788361057639122,0.001,11929
383,10.0,48760,0.05,4876,-0.523,127,0.11425808072090149,0.001,11939
383,10.0,48800,0.05,4880,-0.5425,127,0.07244593650102615,0.001,11949
383,10.0,48840,0.05,4884,-0.536,127,0.07096162438392639,0.001,11959
383,10.0,48880,0.05,4888,-0.5375,127,0.13534249365329742,0.001,11969
383,10.0,48920,0.05,4892,-0.5675,127,0.08095695823431015,0.001,11979
383,10.0,48960,0.05,4896,-0.6010000000000001,127,0.08099712431430817,0.001,11989
383,10.0,49000,0.05,4900,-0.5655000000000001,127,0.08732040971517563,0.001,11999
383,10.0,49040,0.05,4904,-0.5385,127,0.12412126362323761,0.001,12009
383,10.0,49080,0.05,4908,-0.5785,127,0.06218339875340462,0.001,12019
383,10.0,49120,0.05,4912,-0.544,128,0.07195811718702316,0.001,12029
383,10.0,49160,0.05,4916,-0.5000000000000001,128,0.1118316501379013,0.001,12039
383,10.0,49200,0.05,4920,-0.4755000000000001,128,0.12370778620243073,0.001,12049
383,10.0,49240,0.05,4924,-0.46049999999999996,128,0.12052258849143982,0.001,12059
383,10.0,49280,0.05,4928,-0.48650000000000004,128,0.0670902207493782,0.001,12069
383,10.0,49320,0.05,4932,-0.4825,128,0.09884661436080933,0.001,12079
383,10.0,49360,0.05,4936,-0.502,128,0.11638819426298141,0.001,12089
383,10.0,49400,0.05,4940,-0.505,128,0.06955276429653168,0.001,12099
383,10.0,49440,0.05,4944,-0.41900000000000004,129,0.09961994737386703,0.001,12109
383,10.0,49480,0.05,4948,-0.42400000000000004,129,0.08879891037940979,0.001,12119
382,10.0,49520,0.05,4952,-0.321,129,0.09203687310218811,0.001,12129
382,10.0,49560,0.05,4956,-0.401,129,0.10494738072156906,0.001,12139
382,10.0,49600,0.05,4960,-0.4495,129,0.10358934104442596,0.001,12149
382,10.0,49640,0.05,4964,-0.3854999999999999,129,0.06817775219678879,0.001,12159
382,10.0,49680,0.05,4968,-0.3464999999999999,129,0.09538185596466064,0.001,12169
382,10.0,49720,0.05,4972,-0.4225000000000001,130,0.08302159607410431,0.001,12179
382,10.0,49760,0.05,4976,-0.48149999999999993,130,0.07371234148740768,0.001,12189
381,10.0,49800,0.05,4980,-0.46349999999999997,130,0.06881232559680939,0.001,12199
381,10.0,49840,0.05,4984,-0.45699999999999996,130,0.10703020542860031,0.001,12209
381,10.0,49880,0.05,4988,-0.37199999999999994,130,0.09426846355199814,0.001,12219
381,10.0,49920,0.05,4992,-0.36300000000000004,130,0.0823046863079071,0.001,12229
381,10.0,49960,0.05,4996,-0.40199999999999997,130,0.0730399340391159,0.001,12239
381,10.0,50000,0.05,5000,-0.5319999999999999,131,0.10481809079647064,0.001,12249
381,10.0,50040,0.05,5004,-0.5674999999999999,131,0.08304329961538315,0.001,12259
381,10.0,50080,0.05,5008,-0.5834999999999999,131,0.1272461861371994,0.001,12269
381,10.0,50120,0.05,5012,-0.5984999999999999,131,0.06379029899835587,0.001,12279
381,10.0,50160,0.05,5016,-0.6459999999999999,131,0.06838434934616089,0.001,12289
381,10.0,50200,0.05,5020,-0.5355000000000001,131,0.1000916063785553,0.001,12299
381,10.0,50240,0.05,5024,-0.589,131,0.0832805335521698,0.001,12309
381,10.0,50280,0.05,5028,-0.47800000000000004,131,0.05330682918429375,0.001,12319
380,10.0,50320,0.05,5032,-0.5529999999999999,132,0.09850762784481049,0.001,12329
380,10.0,50360,0.05,5036,-0.5655,132,0.0671139657497406,0.001,12339
380,10.0,50400,0.05,5040,-0.4800000000000001,132,0.10185116529464722,0.001,12349
379,10.0,50440,0.05,5044,-0.567,132,0.07462409138679504,0.001,12359
379,10.0,50480,0.05,5048,-0.5795,133,0.08016155660152435,0.001,12369
378,10.0,50520,0.05,5052,-0.6125,133,0.09217427670955658,0.001,12379
378,10.0,50560,0.05,5056,-0.6520000000000001,133,0.060912586748600006,0.001,12389
378,10.0,50600,0.05,5060,-0.659,133,0.09672512859106064,0.001,12399
378,10.0,50640,0.05,5064,-0.748,133,0.086267851293087,0.001,12409
377,10.0,50680,0.05,5068,-0.804,134,0.07986567914485931,0.001,12419
377,10.0,50720,0.05,5072,-0.7245,134,0.11231804639101028,0.001,12429
377,10.0,50760,0.05,5076,-0.6055000000000001,134,0.09108304977416992,0.001,12439
376,10.0,50800,0.05,5080,-0.7590000000000002,134,0.07251284271478653,0.001,12449
376,10.0,50840,0.05,5084,-0.769,135,0.11487981677055359,0.001,12459
375,10.0,50880,0.05,5088,-0.8809999999999998,135,0.08630590885877609,0.001,12469
375,10.0,50920,0.05,5092,-0.8565,135,0.09678566455841064,0.001,12479
375,10.0,50960,0.05,5096,-0.7189999999999999,135,0.1311444342136383,0.001,12489
374,10.0,51000,0.05,5100,-0.5994999999999999,136,0.12368827313184738,0.001,12499
374,10.0,51040,0.05,5104,-0.5839999999999999,136,0.10024784505367279,0.001,12509
374,10.0,51080,0.05,5108,-0.5305,136,0.08904032409191132,0.001,12519
374,10.0,51120,0.05,5112,-0.6214999999999999,136,0.06617984920740128,0.001,12529
374,10.0,51160,0.05,5116,-0.6705000000000001,136,0.10760793089866638,0.001,12539
373,10.0,51200,0.05,5120,-0.6865000000000002,136,0.047031473368406296,0.001,12549
373,10.0,51240,0.05,5124,-0.519,137,0.1203664243221283,0.001,12559
373,10.0,51280,0.05,5128,-0.6465000000000001,137,0.0814230814576149,0.001,12569
373,10.0,51320,0.05,5132,-0.5695,137,0.08602781593799591,0.001,12579
373,10.0,51360,0.05,5136,-0.735,137,0.05342024564743042,0.001,12589
373,10.0,51400,0.05,5140,-0.9185000000000002,137,0.08187805861234665,0.001,12599
373,10.0,51440,0.05,5144,-0.9150000000000001,137,0.08078684657812119,0.001,12609
372,10.0,51480,0.05,5148,-0.9010000000000001,138,0.06370457261800766,0.001,12619
372,10.0,51520,0.05,5152,-0.863,138,0.06496377289295197,0.001,12629
372,10.0,51560,0.05,5156,-0.8825000000000002,138,0.11611981689929962,0.001,12639
372,10.0,51600,0.05,5160,-0.9690000000000001,138,0.08526088297367096,0.001,12649
372,10.0,51640,0.05,5164,-0.9150000000000003,138,0.08653008192777634,0.001,12659
372,10.0,51680,0.05,5168,-0.8905000000000001,138,0.09366019070148468,0.001,12669
372,10.0,51720,0.05,5172,-0.9155000000000001,138,0.09924621134996414,0.001,12679
372,10.0,51760,0.05,5176,-1.002,138,0.10135224461555481,0.001,12689
372,10.0,51800,0.05,5180,-0.9035000000000002,139,0.06812150776386261,0.001,12699
372,10.0,51840,0.05,5184,-0.8360000000000001,139,0.06217498332262039,0.001,12709
372,10.0,51880,0.05,5188,-0.8015000000000002,139,0.08511188626289368,0.001,12719
372,10.0,51920,0.05,5192,-0.8480000000000001,139,0.08112995326519012,0.001,12729
372,10.0,51960,0.05,5196,-0.9009999999999999,139,0.04723016545176506,0.001,12739
372,10.0,52000,0.05,5200,-0.8540000000000001,139,0.09880000352859497,0.001,12749
372,10.0,52040,0.05,5204,-0.8254999999999998,139,0.05639631673693657,0.001,12759
372,10.0,52080,0.05,5208,-0.8089999999999999,139,0.06319129467010498,0.001,12769
372,10.0,52120,0.05,5212,-0.7715000000000002,140,0.09995727986097336,0.001,12779
371,10.0,52160,0.05,5216,-0.74,140,0.06805827468633652,0.001,12789
371,10.0,52200,0.05,5220,-0.7665000000000002,140,0.08659054338932037,0.001,12799
371,10.0,52240,0.05,5224,-0.834,140,0.10364003479480743,0.001,12809
371,10.0,52280,0.05,5228,-0.8325000000000001,140,0.07357660681009293,0.001,12819
371,10.0,52320,0.05,5232,-0.8814999999999997,140,0.0729440450668335,0.001,12829
371,10.0,52360,0.05,5236,-0.7050000000000002,141,0.09641273319721222,0.001,12839
371,10.0,52400,0.05,5240,-0.6275000000000001,141,0.09482421725988388,0.001,12849
370,10.0,52440,0.05,5244,-0.5169999999999999,141,0.08620794117450714,0.001,12859
370,10.0,52480,0.05,5248,-0.4475,141,0.07621357589960098,0.001,12869
370,10.0,52520,0.05,5252,-0.4705,141,0.07835996150970459,0.001,12879
370,10.0,52560,0.05,5256,-0.479,141,0.06159768998622894,0.001,12889
368,10.0,52600,0.05,5260,-0.35700000000000004,142,0.06805532425642014,0.001,12899
368,10.0,52640,0.05,5264,-0.33000000000000007,142,0.07719986885786057,0.001,12909
368,10.0,52680,0.05,5268,-0.40049999999999997,143,0.06612761318683624,0.001,12919
368,10.0,52720,0.05,5272,-0.42599999999999993,143,0.09176049381494522,0.001,12929
368,10.0,52760,0.05,5276,-0.4325,143,0.06973957270383835,0.001,12939
368,10.0,52800,0.05,5280,-0.41,143,0.08056078851222992,0.001,12949
364,10.0,52840,0.05,5284,-0.4819999999999999,145,0.06023713946342468,0.001,12959
364,10.0,52880,0.05,5288,-0.44749999999999995,145,0.10339684784412384,0.001,12969
364,10.0,52920,0.05,5292,-0.4235,145,0.08023164421319962,0.001,12979
364,10.0,52960,0.05,5296,-0.447,145,0.09543861448764801,0.001,12989
364,10.0,53000,0.05,5300,-0.5505000000000001,145,0.09699764847755432,0.001,12999
364,10.0,53040,0.05,5304,-0.6015,145,0.08471933007240295,0.001,13009
364,10.0,53080,0.05,5308,-0.7045,145,0.1316578984260559,0.001,13019
364,10.0,53120,0.05,5312,-0.6420000000000001,145,0.09579608589410782,0.001,13029
364,10.0,53160,0.05,5316,-0.601,145,0.1105649396777153,0.001,13039
364,10.0,53200,0.05,5320,-0.6239999999999999,146,0.10391192138195038,0.001,13049
364,10.0,53240,0.05,5324,-0.768,146,0.060408227145671844,0.001,13059
364,10.0,53280,0.05,5328,-0.689,146,0.07681193947792053,0.001,13069
364,10.0,53320,0.05,5332,-0.6395000000000001,146,0.06397908926010132,0.001,13079
364,10.0,53360,0.05,5336,-0.7070000000000002,146,0.05251454934477806,0.001,13089
364,10.0,53400,0.05,5340,-0.6920000000000002,146,0.10265123844146729,0.001,13099
364,10.0,53440,0.05,5344,-0.8055,146,0.06968453526496887,0.001,13109
364,10.0,53480,0.05,5348,-0.8195,146,0.10296691954135895,0.001,13119
363,10.0,53520,0.05,5352,-0.8584999999999999,147,0.06989403814077377,0.001,13129
363,10.0,53560,0.05,5356,-0.752,147,0.07742239534854889,0.001,13139
363,10.0,53600,0.05,5360,-0.7915000000000002,147,0.07019273936748505,0.001,13149
363,10.0,53640,0.05,5364,-0.757,147,0.09526755660772324,0.001,13159
363,10.0,53680,0.05,5368,-0.6665000000000001,147,0.09039294719696045,0.001,13169
363,10.0,53720,0.05,5372,-0.562,147,0.06532730907201767,0.001,13179
362,10.0,53760,0.05,5376,-0.5395,148,0.07909414172172546,0.001,13189
362,10.0,53800,0.05,5380,-0.49699999999999994,148,0.098548024892807,0.001,13199
362,10.0,53840,0.05,5384,-0.43199999999999994,148,0.06917337328195572,0.001,13209
360,10.0,53880,0.05,5388,-0.41200000000000003,149,0.09037267416715622,0.001,13219
359,10.0,53920,0.05,5392,-0.39599999999999996,149,0.07486158609390259,0.001,13229
359,10.0,53960,0.05,5396,-0.4134999999999999,150,0.0730876699090004,0.001,13239
358,10.0,54000,0.05,5400,-0.3515,150,0.0757056325674057,0.001,13249
358,10.0,54040,0.05,5404,-0.24700000000000003,150,0.10625819116830826,0.001,13259
358,10.0,54080,0.05,5408,-0.17300000000000004,150,0.08317707479000092,0.001,13269
357,10.0,54120,0.05,5412,-0.2720000000000001,151,0.07391642779111862,0.001,13279
357,10.0,54160,0.05,5416,-0.26050000000000006,151,0.0971071720123291,0.001,13289
357,10.0,54200,0.05,5420,-0.30749999999999994,151,0.0801873505115509,0.001,13299
356,10.0,54240,0.05,5424,-0.2595,152,0.10132814943790436,0.001,13309
356,10.0,54280,0.05,5428,-0.3155,152,0.0999230444431305,0.001,13319
356,10.0,54320,0.05,5432,-0.272,152,0.08403408527374268,0.001,13329
355,10.0,54360,0.05,5436,-0.2965,152,0.06832234561443329,0.001,13339
355,10.0,54400,0.05,5440,-0.29350000000000004,153,0.12337910383939743,0.001,13349
355,10.0,54440,0.05,5444,-0.23749999999999996,153,0.12982164323329926,0.001,13359
355,10.0,54480,0.05,5448,-0.2625,153,0.07652906328439713,0.001,13369
355,10.0,54520,0.05,5452,-0.21650000000000003,153,0.0637422576546669,0.001,13379
354,10.0,54560,0.05,5456,-0.24649999999999994,153,0.07268358021974564,0.001,13389
354,10.0,54600,0.05,5460,-0.285,153,0.07982710003852844,0.001,13399
354,10.0,54640,0.05,5464,-0.3775,154,0.0880492702126503,0.001,13409
354,10.0,54680,0.05,5468,-0.45399999999999996,154,0.08239100873470306,0.001,13419
354,10.0,54720,0.05,5472,-0.6,154,0.08195412158966064,0.001,13429
353,10.0,54760,0.05,5476,-0.6375000000000001,154,0.11971458047628403,0.001,13439
353,10.0,54800,0.05,5480,-0.631,154,0.12678024172782898,0.001,13449
353,10.0,54840,0.05,5484,-0.6495000000000001,155,0.07905355095863342,0.001,13459
353,10.0,54880,0.05,5488,-0.5940000000000001,155,0.09080387651920319,0.001,13469
352,10.0,54920,0.05,5492,-0.524,155,0.061201442033052444,0.001,13479
352,10.0,54960,0.05,5496,-0.5145000000000001,155,0.09433546662330627,0.001,13489
352,10.0,55000,0.05,5500,-0.5025,155,0.08485770225524902,0.001,13499
352,10.0,55040,0.05,5504,-0.44650000000000006,156,0.11885374039411545,0.001,13509
352,10.0,55080,0.05,5508,-0.44349999999999995,156,0.08784443140029907,0.001,13519
352,10.0,55120,0.05,5512,-0.4039999999999999,156,0.1005689725279808,0.001,13529
352,10.0,55160,0.05,5516,-0.47199999999999986,156,0.09277229011058807,0.001,13539
352,10.0,55200,0.05,5520,-0.5045000000000001,156,0.09110821783542633,0.001,13549
351,10.0,55240,0.05,5524,-0.4159999999999999,156,0.11039410531520844,0.001,13559
351,10.0,55280,0.05,5528,-0.39799999999999996,157,0.09977696090936661,0.001,13569
351,10.0,55320,0.05,5532,-0.435,157,0.09703739732503891,0.001,13579
351,10.0,55360,0.05,5536,-0.395,157,0.07767388224601746,0.001,13589
351,10.0,55400,0.05,5540,-0.34550000000000003,157,0.08387883752584457,0.001,13599
351,10.0,55440,0.05,5544,-0.2455000000000001,157,0.10728710889816284,0.001,13609
351,10.0,55480,0.05,5548,-0.3135000000000001,158,0.060008443892002106,0.001,13619
351,10.0,55520,0.05,5552,-0.281,158,0.09485304355621338,0.001,13629
351,10.0,55560,0.05,5556,-0.366,158,0.10150903463363647,0.001,13639
351,10.0,55600,0.05,5560,-0.29100000000000004,158,0.06649687886238098,0.001,13649
351,10.0,55640,0.05,5564,-0.25,158,0.08773545920848846,0.001,13659
351,10.0,55680,0.05,5568,-0.2025,158,0.10600481182336807,0.001,13669
351,10.0,55720,0.05,5572,-0.11299999999999999,158,0.10137517750263214,0.001,13679
350,10.0,55760,0.05,5576,-0.008500000000000023,158,0.11978383362293243,0.001,13689
350,10.0,55800,0.05,5580,-0.020000000000000007,159,0.06732617318630219,0.001,13699
350,10.0,55840,0.05,5584,0.07,159,0.07561284303665161,0.001,13709
350,10.0,55880,0.05,5588,-0.07399999999999998,159,0.07652615010738373,0.001,13719
350,10.0,55920,0.05,5592,-0.155,159,0.10090870410203934,0.001,13729
350,10.0,55960,0.05,5596,-0.184,159,0.0634165033698082,0.001,13739
350,10.0,56000,0.05,5600,-0.27399999999999997,159,0.05001259967684746,0.001,13749
350,10.0,56040,0.05,5604,-0.39649999999999996,159,0.08310485631227493,0.001,13759
350,10.0,56080,0.05,5608,-0.3725,160,0.1080792024731636,0.001,13769
350,10.0,56120,0.05,5612,-0.36349999999999993,160,0.07556361705064774,0.001,13779
350,10.0,56160,0.05,5616,-0.4414999999999999,160,0.11158262938261032,0.001,13789
349,10.0,56200,0.05,5620,-0.3299999999999999,160,0.07297728955745697,0.001,13799
349,10.0,56240,0.05,5624,-0.3945000000000001,160,0.07994908094406128,0.001,13809
349,10.0,56280,0.05,5628,-0.3795,160,0.0891575813293457,0.001,13819
349,10.0,56320,0.05,5632,-0.45699999999999996,160,0.1115444153547287,0.001,13829
349,10.0,56360,0.05,5636,-0.452,161,0.08360540866851807,0.001,13839
349,10.0,56400,0.05,5640,-0.49000000000000005,161,0.06827805191278458,0.001,13849
349,10.0,56440,0.05,5644,-0.5855,161,0.10485297441482544,0.001,13859
349,10.0,56480,0.05,5648,-0.5145,161,0.0736921951174736,0.001,13869
349,10.0,56520,0.05,5652,-0.557,161,0.09700832515954971,0.001,13879
349,10.0,56560,0.05,5656,-0.44799999999999995,161,0.09167344123125076,0.001,13889
349,10.0,56600,0.05,5660,-0.46,161,0.07553171366453171,0.001,13899
349,10.0,56640,0.05,5664,-0.42100000000000004,161,0.0904565304517746,0.001,13909
349,10.0,56680,0.05,5668,-0.41,161,0.07431094348430634,0.001,13919
349,10.0,56720,0.05,5672,-0.4695,162,0.05503875017166138,0.001,13929
349,10.0,56760,0.05,5676,-0.5485,162,0.05267312377691269,0.001,13939
349,10.0,56800,0.05,5680,-0.5345,162,0.0805562436580658,0.001,13949
349,10.0,56840,0.05,5684,-0.594,162,0.042234867811203,0.001,13959
349,10.0,56880,0.05,5688,-0.5140000000000001,162,0.08953212946653366,0.001,13969
349,10.0,56920,0.05,5692,-0.5775000000000001,162,0.09049700945615768,0.001,13979
349,10.0,56960,0.05,5696,-0.5745,162,0.0915369838476181,0.001,13989
349,10.0,57000,0.05,5700,-0.5305000000000001,163,0.05527275800704956,0.001,13999
349,10.0,57040,0.05,5704,-0.4775,163,0.10984237492084503,0.001,14009
349,10.0,57080,0.05,5708,-0.5295000000000001,163,0.09539971500635147,0.001,14019
349,10.0,57120,0.05,5712,-0.6805000000000001,163,0.07025151699781418,0.001,14029
349,10.0,57160,0.05,5716,-0.6335000000000001,163,0.06692784279584885,0.001,14039
349,10.0,57200,0.05,5720,-0.6555,163,0.07202297449111938,0.001,14049
349,10.0,57240,0.05,5724,-0.6965000000000002,163,0.04859961196780205,0.001,14059
348,10.0,57280,0.05,5728,-0.6805,164,0.10582173615694046,0.001,14069
348,10.0,57320,0.05,5732,-0.6669999999999999,164,0.055302608758211136,0.001,14079
348,10.0,57360,0.05,5736,-0.6910000000000001,164,0.08402400463819504,0.001,14089
347,10.0,57400,0.05,5740,-0.7494999999999998,164,0.09382623434066772,0.001,14099
347,10.0,57440,0.05,5744,-0.6635,165,0.0906992182135582,0.001,14109
347,10.0,57480,0.05,5748,-0.7045,165,0.11531985551118851,0.001,14119
346,10.0,57520,0.05,5752,-0.7550000000000001,165,0.09598305076360703,0.001,14129
346,10.0,57560,0.05,5756,-0.681,166,0.13340455293655396,0.001,14139
346,10.0,57600,0.05,5760,-0.621,166,0.08967465162277222,0.001,14149
345,10.0,57640,0.05,5764,-0.6539999999999999,166,0.08778518438339233,0.001,14159
345,10.0,57680,0.05,5768,-0.5565,166,0.10733501613140106,0.001,14169
345,10.0,57720,0.05,5772,-0.514,167,0.07934749126434326,0.001,14179
344,10.0,57760,0.05,5776,-0.5474999999999999,167,0.08514747768640518,0.001,14189
344,10.0,57800,0.05,5780,-0.6074999999999999,167,0.07237584888935089,0.001,14199
344,10.0,57840,0.05,5784,-0.597,168,0.10333999991416931,0.001,14209
343,10.0,57880,0.05,5788,-0.6579999999999998,168,0.0709211453795433,0.001,14219
343,10.0,57920,0.05,5792,-0.5965,168,0.06759148836135864,0.001,14229
343,10.0,57960,0.05,5796,-0.6585,168,0.11377198994159698,0.001,14239
342,10.0,58000,0.05,5800,-0.5645,169,0.09080111980438232,0.001,14249
342,10.0,58040,0.05,5804,-0.5835,169,0.06787867844104767,0.001,14259
342,10.0,58080,0.05,5808,-0.6104999999999999,169,0.08409039676189423,0.001,14269
342,10.0,58120,0.05,5812,-0.517,169,0.09338144958019257,0.001,14279
342,10.0,58160,0.05,5816,-0.45049999999999996,169,0.09596054255962372,0.001,14289
342,10.0,58200,0.05,5820,-0.48900000000000005,169,0.06985405087471008,0.001,14299
342,10.0,58240,0.05,5824,-0.46299999999999997,170,0.08411011099815369,0.001,14309
342,10.0,58280,0.05,5828,-0.45849999999999996,170,0.10875735431909561,0.001,14319
342,10.0,58320,0.05,5832,-0.40850000000000003,170,0.08257640898227692,0.001,14329
342,10.0,58360,0.05,5836,-0.36600000000000016,170,0.09052099287509918,0.001,14339
342,10.0,58400,0.05,5840,-0.2605,170,0.07886487990617752,0.001,14349
341,10.0,58440,0.05,5844,-0.322,170,0.09171201288700104,0.001,14359
341,10.0,58480,0.05,5848,-0.30900000000000005,171,0.11498148739337921,0.001,14369
341,10.0,58520,0.05,5852,-0.254,171,0.12065605819225311,0.001,14379
341,10.0,58560,0.05,5856,-0.40700000000000003,171,0.09689904749393463,0.001,14389
341,10.0,58600,0.05,5860,-0.4334999999999999,171,0.10349610447883606,0.001,14399
341,10.0,58640,0.05,5864,-0.4310000000000001,171,0.08723415434360504,0.001,14409
341,10.0,58680,0.05,5868,-0.5005000000000002,171,0.07169963419437408,0.001,14419
341,10.0,58720,0.05,5872,-0.4385000000000001,172,0.10539191216230392,0.001,14429
341,10.0,58760,0.05,5876,-0.4705,172,0.12220993638038635,0.001,14439
341,10.0,58800,0.05,5880,-0.4335,172,0.053144510835409164,0.001,14449
340,10.0,58840,0.05,5884,-0.49450000000000005,172,0.08085551857948303,0.001,14459
340,10.0,58880,0.05,5888,-0.3945,172,0.05529187619686127,0.001,14469
340,10.0,58920,0.05,5892,-0.42450000000000004,172,0.084040068089962,0.001,14479
340,10.0,58960,0.05,5896,-0.27849999999999997,172,0.0777331069111824,0.001,14489
340,10.0,59000,0.05,5900,-0.38050000000000006,173,0.14100022614002228,0.001,14499
340,10.0,59040,0.05,5904,-0.4110000000000001,173,0.07297399640083313,0.001,14509
340,10.0,59080,0.05,5908,-0.382,173,0.10578916221857071,0.001,14519
340,10.0,59120,0.05,5912,-0.319,173,0.11694272607564926,0.001,14529
340,10.0,59160,0.05,5916,-0.263,173,0.08802448213100433,0.001,14539
340,10.0,59200,0.05,5920,-0.27,173,0.10069239139556885,0.001,14549
340,10.0,59240,0.05,5924,-0.25650000000000006,174,0.05222231522202492,0.001,14559
340,10.0,59280,0.05,5928,-0.24850000000000003,174,0.0759228765964508,0.001,14569
339,10.0,59320,0.05,5932,-0.2305,174,0.10483775287866592,0.001,14579
339,10.0,59360,0.05,5936,-0.263,174,0.06987494230270386,0.001,14589
339,10.0,59400,0.05,5940,-0.2615,174,0.09127254039049149,0.001,14599
339,10.0,59440,0.05,5944,-0.28400000000000003,175,0.054051388055086136,0.001,14609
339,10.0,59480,0.05,5948,-0.253,175,0.06979621946811676,0.001,14619
339,10.0,59520,0.05,5952,-0.23450000000000004,175,0.08776402473449707,0.001,14629
339,10.0,59560,0.05,5956,-0.21700000000000005,175,0.09513244032859802,0.001,14639
338,10.0,59600,0.05,5960,-0.22650000000000006,175,0.09355752170085907,0.001,14649
338,10.0,59640,0.05,5964,-0.23099999999999998,175,0.06751043349504471,0.001,14659
338,10.0,59680,0.05,5968,-0.23249999999999993,176,0.08289852738380432,0.001,14669
338,10.0,59720,0.05,5972,-0.3105,176,0.08096756786108017,0.001,14679
338,10.0,59760,0.05,5976,-0.31200000000000006,176,0.06473710387945175,0.001,14689
338,10.0,59800,0.05,5980,-0.2980000000000001,176,0.09678018093109131,0.001,14699
338,10.0,59840,0.05,5984,-0.223,176,0.07708870619535446,0.001,14709
337,10.0,59880,0.05,5988,-0.2775,177,0.09425012022256851,0.001,14719
337,10.0,59920,0.05,5992,-0.23900000000000002,177,0.06594603508710861,0.001,14729
337,10.0,59960,0.05,5996,-0.2745,177,0.07684473693370819,0.001,14739
337,10.0,60000,0.05,6000,-0.1625,177,0.10053984075784683,0.001,14749
337,10.0,60040,0.05,6004,-0.11950000000000001,177,0.10487032681703568,0.001,14759
337,10.0,60080,0.05,6008,-0.052000000000000025,178,0.06386559456586838,0.001,14769
337,10.0,60120,0.05,6012,-0.11750000000000002,178,0.10448535531759262,0.001,14779
337,10.0,60160,0.05,6016,-0.21350000000000002,178,0.09580674767494202,0.001,14789
336,10.0,60200,0.05,6020,-0.17950000000000002,178,0.0699596181511879,0.001,14799
336,10.0,60240,0.05,6024,-0.152,178,0.0740620344877243,0.001,14809
336,10.0,60280,0.05,6028,-0.17500000000000004,178,0.08520441502332687,0.001,14819
336,10.0,60320,0.05,6032,-0.16200000000000003,179,0.06072733923792839,0.001,14829
336,10.0,60360,0.05,6036,-0.18400000000000005,179,0.11414293944835663,0.001,14839
336,10.0,60400,0.05,6040,-0.29150000000000004,179,0.11175888776779175,0.001,14849
336,10.0,60440,0.05,6044,-0.2830000000000001,179,0.08302360028028488,0.001,14859
336,10.0,60480,0.05,6048,-0.28750000000000003,179,0.06264336407184601,0.001,14869
336,10.0,60520,0.05,6052,-0.31900000000000006,180,0.07875580340623856,0.001,14879
336,10.0,60560,0.05,6056,-0.35999999999999993,180,0.09285484254360199,0.001,14889
335,10.0,60600,0.05,6060,-0.4,180,0.08953410387039185,0.001,14899
335,10.0,60640,0.05,6064,-0.42499999999999993,180,0.06780287623405457,0.001,14909
335,10.0,60680,0.05,6068,-0.407,181,0.07280027866363525,0.001,14919
333,10.0,60720,0.05,6072,-0.33299999999999996,181,0.09828853607177734,0.001,14929
333,10.0,60760,0.05,6076,-0.36199999999999993,182,0.08895114064216614,0.001,14939
333,10.0,60800,0.05,6080,-0.48050000000000004,182,0.07232639193534851,0.001,14949
332,10.0,60840,0.05,6084,-0.5235000000000002,182,0.10974472016096115,0.001,14959
332,10.0,60880,0.05,6088,-0.514,183,0.07329154759645462,0.001,14969
331,10.0,60920,0.05,6092,-0.5605000000000001,183,0.093087337911129,0.001,14979
331,10.0,60960,0.05,6096,-0.617,184,0.09044060856103897,0.001,14989
330,10.0,61000,0.05,6100,-0.6835,184,0.07827197015285492,0.001,14999
330,10.0,61040,0.05,6104,-0.6920000000000001,184,0.12021345645189285,0.001,15009
330,10.0,61080,0.05,6108,-0.7765000000000001,184,0.060807179659605026,0.001,15019
330,10.0,61120,0.05,6112,-0.7250000000000001,184,0.08363308757543564,0.001,15029
330,10.0,61160,0.05,6116,-0.63,185,0.08866594731807709,0.001,15039
330,10.0,61200,0.05,6120,-0.6505000000000001,185,0.07825035601854324,0.001,15049
330,10.0,61240,0.05,6124,-0.72,185,0.09150920063257217,0.001,15059
330,10.0,61280,0.05,6128,-0.6805000000000001,185,0.08758500963449478,0.001,15069
330,10.0,61320,0.05,6132,-0.687,185,0.08781887590885162,0.001,15079
330,10.0,61360,0.05,6136,-0.644,185,0.07321679592132568,0.001,15089
330,10.0,61400,0.05,6140,-0.5335,186,0.0960826650261879,0.001,15099
330,10.0,61440,0.05,6144,-0.4799999999999999,186,0.10275587439537048,0.001,15109
329,10.0,61480,0.05,6148,-0.5095000000000001,186,0.09497898817062378,0.001,15119
329,10.0,61520,0.05,6152,-0.5315000000000001,186,0.08861314505338669,0.001,15129
329,10.0,61560,0.05,6156,-0.43150000000000005,186,0.08493158221244812,0.001,15139
329,10.0,61600,0.05,6160,-0.4029999999999999,187,0.07922299206256866,0.001,15149
329,10.0,61640,0.05,6164,-0.3804999999999999,187,0.095089390873909,0.001,15159
329,10.0,61680,0.05,6168,-0.37799999999999995,187,0.07183389365673065,0.001,15169
329,10.0,61720,0.05,6172,-0.39949999999999997,187,0.08113321661949158,0.001,15179
329,10.0,61760,0.05,6176,-0.28650000000000003,187,0.065162293612957,0.001,15189
329,10.0,61800,0.05,6180,-0.20500000000000004,187,0.1096593365073204,0.001,15199
329,10.0,61840,0.05,6184,-0.1075,187,0.05385749414563179,0.001,15209
329,10.0,61880,0.05,6188,-0.048500000000000015,187,0.06789157539606094,0.001,15219
329,10.0,61920,0.05,6192,-0.08700000000000002,187,0.10312821716070175,0.001,15229
329,10.0,61960,0.05,6196,-0.053000000000000005,188,0.056260645389556885,0.001,15239
329,10.0,62000,0.05,6200,-0.14850000000000002,188,0.1193629801273346,0.001,15249
329,10.0,62040,0.05,6204,-0.22000000000000003,188,0.10960432887077332,0.001,15259
329,10.0,62080,0.05,6208,-0.184,188,0.07075754553079605,0.001,15269
329,10.0,62120,0.05,6212,-0.18849999999999997,188,0.10312378406524658,0.001,15279
329,10.0,62160,0.05,6216,-0.2535,188,0.0905832052230835,0.001,15289
329,10.0,62200,0.05,6220,-0.257,188,0.10730636119842529,0.001,15299
329,10.0,62240,0.05,6224,-0.19,188,0.13216716051101685,0.001,15309
329,10.0,62280,0.05,6228,-0.2685000000000001,189,0.08710141479969025,0.001,15319
329,10.0,62320,0.05,6232,-0.25150000000000006,189,0.08291295915842056,0.001,15329
329,10.0,62360,0.05,6236,-0.25500000000000006,189,0.09463372081518173,0.001,15339
329,10.0,62400,0.05,6240,-0.31650000000000006,189,0.08246717602014542,0.001,15349
329,10.0,62440,0.05,6244,-0.3459999999999999,189,0.06252985447645187,0.001,15359
329,10.0,62480,0.05,6248,-0.302,189,0.07468923926353455,0.001,15369
329,10.0,62520,0.05,6252,-0.23899999999999996,189,0.07940687239170074,0.001,15379
329,10.0,62560,0.05,6256,-0.3155,190,0.07549887150526047,0.001,15389
328,10.0,62600,0.05,6260,-0.35600000000000004,190,0.08214500546455383,0.001,15399
328,10.0,62640,0.05,6264,-0.36349999999999993,190,0.08349733054637909,0.001,15409
328,10.0,62680,0.05,6268,-0.39799999999999996,190,0.07861985266208649,0.001,15419
328,10.0,62720,0.05,6272,-0.37549999999999994,190,0.0717351883649826,0.001,15429
328,10.0,62760,0.05,6276,-0.4159999999999999,191,0.08191675692796707,0.001,15439
328,10.0,62800,0.05,6280,-0.43949999999999995,191,0.10590997338294983,0.001,15449
328,10.0,62840,0.05,6284,-0.6205,191,0.08229281008243561,0.001,15459
328,10.0,62880,0.05,6288,-0.677,191,0.08170193433761597,0.001,15469
328,10.0,62920,0.05,6292,-0.5585,191,0.07689828425645828,0.001,15479
328,10.0,62960,0.05,6296,-0.5824999999999999,191,0.09948112070560455,0.001,15489
328,10.0,63000,0.05,6300,-0.612,191,0.08719637989997864,0.001,15499
328,10.0,63040,0.05,6304,-0.5559999999999999,192,0.05940676108002663,0.001,15509
328,10.0,63080,0.05,6308,-0.6224999999999999,192,0.08237513154745102,0.001,15519
328,10.0,63120,0.05,6312,-0.5670000000000001,192,0.05157644674181938,0.001,15529
328,10.0,63160,0.05,6316,-0.5135000000000001,192,0.06548748165369034,0.001,15539
328,10.0,63200,0.05,6320,-0.4494999999999999,192,0.06970474869012833,0.001,15549
328,10.0,63240,0.05,6324,-0.49099999999999994,192,0.09072466194629669,0.001,15559
327,10.0,63280,0.05,6328,-0.37499999999999994,192,0.09348565340042114,0.001,15569
327,10.0,63320,0.05,6332,-0.4205,193,0.06931587308645248,0.001,15579
327,10.0,63360,0.05,6336,-0.5310000000000001,193,0.05653419345617294,0.001,15589
327,10.0,63400,0.05,6340,-0.566,193,0.05897136405110359,0.001,15599
327,10.0,63440,0.05,6344,-0.575,193,0.05268781632184982,0.001,15609
327,10.0,63480,0.05,6348,-0.5464999999999999,193,0.08494752645492554,0.001,15619
327,10.0,63520,0.05,6352,-0.5345,194,0.1162995919585228,0.001,15629
327,10.0,63560,0.05,6356,-0.496,194,0.09406629204750061,0.001,15639
327,10.0,63600,0.05,6360,-0.45899999999999996,194,0.08591707050800323,0.001,15649
327,10.0,63640,0.05,6364,-0.4294999999999999,194,0.06947880983352661,0.001,15659
327,10.0,63680,0.05,6368,-0.35850000000000004,194,0.11373569071292877,0.001,15669
327,10.0,63720,0.05,6372,-0.3385,194,0.06434083729982376,0.001,15679
327,10.0,63760,0.05,6376,-0.40299999999999997,194,0.0776757225394249,0.001,15689
327,10.0,63800,0.05,6380,-0.38550000000000006,194,0.08564578741788864,0.001,15699
327,10.0,63840,0.05,6384,-0.355,194,0.08651727437973022,0.001,15709
327,10.0,63880,0.05,6388,-0.2875,195,0.08124867081642151,0.001,15719
327,10.0,63920,0.05,6392,-0.2925,195,0.06285539269447327,0.001,15729
327,10.0,63960,0.05,6396,-0.3560000000000001,195,0.10511939972639084,0.001,15739
327,10.0,64000,0.05,6400,-0.1975,195,0.07840520888566971,0.001,15749
327,10.0,64040,0.05,6404,-0.1655,195,0.08096565306186676,0.001,15759
327,10.0,64080,0.05,6408,-0.024000000000000035,195,0.09556982666254044,0.001,15769
327,10.0,64120,0.05,6412,-0.12000000000000002,195,0.08233140408992767,0.001,15779
327,10.0,64160,0.05,6416,-0.14749999999999996,195,0.07434676587581635,0.001,15789
327,10.0,64200,0.05,6420,-0.16649999999999998,195,0.0775177851319313,0.001,15799
327,10.0,64240,0.05,6424,-0.1555,196,0.07904049009084702,0.001,15809
327,10.0,64280,0.05,6428,-0.21899999999999997,196,0.0827912911772728,0.001,15819
327,10.0,64320,0.05,6432,-0.188,196,0.06142470985651016,0.001,15829
326,10.0,64360,0.05,6436,-0.08549999999999999,196,0.08353673666715622,0.001,15839
326,10.0,64400,0.05,6440,-0.0014999999999999946,197,0.083614781498909,0.001,15849
326,10.0,64440,0.05,6444,0.04400000000000001,197,0.06540767848491669,0.001,15859
326,10.0,64480,0.05,6448,0.1245,197,0.06705687195062637,0.001,15869
326,10.0,64520,0.05,6452,0.08399999999999996,197,0.10844681411981583,0.001,15879
326,10.0,64560,0.05,6456,0.06900000000000002,197,0.07912289351224899,0.001,15889
326,10.0,64600,0.05,6460,0.09800000000000003,198,0.09985193610191345,0.001,15899
326,10.0,64640,0.05,6464,0.018000000000000006,198,0.09942378848791122,0.001,15909
325,10.0,64680,0.05,6468,-0.04200000000000001,198,0.09656604379415512,0.001,15919
325,10.0,64720,0.05,6472,-0.08950000000000002,198,0.07981571555137634,0.001,15929
325,10.0,64760,0.05,6476,-0.0335,198,0.08797505497932434,0.001,15939
325,10.0,64800,0.05,6480,-0.0014999999999999807,199,0.06819750368595123,0.001,15949
325,10.0,64840,0.05,6484,-0.02800000000000001,199,0.08740406483411789,0.001,15959
325,10.0,64880,0.05,6488,-0.15050000000000005,199,0.08809661865234375,0.001,15969
324,10.0,64920,0.05,6492,-0.13400000000000004,200,0.08752520382404327,0.001,15979
324,10.0,64960,0.05,6496,-0.06500000000000002,200,0.0858149304986,0.001,15989
324,10.0,65000,0.05,6500,-0.07250000000000004,200,0.08177903294563293,0.001,15999
324,10.0,65040,0.05,6504,-0.14049999999999999,200,0.0720939040184021,0.001,16009
324,10.0,65080,0.05,6508,-0.14449999999999996,200,0.057065051048994064,0.001,16019
324,10.0,65120,0.05,6512,-0.0815,200,0.11300778388977051,0.001,16029
323,10.0,65160,0.05,6516,-0.114,201,0.05704803019762039,0.001,16039
324,10.0,65200,0.05,6520,-0.19149999999999998,201,0.07362833619117737,0.001,16049
324,10.0,65240,0.05,6524,-0.19900000000000007,201,0.08220865577459335,0.001,16059
324,10.0,65280,0.05,6528,-0.15900000000000003,201,0.0801767110824585,0.001,16069
324,10.0,65320,0.05,6532,-0.138,201,0.07198941707611084,0.001,16079
324,10.0,65360,0.05,6536,-0.14350000000000004,201,0.06305726617574692,0.001,16089
324,10.0,65400,0.05,6540,-0.20499999999999996,201,0.10629776120185852,0.001,16099
324,10.0,65440,0.05,6544,-0.31499999999999995,201,0.06578294187784195,0.001,16109
324,10.0,65480,0.05,6548,-0.38599999999999995,202,0.06285243481397629,0.001,16119
324,10.0,65520,0.05,6552,-0.51,202,0.08260299265384674,0.001,16129
324,10.0,65560,0.05,6556,-0.523,202,0.06053395941853523,0.001,16139
324,10.0,65600,0.05,6560,-0.5195000000000001,202,0.08746272325515747,0.001,16149
324,10.0,65640,0.05,6564,-0.47950000000000004,202,0.09237859398126602,0.001,16159
324,10.0,65680,0.05,6568,-0.4369999999999999,202,0.1010056734085083,0.001,16169
324,10.0,65720,0.05,6572,-0.429,202,0.0891985148191452,0.001,16179
324,10.0,65760,0.05,6576,-0.37000000000000005,202,0.07342272251844406,0.001,16189
324,10.0,65800,0.05,6580,-0.4335000000000001,202,0.07850772887468338,0.001,16199
324,10.0,65840,0.05,6584,-0.43400000000000005,202,0.07997439801692963,0.001,16209
324,10.0,65880,0.05,6588,-0.386,202,0.06238590553402901,0.001,16219
324,10.0,65920,0.05,6592,-0.433,203,0.06326756626367569,0.001,16229
324,10.0,65960,0.05,6596,-0.4564999999999999,203,0.07349170744419098,0.001,16239
324,10.0,66000,0.05,6600,-0.44449999999999995,203,0.08328083157539368,0.001,16249
324,10.0,66040,0.05,6604,-0.41450000000000004,203,0.09675388038158417,0.001,16259
324,10.0,66080,0.05,6608,-0.4550000000000001,203,0.09471360594034195,0.001,16269
324,10.0,66120,0.05,6612,-0.49349999999999994,203,0.09017446637153625,0.001,16279
324,10.0,66160,0.05,6616,-0.40199999999999997,203,0.09832422435283661,0.001,16289
324,10.0,66200,0.05,6620,-0.28950000000000004,203,0.0700431689620018,0.001,16299
324,10.0,66240,0.05,6624,-0.3355,203,0.08172048628330231,0.001,16309
324,10.0,66280,0.05,6628,-0.28550000000000003,203,0.09652912616729736,0.001,16319
325,10.0,66320,0.05,6632,-0.293,204,0.061087995767593384,0.001,16329
325,10.0,66360,0.05,6636,-0.228,204,0.07283618301153183,0.001,16339
325,10.0,66400,0.05,6640,-0.223,204,0.0764041319489479,0.001,16349
325,10.0,66440,0.05,6644,-0.1255,204,0.07391556352376938,0.001,16359
325,10.0,66480,0.05,6648,-0.24749999999999997,204,0.08467346429824829,0.001,16369
325,10.0,66520,0.05,6652,-0.163,204,0.08346624672412872,0.001,16379
325,10.0,66560,0.05,6656,-0.11299999999999995,204,0.11995294690132141,0.001,16389
325,10.0,66600,0.05,6660,-0.16549999999999998,204,0.07565412670373917,0.001,16399
325,10.0,66640,0.05,6664,-0.1185,204,0.07348769903182983,0.001,16409
325,10.0,66680,0.05,6668,-0.07450000000000001,205,0.09330473840236664,0.001,16419
325,10.0,66720,0.05,6672,-0.11200000000000003,205,0.06562631577253342,0.001,16429
325,10.0,66760,0.05,6676,-0.09100000000000003,205,0.1205190047621727,0.001,16439
325,10.0,66800,0.05,6680,-0.06899999999999999,205,0.06538054347038269,0.001,16449
325,10.0,66840,0.05,6684,0.036500000000000005,205,0.10470186918973923,0.001,16459
325,10.0,66880,0.05,6688,-0.041000000000000016,205,0.07267574965953827,0.001,16469
325,10.0,66920,0.05,6692,-0.10100000000000005,205,0.10490979999303818,0.001,16479
325,10.0,66960,0.05,6696,-0.051500000000000073,205,0.09860855340957642,0.001,16489
325,10.0,67000,0.05,6700,-0.06450000000000006,205,0.06258843094110489,0.001,16499
325,10.0,67040,0.05,6704,0.003499999999999934,205,0.05151896923780441,0.001,16509
325,10.0,67080,0.05,6708,-0.046000000000000076,206,0.06577831506729126,0.001,16519
325,10.0,67120,0.05,6712,-0.03000000000000001,206,0.08942475914955139,0.001,16529
325,10.0,67160,0.05,6716,-0.08800000000000001,206,0.06748466938734055,0.001,16539
325,10.0,67200,0.05,6720,-0.18800000000000006,206,0.08451654016971588,0.001,16549
325,10.0,67240,0.05,6724,-0.11600000000000002,206,0.06492048501968384,0.001,16559
325,10.0,67280,0.05,6728,-0.20750000000000005,206,0.057281043380498886,0.001,16569
325,10.0,67320,0.05,6732,-0.18450000000000003,206,0.08206641674041748,0.001,16579
325,10.0,67360,0.05,6736,-0.23500000000000004,206,0.07307059317827225,0.001,16589
325,10.0,67400,0.05,6740,-0.11750000000000003,206,0.05678072199225426,0.001,16599
325,10.0,67440,0.05,6744,-0.20350000000000001,207,0.05533677339553833,0.001,16609
325,10.0,67480,0.05,6748,-0.20850000000000002,207,0.042330462485551834,0.001,16619
325,10.0,67520,0.05,6752,-0.188,207,0.0930122658610344,0.001,16629
325,10.0,67560,0.05,6756,-0.2925,207,0.06794921308755875,0.001,16639
325,10.0,67600,0.05,6760,-0.21099999999999997,207,0.08274957537651062,0.001,16649
325,10.0,67640,0.05,6764,-0.21800000000000008,207,0.10660858452320099,0.001,16659
325,10.0,67680,0.05,6768,-0.2775000000000001,207,0.07820888608694077,0.001,16669
325,10.0,67720,0.05,6772,-0.2340000000000001,207,0.09312456846237183,0.001,16679
325,10.0,67760,0.05,6776,-0.24500000000000008,207,0.0754377692937851,0.001,16689
325,10.0,67800,0.05,6780,-0.30250000000000005,208,0.05758369714021683,0.001,16699
325,10.0,67840,0.05,6784,-0.365,208,0.08292808383703232,0.001,16709
326,10.0,67880,0.05,6788,-0.3455,208,0.08963170647621155,0.001,16719
326,10.0,67920,0.05,6792,-0.3055,208,0.08785970509052277,0.001,16729
326,10.0,67960,0.05,6796,-0.3275,208,0.09945277869701385,0.001,16739
326,10.0,68000,0.05,6800,-0.3415000000000001,208,0.1393200010061264,0.001,16749
326,10.0,68040,0.05,6804,-0.3995,208,0.05558537319302559,0.001,16759
326,10.0,68080,0.05,6808,-0.4045,208,0.07441192865371704,0.001,16769
326,10.0,68120,0.05,6812,-0.40800000000000003,208,0.07195506989955902,0.001,16779
326,10.0,68160,0.05,6816,-0.3920000000000001,208,0.07062730193138123,0.001,16789
326,10.0,68200,0.05,6820,-0.2715000000000001,209,0.08040887117385864,0.001,16799
326,10.0,68240,0.05,6824,-0.23350000000000004,209,0.10919636487960815,0.001,16809
326,10.0,68280,0.05,6828,-0.18800000000000006,209,0.08469629287719727,0.001,16819
326,10.0,68320,0.05,6832,-0.278,209,0.10273073613643646,0.001,16829
326,10.0,68360,0.05,6836,-0.23800000000000004,209,0.0781593769788742,0.001,16839
326,10.0,68400,0.05,6840,-0.2805000000000001,209,0.10177517682313919,0.001,16849
326,10.0,68440,0.05,6844,-0.24450000000000002,209,0.09246017038822174,0.001,16859
326,10.0,68480,0.05,6848,-0.1545,209,0.07643751055002213,0.001,16869
326,10.0,68520,0.05,6852,-0.2345,209,0.07777750492095947,0.001,16879
326,10.0,68560,0.05,6856,-0.12399999999999994,209,0.05469457432627678,0.001,16889
326,10.0,68600,0.05,6860,-0.2365,210,0.09628608822822571,0.001,16899
326,10.0,68640,0.05,6864,-0.31999999999999995,210,0.07524708658456802,0.001,16909
326,10.0,68680,0.05,6868,-0.2769999999999999,210,0.06277734041213989,0.001,16919
326,10.0,68720,0.05,6872,-0.22149999999999992,210,0.05674796178936958,0.001,16929
326,10.0,68760,0.05,6876,-0.25749999999999995,210,0.0978173166513443,0.001,16939
326,10.0,68800,0.05,6880,-0.14600000000000002,210,0.06662163883447647,0.001,16949
326,10.0,68840,0.05,6884,-0.13300000000000003,210,0.05918193981051445,0.001,16959
326,10.0,68880,0.05,6888,0.01100000000000002,210,0.06528045237064362,0.001,16969
326,10.0,68920,0.05,6892,-0.0004999999999999771,210,0.0913427472114563,0.001,16979
326,10.0,68960,0.05,6896,0.0475,210,0.10838516056537628,0.001,16989
326,10.0,69000,0.05,6900,0.021499999999999995,211,0.06292170286178589,0.001,16999
326,10.0,69040,0.05,6904,0.033999999999999975,211,0.07185623049736023,0.001,17009
326,10.0,69080,0.05,6908,0.03649999999999997,211,0.10087229311466217,0.001,17019
327,10.0,69120,0.05,6912,0.025999999999999995,211,0.0575190931558609,0.001,17029
327,10.0,69160,0.05,6916,0.0,211,0.09819193184375763,0.001,17039
327,10.0,69200,0.05,6920,-0.05000000000000005,211,0.10944385081529617,0.001,17049
327,10.0,69240,0.05,6924,-0.12000000000000004,211,0.08607202768325806,0.001,17059
327,10.0,69280,0.05,6928,-0.162,211,0.10004106163978577,0.001,17069
327,10.0,69320,0.05,6932,-0.19150000000000006,211,0.08866555988788605,0.001,17079
327,10.0,69360,0.05,6936,-0.14450000000000002,211,0.05747957155108452,0.001,17089
327,10.0,69400,0.05,6940,-0.24350000000000002,212,0.07156218588352203,0.001,17099
327,10.0,69440,0.05,6944,-0.28,212,0.09206894040107727,0.001,17109
327,10.0,69480,0.05,6948,-0.28,212,0.08359593152999878,0.001,17119
327,10.0,69520,0.05,6952,-0.1505,212,0.09907913208007812,0.001,17129
327,10.0,69560,0.05,6956,-0.2165,212,0.05784650146961212,0.001,17139
327,10.0,69600,0.05,6960,-0.14699999999999996,212,0.0467330738902092,0.001,17149
327,10.0,69640,0.05,6964,-0.10349999999999998,212,0.07529470324516296,0.001,17159
327,10.0,69680,0.05,6968,-0.16399999999999998,212,0.12044871598482132,0.001,17169
327,10.0,69720,0.05,6972,-0.298,213,0.06446913629770279,0.001,17179
327,10.0,69760,0.05,6976,-0.26849999999999996,213,0.0995674878358841,0.001,17189
327,10.0,69800,0.05,6980,-0.26199999999999996,213,0.12850622832775116,0.001,17199
326,10.0,69840,0.05,6984,-0.25999999999999995,213,0.07442318648099899,0.001,17209
326,10.0,69880,0.05,6988,-0.3509999999999999,213,0.06738059222698212,0.001,17219
326,10.0,69920,0.05,6992,-0.338,214,0.08359288424253464,0.001,17229
326,10.0,69960,0.05,6996,-0.2775,214,0.07442045956850052,0.001,17239
326,10.0,70000,0.05,7000,-0.24500000000000008,214,0.0890837162733078,0.001,17249
326,10.0,70040,0.05,7004,-0.23650000000000004,214,0.11567031592130661,0.001,17259
326,10.0,70080,0.05,7008,-0.19950000000000007,214,0.062161318957805634,0.001,17269
326,10.0,70120,0.05,7012,-0.16950000000000004,214,0.10425478965044022,0.001,17279
326,10.0,70160,0.05,7016,-0.05700000000000007,214,0.07511724531650543,0.001,17289
326,10.0,70200,0.05,7020,-0.08250000000000009,215,0.07680987566709518,0.001,17299
326,10.0,70240,0.05,7024,-0.044000000000000046,215,0.10898752510547638,0.001,17309
326,10.0,70280,0.05,7028,-0.047500000000000056,215,0.06127353012561798,0.001,17319
325,10.0,70320,0.05,7032,0.036000000000000004,215,0.06768427044153214,0.001,17329
325,10.0,70360,0.05,7036,-0.054500000000000035,215,0.11855509132146835,0.001,17339
325,10.0,70400,0.05,7040,0.050999999999999976,216,0.06487356126308441,0.001,17349
325,10.0,70440,0.05,7044,0.09649999999999999,216,0.07866442203521729,0.001,17359
325,10.0,70480,0.05,7048,0.08899999999999997,216,0.0673537477850914,0.001,17369
325,10.0,70520,0.05,7052,0.035499999999999955,216,0.0685219094157219,0.001,17379
325,10.0,70560,0.05,7056,0.04649999999999999,216,0.07618650794029236,0.001,17389
325,10.0,70600,0.05,7060,0.002999999999999987,216,0.06653396785259247,0.001,17399
325,10.0,70640,0.05,7064,0.02149999999999998,216,0.07682006806135178,0.001,17409
325,10.0,70680,0.05,7068,0.02299999999999999,217,0.0741831511259079,0.001,17419
325,10.0,70720,0.05,7072,0.05649999999999999,217,0.06718184053897858,0.001,17429
325,10.0,70760,0.05,7076,0.102,217,0.07551567256450653,0.001,17439
325,10.0,70800,0.05,7080,0.096,217,0.09372974932193756,0.001,17449
325,10.0,70840,0.05,7084,0.11600000000000002,217,0.08623655140399933,0.001,17459
325,10.0,70880,0.05,7088,0.07900000000000004,217,0.09175371378660202,0.001,17469
325,10.0,70920,0.05,7092,0.182,217,0.07444107532501221,0.001,17479
325,10.0,70960,0.05,7096,0.08849999999999998,217,0.10019375383853912,0.001,17489
325,10.0,71000,0.05,7100,0.12150000000000005,218,0.04779931157827377,0.001,17499
325,10.0,71040,0.05,7104,0.142,218,0.08562985062599182,0.001,17509
325,10.0,71080,0.05,7108,0.0875,218,0.09962372481822968,0.001,17519
325,10.0,71120,0.05,7112,0.0915,218,0.07998829334974289,0.001,17529
325,10.0,71160,0.05,7116,0.036999999999999984,218,0.10217052698135376,0.001,17539
325,10.0,71200,0.05,7120,0.050999999999999976,218,0.06323863565921783,0.001,17549
325,10.0,71240,0.05,7124,0.03300000000000001,218,0.0907628983259201,0.001,17559
325,10.0,71280,0.05,7128,0.06049999999999999,218,0.07552163302898407,0.001,17569
325,10.0,71320,0.05,7132,0.012499999999999964,219,0.07269185781478882,0.001,17579
325,10.0,71360,0.05,7136,0.07099999999999998,219,0.07532334327697754,0.001,17589
325,10.0,71400,0.05,7140,0.04050000000000001,219,0.07859206199645996,0.001,17599
325,10.0,71440,0.05,7144,0.08200000000000003,219,0.05877609923481941,0.001,17609
325,10.0,71480,0.05,7148,0.1365,219,0.06942537426948547,0.001,17619
325,10.0,71520,0.05,7152,0.1305,219,0.07369053363800049,0.001,17629
325,10.0,71560,0.05,7156,0.09449999999999999,219,0.07739987224340439,0.001,17639
325,10.0,71600,0.05,7160,0.17099999999999993,219,0.08978452533483505,0.001,17649
325,10.0,71640,0.05,7164,0.18399999999999994,220,0.07443708926439285,0.001,17659
325,10.0,71680,0.05,7168,0.163,220,0.07402461767196655,0.001,17669
325,10.0,71720,0.05,7172,0.22099999999999997,220,0.09364935755729675,0.001,17679
325,10.0,71760,0.05,7176,0.036999999999999963,220,0.09342225641012192,0.001,17689
325,10.0,71800,0.05,7180,-0.012999999999999994,220,0.06523493677377701,0.001,17699
325,10.0,71840,0.05,7184,-0.012999999999999998,220,0.06802543252706528,0.001,17709
325,10.0,71880,0.05,7188,0.076,220,0.05954907834529877,0.001,17719
325,10.0,71920,0.05,7192,0.004500000000000028,220,0.0651172399520874,0.001,17729
325,10.0,71960,0.05,7196,0.09550000000000003,220,0.0665685310959816,0.001,17739
325,10.0,72000,0.05,7200,0.08299999999999998,221,0.06109096109867096,0.001,17749
325,10.0,72040,0.05,7204,0.013499999999999972,221,0.07213053852319717,0.001,17759
325,10.0,72080,0.05,7208,0.06249999999999998,221,0.09176386147737503,0.001,17769
325,10.0,72120,0.05,7212,0.011499999999999995,221,0.0600777231156826,0.001,17779
325,10.0,72160,0.05,7216,-0.10000000000000002,221,0.10205936431884766,0.001,17789
325,10.0,72200,0.05,7220,-0.1295,221,0.0443495512008667,0.001,17799
325,10.0,72240,0.05,7224,-0.183,221,0.10316228866577148,0.001,17809
325,10.0,72280,0.05,7228,-0.26299999999999996,221,0.07667390257120132,0.001,17819
325,10.0,72320,0.05,7232,-0.236,221,0.08221636712551117,0.001,17829
325,10.0,72360,0.05,7236,-0.2615,222,0.092898890376091,0.001,17839
325,10.0,72400,0.05,7240,-0.33399999999999996,222,0.08854399621486664,0.001,17849
325,10.0,72440,0.05,7244,-0.4065,222,0.09079183638095856,0.001,17859
325,10.0,72480,0.05,7248,-0.49,222,0.08608949184417725,0.001,17869
325,10.0,72520,0.05,7252,-0.5409999999999999,222,0.08647901564836502,0.001,17879
325,10.0,72560,0.05,7256,-0.39849999999999997,222,0.0724676251411438,0.001,17889
325,10.0,72600,0.05,7260,-0.5195000000000001,222,0.062538281083107,0.001,17899
325,10.0,72640,0.05,7264,-0.5894999999999999,222,0.057773616164922714,0.001,17909
325,10.0,72680,0.05,7268,-0.563,222,0.11557275056838989,0.001,17919
325,10.0,72720,0.05,7272,-0.605,223,0.07001230120658875,0.001,17929
325,10.0,72760,0.05,7276,-0.5225,223,0.065158911049366,0.001,17939
325,10.0,72800,0.05,7280,-0.386,223,0.06941326707601547,0.001,17949
325,10.0,72840,0.05,7284,-0.38350000000000006,223,0.07345215231180191,0.001,17959
325,10.0,72880,0.05,7288,-0.41899999999999993,223,0.0669354498386383,0.001,17969
325,10.0,72920,0.05,7292,-0.4279999999999999,223,0.0740085244178772,0.001,17979
325,10.0,72960,0.05,7296,-0.518,223,0.057062629610300064,0.001,17989
325,10.0,73000,0.05,7300,-0.5495,223,0.07633141428232193,0.001,17999
325,10.0,73040,0.05,7304,-0.49650000000000005,224,0.09192229807376862,0.001,18009
325,10.0,73080,0.05,7308,-0.515,224,0.09297885000705719,0.001,18019
325,10.0,73120,0.05,7312,-0.40299999999999997,224,0.09658244997262955,0.001,18029
326,10.0,73160,0.05,7316,-0.365,224,0.09204079955816269,0.001,18039
326,10.0,73200,0.05,7320,-0.37150000000000005,224,0.0470658503472805,0.001,18049
326,10.0,73240,0.05,7324,-0.30750000000000005,224,0.05880638211965561,0.001,18059
326,10.0,73280,0.05,7328,-0.21350000000000005,224,0.09360170364379883,0.001,18069
326,10.0,73320,0.05,7332,-0.24050000000000002,224,0.08177563548088074,0.001,18079
326,10.0,73360,0.05,7336,-0.2625,224,0.07083043456077576,0.001,18089
326,10.0,73400,0.05,7340,-0.14350000000000007,225,0.08337513357400894,0.001,18099
326,10.0,73440,0.05,7344,-0.1450000000000001,225,0.06584690511226654,0.001,18109
326,10.0,73480,0.05,7348,-0.22450000000000006,225,0.07326191663742065,0.001,18119
326,10.0,73520,0.05,7352,-0.10800000000000004,225,0.10127143561840057,0.001,18129
326,10.0,73560,0.05,7356,-0.15850000000000003,225,0.09727360308170319,0.001,18139
326,10.0,73600,0.05,7360,-0.11699999999999998,225,0.09417304396629333,0.001,18149
326,10.0,73640,0.05,7364,-0.053999999999999965,225,0.07660612463951111,0.001,18159
326,10.0,73680,0.05,7368,-0.08849999999999998,225,0.06436680257320404,0.001,18169
326,10.0,73720,0.05,7372,-0.07299999999999997,225,0.06495106220245361,0.001,18179
326,10.0,73760,0.05,7376,-0.02499999999999997,225,0.09227406978607178,0.001,18189
326,10.0,73800,0.05,7380,-0.0925,226,0.06789466738700867,0.001,18199
326,10.0,73840,0.05,7384,-0.1255,226,0.08747096359729767,0.001,18209
326,10.0,73880,0.05,7388,-0.16449999999999998,226,0.08142383396625519,0.001,18219
326,10.0,73920,0.05,7392,-0.252,226,0.0850619301199913,0.001,18229
326,10.0,73960,0.05,7396,-0.177,226,0.08025924861431122,0.001,18239
326,10.0,74000,0.05,7400,-0.08400000000000006,226,0.08436620235443115,0.001,18249
326,10.0,74040,0.05,7404,-0.11000000000000001,226,0.10022035241127014,0.001,18259
326,10.0,74080,0.05,7408,0.009499999999999988,226,0.08840472251176834,0.001,18269
326,10.0,74120,0.05,7412,-0.014000000000000021,226,0.11645393818616867,0.001,18279
326,10.0,74160,0.05,7416,-0.009500000000000038,227,0.06922538578510284,0.001,18289
326,10.0,74200,0.05,7420,-0.016000000000000025,227,0.05938899144530296,0.001,18299
326,10.0,74240,0.05,7424,0.029499999999999985,227,0.0679515078663826,0.001,18309
326,10.0,74280,0.05,7428,-0.07250000000000002,227,0.08551270514726639,0.001,18319
326,10.0,74320,0.05,7432,-0.04450000000000001,227,0.07435481250286102,0.001,18329
326,10.0,74360,0.05,7436,-0.019499999999999993,227,0.07296878099441528,0.001,18339
326,10.0,74400,0.05,7440,-0.09550000000000003,227,0.08970871567726135,0.001,18349
326,10.0,74440,0.05,7444,-0.03200000000000002,227,0.06232236698269844,0.001,18359
326,10.0,74480,0.05,7448,0.02299999999999999,227,0.08219413459300995,0.001,18369
326,10.0,74520,0.05,7452,-0.05150000000000002,228,0.06549757719039917,0.001,18379
326,10.0,74560,0.05,7456,-0.07150000000000006,228,0.10712273418903351,0.001,18389
326,10.0,74600,0.05,7460,-0.03950000000000001,228,0.08720801025629044,0.001,18399
326,10.0,74640,0.05,7464,-0.059,228,0.09137314558029175,0.001,18409
326,10.0,74680,0.05,7468,0.0,228,0.06230269372463226,0.001,18419
326,10.0,74720,0.05,7472,-0.03350000000000003,228,0.10459733009338379,0.001,18429
326,10.0,74760,0.05,7476,-0.06700000000000003,228,0.07567305862903595,0.001,18439
326,10.0,74800,0.05,7480,-0.04350000000000001,229,0.09563370794057846,0.001,18449
326,10.0,74840,0.05,7484,-0.029999999999999995,229,0.08112984895706177,0.001,18459
326,10.0,74880,0.05,7488,-0.024999999999999977,229,0.07093025743961334,0.001,18469
326,10.0,74920,0.05,7492,0.109,229,0.09692907333374023,0.001,18479
326,10.0,74960,0.05,7496,0.08299999999999999,229,0.07173850387334824,0.001,18489
325,10.0,75000,0.05,7500,0.05099999999999999,230,0.056741081178188324,0.001,18499
325,10.0,75040,0.05,7504,0.04600000000000002,230,0.0713166818022728,0.001,18509
325,10.0,75080,0.05,7508,-0.08999999999999998,230,0.06417040526866913,0.001,18519
325,10.0,75120,0.05,7512,-0.1875,230,0.11243279278278351,0.001,18529
325,10.0,75160,0.05,7516,-0.14700000000000002,230,0.08873635530471802,0.001,18539
325,10.0,75200,0.05,7520,-0.04250000000000004,231,0.06483642756938934,0.001,18549
325,10.0,75240,0.05,7524,-0.10650000000000003,231,0.06030840799212456,0.001,18559
325,10.0,75280,0.05,7528,-0.06750000000000007,231,0.06079305335879326,0.001,18569
325,10.0,75320,0.05,7532,-0.043000000000000066,231,0.0794062688946724,0.001,18579
324,10.0,75360,0.05,7536,-0.03650000000000002,231,0.07303478568792343,0.001,18589
324,10.0,75400,0.05,7540,-0.03750000000000003,232,0.06679939478635788,0.001,18599
324,10.0,75440,0.05,7544,-0.10050000000000005,232,0.12503080070018768,0.001,18609
324,10.0,75480,0.05,7548,0.010499999999999931,232,0.10201595723628998,0.001,18619
324,10.0,75520,0.05,7552,-0.0005000000000000737,232,0.10225258767604828,0.001,18629
324,10.0,75560,0.05,7556,-4.884981308350689e-17,232,0.11459364742040634,0.001,18639
324,10.0,75600,0.05,7560,-0.10750000000000005,233,0.08811065554618835,0.001,18649
324,10.0,75640,0.05,7564,-0.0745000000000001,233,0.07665275782346725,0.001,18659
324,10.0,75680,0.05,7568,-0.08850000000000005,233,0.11196575313806534,0.001,18669
324,10.0,75720,0.05,7572,-0.09550000000000006,233,0.09565694630146027,0.001,18679
324,10.0,75760,0.05,7576,-0.17900000000000005,233,0.07751740515232086,0.001,18689
324,10.0,75800,0.05,7580,-0.23649999999999996,233,0.061465784907341,0.001,18699
324,10.0,75840,0.05,7584,-0.26299999999999996,233,0.08125513792037964,0.001,18709
324,10.0,75880,0.05,7588,-0.20999999999999996,233,0.06442029029130936,0.001,18719
324,10.0,75920,0.05,7592,-0.2504999999999999,233,0.07619541138410568,0.001,18729
324,10.0,75960,0.05,7596,-0.20899999999999988,234,0.05428771674633026,0.001,18739
324,10.0,76000,0.05,7600,-0.17549999999999996,234,0.08238203078508377,0.001,18749
324,10.0,76040,0.05,7604,-0.10500000000000002,234,0.08611918240785599,0.001,18759
324,10.0,76080,0.05,7608,-0.018499999999999933,234,0.07870277762413025,0.001,18769
324,10.0,76120,0.05,7612,0.030000000000000047,234,0.07873605191707611,0.001,18779
324,10.0,76160,0.05,7616,-0.02400000000000001,234,0.0885038822889328,0.001,18789
324,10.0,76200,0.05,7620,-0.11850000000000001,234,0.08176164329051971,0.001,18799
324,10.0,76240,0.05,7624,-0.026000000000000006,234,0.08104763180017471,0.001,18809
324,10.0,76280,0.05,7628,0.04749999999999998,234,0.06582523137331009,0.001,18819
324,10.0,76320,0.05,7632,0.048499999999999995,235,0.08015573769807816,0.001,18829
324,10.0,76360,0.05,7636,-0.012000000000000012,235,0.06429721415042877,0.001,18839
324,10.0,76400,0.05,7640,0.042499999999999954,235,0.08419547230005264,0.001,18849
324,10.0,76440,0.05,7644,0.07899999999999997,235,0.08833137154579163,0.001,18859
324,10.0,76480,0.05,7648,-0.021000000000000015,235,0.07704032212495804,0.001,18869
324,10.0,76520,0.05,7652,-0.03700000000000003,235,0.07854217290878296,0.001,18879
324,10.0,76560,0.05,7656,-0.011000000000000048,235,0.08393863588571548,0.001,18889
324,10.0,76600,0.05,7660,0.07449999999999996,235,0.09652913361787796,0.001,18899
324,10.0,76640,0.05,7664,0.10499999999999997,235,0.09858998656272888,0.001,18909
324,10.0,76680,0.05,7668,0.08649999999999997,236,0.0565420538187027,0.001,18919
324,10.0,76720,0.05,7672,0.13849999999999998,236,0.08158572763204575,0.001,18929
324,10.0,76760,0.05,7676,0.25899999999999995,236,0.07560649514198303,0.001,18939
324,10.0,76800,0.05,7680,0.2645,236,0.05351034924387932,0.001,18949
325,10.0,76840,0.05,7684,0.34800000000000003,236,0.07909861207008362,0.001,18959
325,10.0,76880,0.05,7688,0.2925000000000001,236,0.07589323073625565,0.001,18969
325,10.0,76920,0.05,7692,0.2725,236,0.07393698394298553,0.001,18979
325,10.0,76960,0.05,7696,0.266,236,0.08177226036787033,0.001,18989
325,10.0,77000,0.05,7700,0.18549999999999997,236,0.0716937705874443,0.001,18999
325,10.0,77040,0.05,7704,0.09550000000000003,236,0.10300232470035553,0.001,19009
325,10.0,77080,0.05,7708,0.06899999999999999,236,0.12177484482526779,0.001,19019
325,10.0,77120,0.05,7712,0.06049999999999998,237,0.08236846327781677,0.001,19029
325,10.0,77160,0.05,7716,0.022000000000000037,237,0.04862111434340477,0.001,19039
325,10.0,77200,0.05,7720,0.048000000000000036,237,0.10352132469415665,0.001,19049
325,10.0,77240,0.05,7724,-0.001000000000000007,237,0.12174108624458313,0.001,19059
325,10.0,77280,0.05,7728,-0.09300000000000003,237,0.07782237976789474,0.001,19069
325,10.0,77320,0.05,7732,-0.1115,237,0.05218123644590378,0.001,19079
325,10.0,77360,0.05,7736,-0.056499999999999974,237,0.04790483042597771,0.001,19089
325,10.0,77400,0.05,7740,-0.014499999999999956,237,0.08130265027284622,0.001,19099
325,10.0,77440,0.05,7744,-0.05800000000000001,237,0.08600103110074997,0.001,19109
325,10.0,77480,0.05,7748,-0.035500000000000045,238,0.049271371215581894,0.001,19119
325,10.0,77520,0.05,7752,-0.01350000000000005,238,0.10505632311105728,0.001,19129
325,10.0,77560,0.05,7756,-0.0675,238,0.10915054380893707,0.001,19139
325,10.0,77600,0.05,7760,-0.036000000000000004,238,0.06841205060482025,0.001,19149
325,10.0,77640,0.05,7764,-0.102,238,0.08565688133239746,0.001,19159
325,10.0,77680,0.05,7768,-0.07550000000000001,238,0.0902053713798523,0.001,19169
325,10.0,77720,0.05,7772,-0.139,238,0.0977834016084671,0.001,19179
325,10.0,77760,0.05,7776,-0.10599999999999998,238,0.06759607791900635,0.001,19189
325,10.0,77800,0.05,7780,-0.12500000000000003,238,0.10703132301568985,0.001,19199
325,10.0,77840,0.05,7784,-0.17900000000000005,238,0.07920057326555252,0.001,19209
325,10.0,77880,0.05,7788,-0.1175,239,0.059248730540275574,0.001,19219
325,10.0,77920,0.05,7792,-0.14849999999999997,239,0.09346212446689606,0.001,19229
325,10.0,77960,0.05,7796,-0.10749999999999997,239,0.05522231012582779,0.001,19239
325,10.0,78000,0.05,7800,-0.057999999999999996,239,0.034662872552871704,0.001,19249
325,10.0,78040,0.05,7804,0.061000000000000006,239,0.08030443638563156,0.001,19259
325,10.0,78080,0.05,7808,0.08900000000000002,239,0.07171787321567535,0.001,19269
325,10.0,78120,0.05,7812,0.148,239,0.07506047189235687,0.001,19279
326,10.0,78160,0.05,7816,0.19749999999999995,239,0.049636971205472946,0.001,19289
326,10.0,78200,0.05,7820,0.245,239,0.06842698156833649,0.001,19299
326,10.0,78240,0.05,7824,0.30549999999999994,239,0.07689335942268372,0.001,19309
326,10.0,78280,0.05,7828,0.3785,240,0.08473314344882965,0.001,19319
326,10.0,78320,0.05,7832,0.39799999999999996,240,0.06129981577396393,0.001,19329
325,10.0,78360,0.05,7836,0.4134999999999999,240,0.059038154780864716,0.001,19339
325,10.0,78400,0.05,7840,0.349,240,0.09279456734657288,0.001,19349
325,10.0,78440,0.05,7844,0.32049999999999995,240,0.05764523893594742,0.001,19359
325,10.0,78480,0.05,7848,0.26150000000000007,240,0.08320191502571106,0.001,19369
325,10.0,78520,0.05,7852,0.2695,240,0.06743916124105453,0.001,19379
325,10.0,78560,0.05,7856,0.30700000000000005,241,0.06131736934185028,0.001,19389
325,10.0,78600,0.05,7860,0.2515,241,0.08376379311084747,0.001,19399
325,10.0,78640,0.05,7864,0.26850000000000007,241,0.0871962457895279,0.001,19409
326,10.0,78680,0.05,7868,0.17500000000000004,241,0.0703095942735672,0.001,19419
326,10.0,78720,0.05,7872,0.2975,241,0.09751898050308228,0.001,19429
326,10.0,78760,0.05,7876,0.24599999999999997,241,0.06775250285863876,0.001,19439
326,10.0,78800,0.05,7880,0.14550000000000002,241,0.05104377865791321,0.001,19449
326,10.0,78840,0.05,7884,0.257,241,0.0853797048330307,0.001,19459
326,10.0,78880,0.05,7888,0.16700000000000004,241,0.0673568919301033,0.001,19469
326,10.0,78920,0.05,7892,0.2565,241,0.07481541484594345,0.001,19479
326,10.0,78960,0.05,7896,0.09749999999999998,242,0.059182632714509964,0.001,19489
326,10.0,79000,0.05,7900,0.014999999999999993,242,0.10570575296878815,0.001,19499
326,10.0,79040,0.05,7904,-0.038500000000000006,242,0.05990958958864212,0.001,19509
326,10.0,79080,0.05,7908,-0.06899999999999999,242,0.08021853119134903,0.001,19519
326,10.0,79120,0.05,7912,-0.07849999999999997,242,0.08894485235214233,0.001,19529
326,10.0,79160,0.05,7916,-0.13549999999999998,242,0.08098083734512329,0.001,19539
326,10.0,79200,0.05,7920,-0.16799999999999998,242,0.06774765253067017,0.001,19549
326,10.0,79240,0.05,7924,-0.262,242,0.07629983127117157,0.001,19559
326,10.0,79280,0.05,7928,-0.27049999999999996,242,0.10995059460401535,0.001,19569
326,10.0,79320,0.05,7932,-0.25149999999999995,243,0.054990027099847794,0.001,19579
326,10.0,79360,0.05,7936,-0.30149999999999993,243,0.07191963493824005,0.001,19589
326,10.0,79400,0.05,7940,-0.39150000000000007,243,0.07554695010185242,0.001,19599
326,10.0,79440,0.05,7944,-0.30450000000000005,243,0.0955606997013092,0.001,19609
326,10.0,79480,0.05,7948,-0.2475,243,0.09648546576499939,0.001,19619
326,10.0,79520,0.05,7952,-0.23550000000000007,243,0.07714754343032837,0.001,19629
326,10.0,79560,0.05,7956,-0.22000000000000003,243,0.100382000207901,0.001,19639
326,10.0,79600,0.05,7960,-0.17100000000000004,243,0.07393591105937958,0.001,19649
326,10.0,79640,0.05,7964,-0.11000000000000001,243,0.06851883232593536,0.001,19659
326,10.0,79680,0.05,7968,-0.03100000000000006,243,0.07448041439056396,0.001,19669
326,10.0,79720,0.05,7972,-0.14750000000000005,244,0.05109924077987671,0.001,19679
326,10.0,79760,0.05,7976,-0.09650000000000002,244,0.06501264870166779,0.001,19689
326,10.0,79800,0.05,7980,-0.030500000000000062,244,0.07257610559463501,0.001,19699
326,10.0,79840,0.05,7984,-0.04650000000000002,244,0.07413014769554138,0.001,19709
326,10.0,79880,0.05,7988,-0.02400000000000002,244,0.08228658139705658,0.001,19719
326,10.0,79920,0.05,7992,-0.06850000000000002,244,0.08053766936063766,0.001,19729
326,10.0,79960,0.05,7996,-0.06000000000000003,244,0.0759953185915947,0.001,19739
326,10.0,80000,0.05,8000,-0.09550000000000006,244,0.07005415856838226,0.001,19749
326,10.0,80040,0.05,8004,-0.12950000000000006,245,0.08295214921236038,0.001,19759
326,10.0,80080,0.05,8008,-0.09549999999999996,245,0.09739071130752563,0.001,19769
326,10.0,80120,0.05,8012,-0.06349999999999997,245,0.12392466515302658,0.001,19779
326,10.0,80160,0.05,8016,0.053499999999999964,245,0.08267267793416977,0.001,19789
326,10.0,80200,0.05,8020,0.02699999999999993,245,0.08619034290313721,0.001,19799
326,10.0,80240,0.05,8024,0.04349999999999997,246,0.08276218175888062,0.001,19809
325,10.0,80280,0.05,8028,0.02749999999999999,246,0.07107924669981003,0.001,19819
325,10.0,80320,0.05,8032,-0.048499999999999995,246,0.07473603636026382,0.001,19829
325,10.0,80360,0.05,8036,-0.021000000000000036,246,0.07512060552835464,0.001,19839
325,10.0,80400,0.05,8040,0.036999999999999963,247,0.09117918461561203,0.001,19849
325,10.0,80440,0.05,8044,0.05199999999999996,247,0.08454479277133942,0.001,19859
325,10.0,80480,0.05,8048,0.10199999999999998,247,0.10118599236011505,0.001,19869
325,10.0,80520,0.05,8052,0.14300000000000002,247,0.09236393868923187,0.001,19879
324,10.0,80560,0.05,8056,0.18599999999999994,247,0.06973176449537277,0.001,19889
324,10.0,80600,0.05,8060,0.1839999999999999,248,0.08395399898290634,0.001,19899
324,10.0,80640,0.05,8064,0.19049999999999995,248,0.04897318780422211,0.001,19909
324,10.0,80680,0.05,8068,0.18499999999999994,248,0.08870799094438553,0.001,19919
324,10.0,80720,0.05,8072,0.24049999999999996,248,0.07579405605792999,0.001,19929
324,10.0,80760,0.05,8076,0.10699999999999985,248,0.10668281465768814,0.001,19939
324,10.0,80800,0.05,8080,0.06799999999999994,249,0.11097303777933121,0.001,19949
324,10.0,80840,0.05,8084,-0.07100000000000002,249,0.06456335633993149,0.001,19959
324,10.0,80880,0.05,8088,-0.020500000000000053,249,0.06762643158435822,0.001,19969
323,10.0,80920,0.05,8092,-0.014500000000000035,249,0.0757519006729126,0.001,19979
323,10.0,80960,0.05,8096,0.005999999999999957,250,0.08216289430856705,0.001,19989
323,10.0,81000,0.05,8100,0.023999999999999924,250,0.05902395397424698,0.001,19999
323,10.0,81040,0.05,8104,0.048999999999999926,250,0.10518431663513184,0.001,20009
323,10.0,81080,0.05,8108,-0.05450000000000005,250,0.10538897663354874,0.001,20019
323,10.0,81120,0.05,8112,-0.161,250,0.1014617383480072,0.001,20029
323,10.0,81160,0.05,8116,-0.17300000000000007,251,0.06272952258586884,0.001,20039
323,10.0,81200,0.05,8120,-0.18500000000000008,251,0.09975195676088333,0.001,20049
323,10.0,81240,0.05,8124,-0.16400000000000006,251,0.05423096567392349,0.001,20059
323,10.0,81280,0.05,8128,-0.17900000000000005,251,0.060539133846759796,0.001,20069
323,10.0,81320,0.05,8132,-0.163,251,0.096847765147686,0.001,20079
323,10.0,81360,0.05,8136,-0.18250000000000002,251,0.07359669357538223,0.001,20089
323,10.0,81400,0.05,8140,-0.21899999999999994,251,0.09445948153734207,0.001,20099
323,10.0,81440,0.05,8144,-0.3459999999999999,251,0.08579733967781067,0.001,20109
323,10.0,81480,0.05,8148,-0.37549999999999994,252,0.07235154509544373,0.001,20119
323,10.0,81520,0.05,8152,-0.36200000000000004,252,0.06839349120855331,0.001,20129
323,10.0,81560,0.05,8156,-0.4385,252,0.08571384102106094,0.001,20139
322,10.0,81600,0.05,8160,-0.49250000000000005,252,0.06809696555137634,0.001,20149
322,10.0,81640,0.05,8164,-0.6065000000000002,252,0.06767895817756653,0.001,20159
322,10.0,81680,0.05,8168,-0.585,253,0.08158038556575775,0.001,20169
322,10.0,81720,0.05,8172,-0.6495000000000001,253,0.09657317399978638,0.001,20179
322,10.0,81760,0.05,8176,-0.518,253,0.057304490357637405,0.001,20189
322,10.0,81800,0.05,8180,-0.585,253,0.09795273840427399,0.001,20199
322,10.0,81840,0.05,8184,-0.5065,253,0.0697614997625351,0.001,20209
322,10.0,81880,0.05,8188,-0.48400000000000015,253,0.07124991714954376,0.001,20219
322,10.0,81920,0.05,8192,-0.6095,254,0.09776760637760162,0.001,20229
322,10.0,81960,0.05,8196,-0.5794999999999999,254,0.07094862312078476,0.001,20239
322,10.0,82000,0.05,8200,-0.588,254,0.07526613771915436,0.001,20249
322,10.0,82040,0.05,8204,-0.653,254,0.06451781094074249,0.001,20259
322,10.0,82080,0.05,8208,-0.5949999999999999,254,0.05276883393526077,0.001,20269
322,10.0,82120,0.05,8212,-0.49199999999999994,254,0.097065269947052,0.001,20279
322,10.0,82160,0.05,8216,-0.43,254,0.06743931770324707,0.001,20289
322,10.0,82200,0.05,8220,-0.46599999999999997,255,0.09309853613376617,0.001,20299
322,10.0,82240,0.05,8224,-0.47600000000000003,255,0.09518074989318848,0.001,20309
322,10.0,82280,0.05,8228,-0.3575,255,0.08155443519353867,0.001,20319
322,10.0,82320,0.05,8232,-0.435,255,0.0804709866642952,0.001,20329
322,10.0,82360,0.05,8236,-0.43450000000000005,255,0.08938314020633698,0.001,20339
322,10.0,82400,0.05,8240,-0.3920000000000001,255,0.07818368822336197,0.001,20349
322,10.0,82440,0.05,8244,-0.326,255,0.08203285187482834,0.001,20359
322,10.0,82480,0.05,8248,-0.34349999999999986,256,0.10316024720668793,0.001,20369
321,10.0,82520,0.05,8252,-0.32499999999999996,256,0.05770687386393547,0.001,20379
321,10.0,82560,0.05,8256,-0.3489999999999999,256,0.07969916611909866,0.001,20389
321,10.0,82600,0.05,8260,-0.27949999999999997,256,0.08769363909959793,0.001,20399
321,10.0,82640,0.05,8264,-0.2864999999999999,256,0.11536947637796402,0.001,20409
321,10.0,82680,0.05,8268,-0.286,257,0.06885116547346115,0.001,20419
321,10.0,82720,0.05,8272,-0.23000000000000004,257,0.06820428371429443,0.001,20429
321,10.0,82760,0.05,8276,-0.2115,257,0.10123924911022186,0.001,20439
321,10.0,82800,0.05,8280,-0.09149999999999996,257,0.0913453921675682,0.001,20449
321,10.0,82840,0.05,8284,-0.11499999999999996,257,0.07659251987934113,0.001,20459
321,10.0,82880,0.05,8288,-0.2035,257,0.06880795210599899,0.001,20469
321,10.0,82920,0.05,8292,-0.1045,257,0.07891066372394562,0.001,20479
321,10.0,82960,0.05,8296,-0.11600000000000003,257,0.09298095107078552,0.001,20489
321,10.0,83000,0.05,8300,-0.04750000000000004,258,0.08670128881931305,0.001,20499
321,10.0,83040,0.05,8304,-0.027000000000000066,258,0.08614546060562134,0.001,20509
321,10.0,83080,0.05,8308,-0.06300000000000003,258,0.07511099427938461,0.001,20519
321,10.0,83120,0.05,8312,-0.09649999999999999,258,0.0881413072347641,0.001,20529
321,10.0,83160,0.05,8316,-0.1575,258,0.06889238208532333,0.001,20539
321,10.0,83200,0.05,8320,-0.05700000000000002,258,0.0793144702911377,0.001,20549
321,10.0,83240,0.05,8324,-0.030000000000000016,259,0.08044902980327606,0.001,20559
321,10.0,83280,0.05,8328,-0.11700000000000003,259,0.07107825577259064,0.001,20569
321,10.0,83320,0.05,8332,0.003999999999999916,259,0.07310524582862854,0.001,20579
321,10.0,83360,0.05,8336,-0.05750000000000007,259,0.05867636203765869,0.001,20589
321,10.0,83400,0.05,8340,-0.08200000000000009,259,0.07706446200609207,0.001,20599
321,10.0,83440,0.05,8344,-0.046000000000000076,259,0.056708209216594696,0.001,20609
321,10.0,83480,0.05,8348,0.021499999999999915,259,0.0695674791932106,0.001,20619
321,10.0,83520,0.05,8352,-0.06800000000000006,259,0.08617306500673294,0.001,20629
321,10.0,83560,0.05,8356,-0.08950000000000005,260,0.07795556634664536,0.001,20639
321,10.0,83600,0.05,8360,-0.1325,260,0.06801912188529968,0.001,20649
321,10.0,83640,0.05,8364,-0.005499999999999956,260,0.054481614381074905,0.001,20659
321,10.0,83680,0.05,8368,-0.06549999999999997,260,0.08002880215644836,0.001,20669
321,10.0,83720,0.05,8372,-0.08750000000000004,260,0.07682771980762482,0.001,20679
320,10.0,83760,0.05,8376,-0.12300000000000004,261,0.06457135826349258,0.001,20689
320,10.0,83800,0.05,8380,-0.04500000000000005,261,0.09180410206317902,0.001,20699
320,10.0,83840,0.05,8384,-0.014000000000000007,261,0.08112690597772598,0.001,20709
320,10.0,83880,0.05,8388,0.01350000000000001,261,0.09799614548683167,0.001,20719
320,10.0,83920,0.05,8392,0.007500000000000024,262,0.09545715153217316,0.001,20729
320,10.0,83960,0.05,8396,-0.03349999999999997,262,0.06897207349538803,0.001,20739
319,10.0,84000,0.05,8400,0.033999999999999996,262,0.09779705852270126,0.001,20749
319,10.0,84040,0.05,8404,0.02999999999999998,262,0.07862509042024612,0.001,20759
319,10.0,84080,0.05,8408,0.0285,263,0.05004774406552315,0.001,20769
319,10.0,84120,0.05,8412,-0.071,263,0.0671365037560463,0.001,20779
319,10.0,84160,0.05,8416,-0.09100000000000003,263,0.05113403871655464,0.001,20789
319,10.0,84200,0.05,8420,-0.085,263,0.06250174343585968,0.001,20799
319,10.0,84240,0.05,8424,-0.166,263,0.07610869407653809,0.001,20809
319,10.0,84280,0.05,8428,-0.16850000000000004,264,0.08479662984609604,0.001,20819
319,10.0,84320,0.05,8432,-0.159,264,0.07711920887231827,0.001,20829
318,10.0,84360,0.05,8436,0.004000000000000012,264,0.08205541968345642,0.001,20839
318,10.0,84400,0.05,8440,0.04100000000000001,264,0.05885215476155281,0.001,20849
318,10.0,84440,0.05,8444,0.062,264,0.04803333804011345,0.001,20859
318,10.0,84480,0.05,8448,-0.020500000000000004,265,0.07743044197559357,0.001,20869
318,10.0,84520,0.05,8452,-0.013000000000000012,265,0.0997748151421547,0.001,20879
318,10.0,84560,0.05,8456,-0.009000000000000001,265,0.08198712021112442,0.001,20889
318,10.0,84600,0.05,8460,-0.0010000000000000098,265,0.09690611064434052,0.001,20899
318,10.0,84640,0.05,8464,-0.05350000000000001,265,0.0905657485127449,0.001,20909
318,10.0,84680,0.05,8468,-0.07050000000000005,265,0.05240444093942642,0.001,20919
318,10.0,84720,0.05,8472,-0.040000000000000056,265,0.08011060953140259,0.001,20929
318,10.0,84760,0.05,8476,-0.21450000000000005,266,0.06387259811162949,0.001,20939
318,10.0,84800,0.05,8480,-0.4210000000000001,266,0.08160034567117691,0.001,20949
318,10.0,84840,0.05,8484,-0.4710000000000001,266,0.10358672589063644,0.001,20959
318,10.0,84880,0.05,8488,-0.45800000000000013,266,0.06705620884895325,0.001,20969
318,10.0,84920,0.05,8492,-0.4414999999999999,266,0.07043375074863434,0.001,20979
318,10.0,84960,0.05,8496,-0.41050000000000003,266,0.08791867643594742,0.001,20989
318,10.0,85000,0.05,8500,-0.49250000000000005,267,0.06663114577531815,0.001,20999
318,10.0,85040,0.05,8504,-0.4495,267,0.11026344448328018,0.001,21009
318,10.0,85080,0.05,8508,-0.40349999999999997,267,0.08400910347700119,0.001,21019
318,10.0,85120,0.05,8512,-0.306,267,0.09801287949085236,0.001,21029
318,10.0,85160,0.05,8516,-0.2990000000000001,267,0.11364361643791199,0.001,21039
318,10.0,85200,0.05,8520,-0.3560000000000001,267,0.08919842541217804,0.001,21049
318,10.0,85240,0.05,8524,-0.24750000000000003,267,0.06505561619997025,0.001,21059
318,10.0,85280,0.05,8528,-0.32900000000000007,267,0.0677298754453659,0.001,21069
317,10.0,85320,0.05,8532,-0.4015000000000001,268,0.07567049562931061,0.001,21079
317,10.0,85360,0.05,8536,-0.4065000000000001,268,0.08293742686510086,0.001,21089
317,10.0,85400,0.05,8540,-0.38000000000000006,268,0.0989857092499733,0.001,21099
317,10.0,85440,0.05,8544,-0.36,268,0.1008887067437172,0.001,21109
317,10.0,85480,0.05,8548,-0.28650000000000003,268,0.08914327621459961,0.001,21119
317,10.0,85520,0.05,8552,-0.2965,269,0.10733280330896378,0.001,21129
317,10.0,85560,0.05,8556,-0.2455,269,0.09769272804260254,0.001,21139
317,10.0,85600,0.05,8560,-0.228,269,0.10713863372802734,0.001,21149
317,10.0,85640,0.05,8564,-0.2965,269,0.0424734428524971,0.001,21159
317,10.0,85680,0.05,8568,-0.2755,269,0.0860925167798996,0.001,21169
317,10.0,85720,0.05,8572,-0.30500000000000005,269,0.08292990922927856,0.001,21179
317,10.0,85760,0.05,8576,-0.19000000000000006,270,0.10925441235303879,0.001,21189
317,10.0,85800,0.05,8580,-0.067,270,0.09556952863931656,0.001,21199
317,10.0,85840,0.05,8584,-0.05750000000000004,270,0.09365379065275192,0.001,21209
317,10.0,85880,0.05,8588,-0.007500000000000018,270,0.08460308611392975,0.001,21219
317,10.0,85920,0.05,8592,0.059,270,0.051230233162641525,0.001,21229
317,10.0,85960,0.05,8596,0.18849999999999997,270,0.07324787974357605,0.001,21239
317,10.0,86000,0.05,8600,0.16249999999999998,270,0.05953646078705788,0.001,21249
317,10.0,86040,0.05,8604,0.13999999999999996,270,0.09355229139328003,0.001,21259
317,10.0,86080,0.05,8608,0.18599999999999997,271,0.0945172980427742,0.001,21269
317,10.0,86120,0.05,8612,0.14749999999999996,271,0.04979506507515907,0.001,21279
317,10.0,86160,0.05,8616,0.10099999999999994,271,0.07934650778770447,0.001,21289
317,10.0,86200,0.05,8620,0.010999999999999979,271,0.08066138625144958,0.001,21299
317,10.0,86240,0.05,8624,-0.036500000000000005,271,0.0883292406797409,0.001,21309
317,10.0,86280,0.05,8628,0.03549999999999998,271,0.0666845440864563,0.001,21319
317,10.0,86320,0.05,8632,0.056999999999999995,271,0.11842996627092361,0.001,21329
317,10.0,86360,0.05,8636,0.017499999999999977,272,0.07728715240955353,0.001,21339
317,10.0,86400,0.05,8640,-0.0995,272,0.0917825698852539,0.001,21349
317,10.0,86440,0.05,8644,-0.15550000000000005,272,0.07349805533885956,0.001,21359
317,10.0,86480,0.05,8648,-0.18300000000000005,272,0.08534999191761017,0.001,21369
317,10.0,86520,0.05,8652,-0.17650000000000002,272,0.09601543098688126,0.001,21379
317,10.0,86560,0.05,8656,-0.21050000000000005,272,0.07639159262180328,0.001,21389
317,10.0,86600,0.05,8660,-0.201,272,0.08621924370527267,0.001,21399
317,10.0,86640,0.05,8664,-0.05499999999999999,272,0.08560998737812042,0.001,21409
317,10.0,86680,0.05,8668,-0.002000000000000026,273,0.0764210969209671,0.001,21419
317,10.0,86720,0.05,8672,-0.02200000000000003,273,0.06654293090105057,0.001,21429
317,10.0,86760,0.05,8676,0.005999999999999994,273,0.07375501841306686,0.001,21439
317,10.0,86800,0.05,8680,0.027499999999999965,273,0.08264150470495224,0.001,21449
317,10.0,86840,0.05,8684,0.08449999999999998,273,0.08933774381875992,0.001,21459
317,10.0,86880,0.05,8688,0.022999999999999993,273,0.0672384724020958,0.001,21469
317,10.0,86920,0.05,8692,0.0009999999999999966,273,0.0702962577342987,0.001,21479
317,10.0,86960,0.05,8696,-0.147,274,0.07830154895782471,0.001,21489
317,10.0,87000,0.05,8700,-0.1575,274,0.07518298178911209,0.001,21499
317,10.0,87040,0.05,8704,-0.16949999999999998,274,0.07491593062877655,0.001,21509
317,10.0,87080,0.05,8708,-0.33699999999999997,274,0.12204966694116592,0.001,21519
317,10.0,87120,0.05,8712,-0.3495,274,0.0828385055065155,0.001,21529
317,10.0,87160,0.05,8716,-0.21100000000000008,274,0.10355332493782043,0.001,21539
317,10.0,87200,0.05,8720,-0.11800000000000001,275,0.07541930675506592,0.001,21549
317,10.0,87240,0.05,8724,-0.11499999999999998,275,0.061472244560718536,0.001,21559
317,10.0,87280,0.05,8728,-0.10250000000000002,275,0.09023457765579224,0.001,21569
317,10.0,87320,0.05,8732,-0.1515,275,0.10475973039865494,0.001,21579
317,10.0,87360,0.05,8736,-0.30950000000000005,275,0.06819172948598862,0.001,21589
317,10.0,87400,0.05,8740,-0.14800000000000005,275,0.07382923364639282,0.001,21599
316,10.0,87440,0.05,8744,-0.13750000000000004,275,0.06527777016162872,0.001,21609
316,10.0,87480,0.05,8748,-0.11500000000000002,276,0.06503511965274811,0.001,21619
316,10.0,87520,0.05,8752,-0.11750000000000003,276,0.07961317896842957,0.001,21629
316,10.0,87560,0.05,8756,-0.042000000000000044,276,0.06487652659416199,0.001,21639
316,10.0,87600,0.05,8760,-0.11650000000000006,276,0.05794528126716614,0.001,21649
316,10.0,87640,0.05,8764,-0.304,276,0.09498900175094604,0.001,21659
316,10.0,87680,0.05,8768,-0.31300000000000006,276,0.08480016887187958,0.001,21669
316,10.0,87720,0.05,8772,-0.34050000000000014,277,0.04917155206203461,0.001,21679
316,10.0,87760,0.05,8776,-0.3605000000000001,277,0.07144605368375778,0.001,21689
316,10.0,87800,0.05,8780,-0.29000000000000015,277,0.06994467228651047,0.001,21699
316,10.0,87840,0.05,8784,-0.2675,277,0.06641128659248352,0.001,21709
315,10.0,87880,0.05,8788,-0.31950000000000006,278,0.07888919115066528,0.001,21719
315,10.0,87920,0.05,8792,-0.4390000000000001,278,0.06578648090362549,0.001,21729
314,10.0,87960,0.05,8796,-0.44300000000000017,279,0.0849640741944313,0.001,21739
314,10.0,88000,0.05,8800,-0.32600000000000007,279,0.06969649344682693,0.001,21749
313,10.0,88040,0.05,8804,-0.31450000000000006,280,0.07617118954658508,0.001,21759
313,10.0,88080,0.05,8808,-0.21750000000000008,280,0.05673101544380188,0.001,21769
313,10.0,88120,0.05,8812,-0.19650000000000006,281,0.06083580479025841,0.001,21779
313,10.0,88160,0.05,8816,-0.37900000000000006,281,0.0830305889248848,0.001,21789
313,10.0,88200,0.05,8820,-0.3115,281,0.06930229067802429,0.001,21799
313,10.0,88240,0.05,8824,-0.39149999999999996,281,0.06440769135951996,0.001,21809
313,10.0,88280,0.05,8828,-0.43999999999999995,281,0.0980215072631836,0.001,21819
313,10.0,88320,0.05,8832,-0.32400000000000007,281,0.08674824237823486,0.001,21829
313,10.0,88360,0.05,8836,-0.274,282,0.07632271945476532,0.001,21839
313,10.0,88400,0.05,8840,-0.35450000000000004,282,0.0721450075507164,0.001,21849
313,10.0,88440,0.05,8844,-0.36300000000000004,282,0.0881805270910263,0.001,21859
313,10.0,88480,0.05,8848,-0.3415000000000001,282,0.0405656062066555,0.001,21869
313,10.0,88520,0.05,8852,-0.35850000000000004,282,0.09061919152736664,0.001,21879
313,10.0,88560,0.05,8856,-0.439,282,0.06242255121469498,0.001,21889
313,10.0,88600,0.05,8860,-0.4325,282,0.10890007019042969,0.001,21899
313,10.0,88640,0.05,8864,-0.389,282,0.06910862028598785,0.001,21909
313,10.0,88680,0.05,8868,-0.3845,282,0.09798730909824371,0.001,21919
313,10.0,88720,0.05,8872,-0.30999999999999994,282,0.08148498088121414,0.001,21929
313,10.0,88760,0.05,8876,-0.269,283,0.09664931148290634,0.001,21939
313,10.0,88800,0.05,8880,-0.3165,283,0.08553078770637512,0.001,21949
313,10.0,88840,0.05,8884,-0.32500000000000007,283,0.07170625030994415,0.001,21959
313,10.0,88880,0.05,8888,-0.239,283,0.10023314505815506,0.001,21969
313,10.0,88920,0.05,8892,-0.13000000000000003,283,0.08581827580928802,0.001,21979
313,10.0,88960,0.05,8896,-0.06100000000000003,283,0.054786961525678635,0.001,21989
313,10.0,89000,0.05,8900,-0.153,283,0.08025388419628143,0.001,21999
313,10.0,89040,0.05,8904,-0.16200000000000003,283,0.12797901034355164,0.001,22009
313,10.0,89080,0.05,8908,-0.18150000000000002,283,0.08006415516138077,0.001,22019
313,10.0,89120,0.05,8912,-0.19149999999999998,284,0.07880055159330368,0.001,22029
313,10.0,89160,0.05,8916,-0.03600000000000001,284,0.06650912016630173,0.001,22039
313,10.0,89200,0.05,8920,-0.019500000000000038,284,0.07560493797063828,0.001,22049
313,10.0,89240,0.05,8924,0.11649999999999999,284,0.06993977725505829,0.001,22059
313,10.0,89280,0.05,8928,0.2325,284,0.05275818705558777,0.001,22069
313,10.0,89320,0.05,8932,0.1775,284,0.1104857474565506,0.001,22079
314,10.0,89360,0.05,8936,0.27099999999999996,284,0.06786909699440002,0.001,22089
314,10.0,89400,0.05,8940,0.309,284,0.05887886509299278,0.001,22099
314,10.0,89440,0.05,8944,0.308,284,0.06324166059494019,0.001,22109
314,10.0,89480,0.05,8948,0.3385,284,0.09029983729124069,0.001,22119
314,10.0,89520,0.05,8952,0.40800000000000003,284,0.09277208894491196,0.001,22129
314,10.0,89560,0.05,8956,0.44799999999999995,285,0.061128515750169754,0.001,22139
314,10.0,89600,0.05,8960,0.531,285,0.09631470590829849,0.001,22149
314,10.0,89640,0.05,8964,0.5920000000000001,285,0.08732122927904129,0.001,22159
314,10.0,89680,0.05,8968,0.6080000000000001,285,0.07052145898342133,0.001,22169
314,10.0,89720,0.05,8972,0.5275,285,0.05513899028301239,0.001,22179
314,10.0,89760,0.05,8976,0.49199999999999994,285,0.06888394802808762,0.001,22189
314,10.0,89800,0.05,8980,0.5545,285,0.07487964630126953,0.001,22199
314,10.0,89840,0.05,8984,0.48350000000000004,286,0.1000722274184227,0.001,22209
314,10.0,89880,0.05,8988,0.482,286,0.04636548087000847,0.001,22219
314,10.0,89920,0.05,8992,0.5025,286,0.08145666122436523,0.001,22229
314,10.0,89960,0.05,8996,0.5589999999999999,286,0.05359340086579323,0.001,22239
314,10.0,90000,0.05,9000,0.5855,286,0.088755764067173,0.001,22249
314,10.0,90040,0.05,9004,0.6575,286,0.07036682963371277,0.001,22259
314,10.0,90080,0.05,9008,0.6905,286,0.08345397561788559,0.001,22269
314,10.0,90120,0.05,9012,0.757,286,0.084597647190094,0.001,22279
314,10.0,90160,0.05,9016,0.6895,286,0.06670495122671127,0.001,22289
314,10.0,90200,0.05,9020,0.645,286,0.07935990393161774,0.001,22299
314,10.0,90240,0.05,9024,0.5834999999999999,287,0.07940082252025604,0.001,22309
314,10.0,90280,0.05,9028,0.47200000000000003,287,0.049506425857543945,0.001,22319
314,10.0,90320,0.05,9032,0.4765,287,0.10531861335039139,0.001,22329
314,10.0,90360,0.05,9036,0.382,287,0.07395622134208679,0.001,22339
314,10.0,90400,0.05,9040,0.34600000000000003,287,0.10217928141355515,0.001,22349
314,10.0,90440,0.05,9044,0.374,287,0.05130254104733467,0.001,22359
314,10.0,90480,0.05,9048,0.2815,287,0.07692523300647736,0.001,22369
314,10.0,90520,0.05,9052,0.316,287,0.1066935807466507,0.001,22379
314,10.0,90560,0.05,9056,0.3720000000000001,287,0.06757090985774994,0.001,22389
314,10.0,90600,0.05,9060,0.4555,287,0.09175146371126175,0.001,22399
314,10.0,90640,0.05,9064,0.512,288,0.053540170192718506,0.001,22409
314,10.0,90680,0.05,9068,0.5574999999999999,288,0.08492415398359299,0.001,22419
314,10.0,90720,0.05,9072,0.638,288,0.06686300784349442,0.001,22429
314,10.0,90760,0.05,9076,0.6209999999999999,288,0.056560080498456955,0.001,22439
314,10.0,90800,0.05,9080,0.5265,288,0.08629264682531357,0.001,22449
314,10.0,90840,0.05,9084,0.5365,288,0.05820933356881142,0.001,22459
314,10.0,90880,0.05,9088,0.5315,288,0.09957967698574066,0.001,22469
314,10.0,90920,0.05,9092,0.5505,288,0.06766735762357712,0.001,22479
314,10.0,90960,0.05,9096,0.4454999999999999,288,0.10029981285333633,0.001,22489
314,10.0,91000,0.05,9100,0.4784999999999999,288,0.06439553201198578,0.001,22499
315,10.0,91040,0.05,9104,0.42,289,0.09240259975194931,0.001,22509
314,10.0,91080,0.05,9108,0.42550000000000004,289,0.06520111113786697,0.001,22519
314,10.0,91120,0.05,9112,0.47599999999999987,289,0.0687589943408966,0.001,22529
314,10.0,91160,0.05,9116,0.5265,289,0.07990406453609467,0.001,22539
314,10.0,91200,0.05,9120,0.5435000000000001,289,0.06490139663219452,0.001,22549
314,10.0,91240,0.05,9124,0.5225,289,0.08487550169229507,0.001,22559
315,10.0,91280,0.05,9128,0.5205,289,0.10338427871465683,0.001,22569
314,10.0,91320,0.05,9132,0.412,290,0.06936903297901154,0.001,22579
313,10.0,91360,0.05,9136,0.496,291,0.07757765799760818,0.001,22589
313,10.0,91400,0.05,9140,0.544,291,0.0924161747097969,0.001,22599
312,10.0,91440,0.05,9144,0.49500000000000005,292,0.06823918223381042,0.001,22609
312,10.0,91480,0.05,9148,0.4935,293,0.09685927629470825,0.001,22619
311,10.0,91520,0.05,9152,0.39500000000000013,293,0.07717084139585495,0.001,22629
311,10.0,91560,0.05,9156,0.431,293,0.11445986479520798,0.001,22639
311,10.0,91600,0.05,9160,0.2820000000000001,294,0.08049198985099792,0.001,22649
310,10.0,91640,0.05,9164,0.2090000000000001,294,0.0656479001045227,0.001,22659
310,10.0,91680,0.05,9168,0.14,295,0.06472533196210861,0.001,22669
309,10.0,91720,0.05,9172,0.09699999999999999,296,0.09982413053512573,0.001,22679
309,10.0,91760,0.05,9176,0.10699999999999996,296,0.10081909596920013,0.001,22689
308,10.0,91800,0.05,9180,0.13099999999999995,297,0.07703355699777603,0.001,22699
308,10.0,91840,0.05,9184,0.13999999999999996,297,0.08534550666809082,0.001,22709
308,10.0,91880,0.05,9188,0.10799999999999996,298,0.0654706209897995,0.001,22719
307,10.0,91920,0.05,9192,0.06299999999999997,298,0.09394565969705582,0.001,22729
307,10.0,91960,0.05,9196,0.05649999999999999,299,0.062345605343580246,0.001,22739
307,10.0,92000,0.05,9200,0.0795,299,0.08552061766386032,0.001,22749
306,10.0,92040,0.05,9204,0.13799999999999998,300,0.08711139112710953,0.001,22759
306,10.0,92080,0.05,9208,0.11949999999999995,300,0.07966985553503036,0.001,22769
306,10.0,92120,0.05,9212,0.1305,300,0.0886782854795456,0.001,22779
305,10.0,92160,0.05,9216,0.0875,301,0.07920731604099274,0.001,22789
305,10.0,92200,0.05,9220,0.027499999999999972,301,0.07463055849075317,0.001,22799
305,10.0,92240,0.05,9224,0.10699999999999996,302,0.0851716473698616,0.001,22809
305,10.0,92280,0.05,9228,0.1425,302,0.052311722189188004,0.001,22819
305,10.0,92320,0.05,9232,0.23249999999999996,302,0.06360843032598495,0.001,22829
305,10.0,92360,0.05,9236,0.2315,302,0.07739635556936264,0.001,22839
304,10.0,92400,0.05,9240,0.24699999999999997,303,0.06016512215137482,0.001,22849
304,10.0,92440,0.05,9244,0.33,303,0.08026592433452606,0.001,22859
304,10.0,92480,0.05,9248,0.36849999999999994,303,0.07620604336261749,0.001,22869
304,10.0,92520,0.05,9252,0.44750000000000006,304,0.07911783456802368,0.001,22879
304,10.0,92560,0.05,9256,0.41,304,0.08311177045106888,0.001,22889
303,10.0,92600,0.05,9260,0.431,305,0.07361439615488052,0.001,22899
302,10.0,92640,0.05,9264,0.507,306,0.09536447376012802,0.001,22909
301,10.0,92680,0.05,9268,0.4879999999999999,307,0.08342663943767548,0.001,22919
301,10.0,92720,0.05,9272,0.42199999999999993,307,0.0970563143491745,0.001,22929
300,10.0,92760,0.05,9276,0.4684999999999999,308,0.08693759143352509,0.001,22939
300,10.0,92800,0.05,9280,0.46549999999999997,309,0.05959297716617584,0.001,22949
299,10.0,92840,0.05,9284,0.527,309,0.06232902407646179,0.001,22959
299,10.0,92880,0.05,9288,0.5185,309,0.08369606733322144,0.001,22969
299,10.0,92920,0.05,9292,0.5059999999999999,309,0.05935788154602051,0.001,22979
299,10.0,92960,0.05,9296,0.6074999999999999,310,0.08055191487073898,0.001,22989
299,10.0,93000,0.05,9300,0.5619999999999998,310,0.05483786016702652,0.001,22999
299,10.0,93040,0.05,9304,0.4795,310,0.0965297520160675,0.001,23009
299,10.0,93080,0.05,9308,0.47,310,0.10107259452342987,0.001,23019
299,10.0,93120,0.05,9312,0.32999999999999985,310,0.07843932509422302,0.001,23029
299,10.0,93160,0.05,9316,0.31950000000000006,310,0.09287609905004501,0.001,23039
299,10.0,93200,0.05,9320,0.313,310,0.09618740528821945,0.001,23049
299,10.0,93240,0.05,9324,0.21349999999999997,311,0.061196837574243546,0.001,23059
299,10.0,93280,0.05,9328,0.2415,311,0.08392433822154999,0.001,23069
299,10.0,93320,0.05,9332,0.29950000000000004,311,0.07975491881370544,0.001,23079
298,10.0,93360,0.05,9336,0.28850000000000003,312,0.0600508376955986,0.001,23089
298,10.0,93400,0.05,9340,0.24550000000000005,312,0.09981916844844818,0.001,23099
298,10.0,93440,0.05,9344,0.13100000000000006,312,0.06676677614450455,0.001,23109
298,10.0,93480,0.05,9348,0.10700000000000004,312,0.07808050513267517,0.001,23119
298,10.0,93520,0.05,9352,0.051500000000000046,312,0.08568993210792542,0.001,23129
298,10.0,93560,0.05,9356,-0.0635,312,0.06809883564710617,0.001,23139
299,10.0,93600,0.05,9360,-0.013499999999999988,313,0.07862364500761032,0.001,23149
298,10.0,93640,0.05,9364,-0.0355,313,0.06067636236548424,0.001,23159
298,10.0,93680,0.05,9368,-0.011000000000000001,313,0.07465880364179611,0.001,23169
298,10.0,93720,0.05,9372,0.09950000000000005,313,0.09263116866350174,0.001,23179
298,10.0,93760,0.05,9376,-0.042499999999999975,313,0.0907168909907341,0.001,23189
298,10.0,93800,0.05,9380,0.015500000000000045,313,0.07959046959877014,0.001,23199
298,10.0,93840,0.05,9384,-0.04549999999999998,314,0.07035928219556808,0.001,23209
298,10.0,93880,0.05,9388,0.01249999999999997,314,0.09853086620569229,0.001,23219
298,10.0,93920,0.05,9392,0.03500000000000001,314,0.08273984491825104,0.001,23229
298,10.0,93960,0.05,9396,-0.04449999999999998,314,0.07455560564994812,0.001,23239
298,10.0,94000,0.05,9400,-0.11649999999999996,315,0.07562022656202316,0.001,23249
298,10.0,94040,0.05,9404,-0.085,315,0.12644551694393158,0.001,23259
298,10.0,94080,0.05,9408,0.03399999999999999,315,0.07643653452396393,0.001,23269
298,10.0,94120,0.05,9412,0.06349999999999999,315,0.051295846700668335,0.001,23279
298,10.0,94160,0.05,9416,0.066,315,0.06955451518297195,0.001,23289
297,10.0,94200,0.05,9420,0.04699999999999999,316,0.08251253515481949,0.001,23299
297,10.0,94240,0.05,9424,0.016500000000000042,316,0.06396634876728058,0.001,23309
297,10.0,94280,0.05,9428,-0.085,316,0.04571203142404556,0.001,23319
297,10.0,94320,0.05,9432,-0.16250000000000003,316,0.06923235952854156,0.001,23329
297,10.0,94360,0.05,9436,-0.16299999999999998,317,0.07841449975967407,0.001,23339
297,10.0,94400,0.05,9440,-0.10950000000000003,317,0.0707792192697525,0.001,23349
297,10.0,94440,0.05,9444,-0.10000000000000007,317,0.07390543818473816,0.001,23359
297,10.0,94480,0.05,9448,-0.10200000000000004,317,0.07854322344064713,0.001,23369
297,10.0,94520,0.05,9452,-0.085,317,0.07772089540958405,0.001,23379
297,10.0,94560,0.05,9456,-0.028500000000000004,317,0.06064953655004501,0.001,23389
297,10.0,94600,0.05,9460,-0.046000000000000006,317,0.07919453829526901,0.001,23399
297,10.0,94640,0.05,9464,-0.07250000000000001,318,0.06563498079776764,0.001,23409
297,10.0,94680,0.05,9468,-0.10550000000000001,318,0.09904779493808746,0.001,23419
297,10.0,94720,0.05,9472,-0.04150000000000003,318,0.08083648979663849,0.001,23429
297,10.0,94760,0.05,9476,0.11299999999999995,318,0.08253414183855057,0.001,23439
297,10.0,94800,0.05,9480,0.01850000000000003,318,0.07884594053030014,0.001,23449
297,10.0,94840,0.05,9484,0.04400000000000006,318,0.06340495496988297,0.001,23459
297,10.0,94880,0.05,9488,0.027500000000000045,318,0.05851796269416809,0.001,23469
297,10.0,94920,0.05,9492,0.014500000000000027,318,0.05864990875124931,0.001,23479
297,10.0,94960,0.05,9496,0.02899999999999996,318,0.08874296396970749,0.001,23489
297,10.0,95000,0.05,9500,0.07399999999999997,319,0.09052413702011108,0.001,23499
297,10.0,95040,0.05,9504,0.06299999999999999,319,0.058623962104320526,0.001,23509
297,10.0,95080,0.05,9508,-0.027000000000000014,319,0.10509312152862549,0.001,23519
297,10.0,95120,0.05,9512,-0.13049999999999998,319,0.08165659010410309,0.001,23529
297,10.0,95160,0.05,9516,-0.11100000000000004,319,0.0961097776889801,0.001,23539
297,10.0,95200,0.05,9520,-0.02049999999999999,319,0.09721805900335312,0.001,23549
297,10.0,95240,0.05,9524,0.017000000000000026,319,0.06103205680847168,0.001,23559
297,10.0,95280,0.05,9528,0.11449999999999999,320,0.0809604600071907,0.001,23569
297,10.0,95320,0.05,9532,0.15449999999999997,320,0.08735727518796921,0.001,23579
297,10.0,95360,0.05,9536,0.20049999999999998,320,0.047775302082300186,0.001,23589
297,10.0,95400,0.05,9540,0.18349999999999997,320,0.1037922352552414,0.001,23599
297,10.0,95440,0.05,9544,0.31699999999999995,320,0.09224850684404373,0.001,23609
297,10.0,95480,0.05,9548,0.333,320,0.08953271806240082,0.001,23619
297,10.0,95520,0.05,9552,0.44049999999999995,321,0.07587838172912598,0.001,23629
297,10.0,95560,0.05,9556,0.4155000000000001,321,0.08223754167556763,0.001,23639
297,10.0,95600,0.05,9560,0.47,321,0.07199491560459137,0.001,23649
297,10.0,95640,0.05,9564,0.4850000000000001,321,0.11537674069404602,0.001,23659
297,10.0,95680,0.05,9568,0.5300000000000001,321,0.05126688629388809,0.001,23669
297,10.0,95720,0.05,9572,0.468,321,0.0745285302400589,0.001,23679
297,10.0,95760,0.05,9576,0.44100000000000006,321,0.08961991965770721,0.001,23689
297,10.0,95800,0.05,9580,0.4865,322,0.09881354123353958,0.001,23699
297,10.0,95840,0.05,9584,0.4524999999999999,322,0.08016413450241089,0.001,23709
297,10.0,95880,0.05,9588,0.4125,322,0.06735244393348694,0.001,23719
297,10.0,95920,0.05,9592,0.48699999999999993,322,0.08627861738204956,0.001,23729
297,10.0,95960,0.05,9596,0.4685,322,0.07209212332963943,0.001,23739
297,10.0,96000,0.05,9600,0.4979999999999999,322,0.07064931839704514,0.001,23749
297,10.0,96040,0.05,9604,0.4965,322,0.10108018666505814,0.001,23759
297,10.0,96080,0.05,9608,0.45500000000000007,322,0.09675703942775726,0.001,23769
297,10.0,96120,0.05,9612,0.5414999999999999,322,0.07568548619747162,0.001,23779
297,10.0,96160,0.05,9616,0.5349999999999999,322,0.07155760377645493,0.001,23789
297,10.0,96200,0.05,9620,0.49149999999999994,323,0.07524727284908295,0.001,23799
297,10.0,96240,0.05,9624,0.45099999999999996,323,0.11281803250312805,0.001,23809
297,10.0,96280,0.05,9628,0.39249999999999985,323,0.0805521160364151,0.001,23819
297,10.0,96320,0.05,9632,0.38599999999999995,323,0.11820743978023529,0.001,23829
297,10.0,96360,0.05,9636,0.349,323,0.10627258569002151,0.001,23839
297,10.0,96400,0.05,9640,0.16949999999999998,323,0.04976267367601395,0.001,23849
297,10.0,96440,0.05,9644,0.11950000000000002,323,0.049878768622875214,0.001,23859
298,10.0,96480,0.05,9648,0.11999999999999998,323,0.09413930028676987,0.001,23869
298,10.0,96520,0.05,9652,0.0024999999999999866,323,0.073397196829319,0.001,23879
298,10.0,96560,0.05,9656,0.07099999999999997,323,0.060469694435596466,0.001,23889
298,10.0,96600,0.05,9660,-0.012000000000000035,323,0.069962278008461,0.001,23899
298,10.0,96640,0.05,9664,-0.03300000000000003,324,0.07869072258472443,0.001,23909
298,10.0,96680,0.05,9668,0.0014999999999999768,324,0.08119463175535202,0.001,23919
298,10.0,96720,0.05,9672,-0.009500000000000019,324,0.09364306181669235,0.001,23929
298,10.0,96760,0.05,9676,-0.031000000000000017,324,0.09223797917366028,0.001,23939
298,10.0,96800,0.05,9680,0.021499999999999953,324,0.09993502497673035,0.001,23949
298,10.0,96840,0.05,9684,0.015499999999999941,324,0.07133454829454422,0.001,23959
298,10.0,96880,0.05,9688,0.10400000000000001,324,0.07311370968818665,0.001,23969
298,10.0,96920,0.05,9692,-0.003000000000000047,325,0.05552557483315468,0.001,23979
298,10.0,96960,0.05,9696,0.05949999999999992,325,0.08407019078731537,0.001,23989
297,10.0,97000,0.05,9700,-0.02850000000000008,325,0.04632408171892166,0.001,23999
297,10.0,97040,0.05,9704,-0.011000000000000107,325,0.11102024465799332,0.001,24009
297,10.0,97080,0.05,9708,0.025499999999999926,326,0.08063286542892456,0.001,24019
297,10.0,97120,0.05,9712,0.04499999999999996,326,0.08512957394123077,0.001,24029
297,10.0,97160,0.05,9716,-0.014500000000000055,326,0.05402941256761551,0.001,24039
297,10.0,97200,0.05,9720,-0.03600000000000009,326,0.10353913903236389,0.001,24049
297,10.0,97240,0.05,9724,0.062499999999999965,327,0.07776812463998795,0.001,24059
297,10.0,97280,0.05,9728,0.13649999999999998,327,0.06761985272169113,0.001,24069
296,10.0,97320,0.05,9732,0.1794999999999999,327,0.05644313246011734,0.001,24079
296,10.0,97360,0.05,9736,0.12449999999999996,327,0.08172209560871124,0.001,24089
296,10.0,97400,0.05,9740,0.27599999999999997,328,0.05344517529010773,0.001,24099
296,10.0,97440,0.05,9744,0.22899999999999998,328,0.06375621259212494,0.001,24109
296,10.0,97480,0.05,9748,0.2615,328,0.06784416735172272,0.001,24119
296,10.0,97520,0.05,9752,0.30500000000000005,328,0.07120925188064575,0.001,24129
296,10.0,97560,0.05,9756,0.22099999999999997,328,0.06220845878124237,0.001,24139
296,10.0,97600,0.05,9760,0.27699999999999997,329,0.06698901951313019,0.001,24149
296,10.0,97640,0.05,9764,0.2589999999999999,329,0.10145679116249084,0.001,24159
296,10.0,97680,0.05,9768,0.18249999999999994,329,0.08577816933393478,0.001,24169
296,10.0,97720,0.05,9772,0.12549999999999992,329,0.06446679681539536,0.001,24179
296,10.0,97760,0.05,9776,0.24199999999999988,329,0.08784662187099457,0.001,24189
296,10.0,97800,0.05,9780,0.20399999999999996,329,0.0802987590432167,0.001,24199
296,10.0,97840,0.05,9784,0.17799999999999994,329,0.045748259872198105,0.001,24209
296,10.0,97880,0.05,9788,0.0915,330,0.08162079006433487,0.001,24219
296,10.0,97920,0.05,9792,0.04799999999999999,330,0.05395164340734482,0.001,24229
296,10.0,97960,0.05,9796,0.017999999999999957,330,0.08414271473884583,0.001,24239
296,10.0,98000,0.05,9800,0.13649999999999998,330,0.08095858991146088,0.001,24249
296,10.0,98040,0.05,9804,0.1115,330,0.08507595211267471,0.001,24259
296,10.0,98080,0.05,9808,0.10399999999999998,330,0.08141079545021057,0.001,24269
296,10.0,98120,0.05,9812,0.11199999999999999,330,0.08191380649805069,0.001,24279
296,10.0,98160,0.05,9816,0.149,330,0.0647350326180458,0.001,24289
296,10.0,98200,0.05,9820,0.23049999999999998,330,0.08868061006069183,0.001,24299
296,10.0,98240,0.05,9824,0.08299999999999993,331,0.07656896859407425,0.001,24309
296,10.0,98280,0.05,9828,0.06699999999999995,331,0.06321710348129272,0.001,24319
296,10.0,98320,0.05,9832,0.02849999999999998,331,0.11979304999113083,0.001,24329
296,10.0,98360,0.05,9836,0.0275,331,0.10224313288927078,0.001,24339
296,10.0,98400,0.05,9840,0.002499999999999973,331,0.08461035788059235,0.001,24349
296,10.0,98440,0.05,9844,0.04099999999999999,331,0.07660824805498123,0.001,24359
296,10.0,98480,0.05,9848,-0.11100000000000003,331,0.07140222191810608,0.001,24369
297,10.0,98520,0.05,9852,-0.07800000000000003,331,0.08307020366191864,0.001,24379
297,10.0,98560,0.05,9856,-0.0009999999999999699,331,0.0686778873205185,0.001,24389
297,10.0,98600,0.05,9860,-0.14299999999999996,331,0.07376266270875931,0.001,24399
297,10.0,98640,0.05,9864,-0.14850000000000002,331,0.06056557595729828,0.001,24409
297,10.0,98680,0.05,9868,-0.13449999999999998,332,0.0698430985212326,0.001,24419
297,10.0,98720,0.05,9872,-0.10350000000000001,332,0.05435594916343689,0.001,24429
297,10.0,98760,0.05,9876,-0.17900000000000002,332,0.08253870904445648,0.001,24439
297,10.0,98800,0.05,9880,-0.18199999999999997,332,0.10564713180065155,0.001,24449
297,10.0,98840,0.05,9884,-0.16599999999999998,332,0.08147882670164108,0.001,24459
297,10.0,98880,0.05,9888,-0.19149999999999998,332,0.07530809938907623,0.001,24469
297,10.0,98920,0.05,9892,-0.09050000000000001,332,0.08427227288484573,0.001,24479
297,10.0,98960,0.05,9896,-0.12899999999999998,332,0.08272744715213776,0.001,24489
297,10.0,99000,0.05,9900,-0.14899999999999994,332,0.11291386187076569,0.001,24499
297,10.0,99040,0.05,9904,-0.08599999999999992,332,0.0902070552110672,0.001,24509
297,10.0,99080,0.05,9908,-0.05050000000000001,332,0.07373099774122238,0.001,24519
297,10.0,99120,0.05,9912,-0.060500000000000026,333,0.06061858683824539,0.001,24529
297,10.0,99160,0.05,9916,-0.10999999999999999,333,0.057384103536605835,0.001,24539
297,10.0,99200,0.05,9920,-0.23149999999999996,333,0.06592913717031479,0.001,24549
297,10.0,99240,0.05,9924,-0.076,333,0.060682669281959534,0.001,24559
297,10.0,99280,0.05,9928,-0.0655,333,0.08554445952177048,0.001,24569
297,10.0,99320,0.05,9932,-0.05900000000000004,333,0.0589527003467083,0.001,24579
297,10.0,99360,0.05,9936,-0.08150000000000004,333,0.09176036715507507,0.001,24589
297,10.0,99400,0.05,9940,-0.01900000000000001,334,0.07276616245508194,0.001,24599
297,10.0,99440,0.05,9944,-0.0725,334,0.10110041499137878,0.001,24609
297,10.0,99480,0.05,9948,0.030000000000000006,334,0.06299500167369843,0.001,24619
297,10.0,99520,0.05,9952,-0.05000000000000002,334,0.07928530126810074,0.001,24629
297,10.0,99560,0.05,9956,-0.13550000000000004,334,0.09551025927066803,0.001,24639
297,10.0,99600,0.05,9960,0.0034999999999999767,334,0.09159179031848907,0.001,24649
297,10.0,99640,0.05,9964,0.034,334,0.08327475935220718,0.001,24659
297,10.0,99680,0.05,9968,0.04250000000000002,334,0.07081887125968933,0.001,24669
297,10.0,99720,0.05,9972,0.08549999999999996,334,0.09115000814199448,0.001,24679
297,10.0,99760,0.05,9976,0.038499999999999965,335,0.05943572148680687,0.001,24689
297,10.0,99800,0.05,9980,0.018499999999999982,335,0.09027380496263504,0.001,24699
297,10.0,99840,0.05,9984,0.04949999999999998,335,0.06924376636743546,0.001,24709
297,10.0,99880,0.05,9988,0.09349999999999997,335,0.047846972942352295,0.001,24719
297,10.0,99920,0.05,9992,0.018999999999999958,335,0.0651816800236702,0.001,24729
297,10.0,99960,0.05,9996,0.03799999999999995,335,0.06597937643527985,0.001,24739
297,10.0,100000,0.05,10000,0.05199999999999998,335,0.06696564704179764,0.001,24749
297,10.0,100040,0.05,10004,0.021999999999999992,336,0.0656764805316925,0.001,24759
297,10.0,100080,0.05,10008,-0.025500000000000012,336,0.05929654836654663,0.001,24769
297,10.0,100120,0.05,10012,-0.011500000000000012,336,0.07440637797117233,0.001,24779
297,10.0,100160,0.05,10016,0.0825,336,0.06690984964370728,0.001,24789
297,10.0,100200,0.05,10020,0.14649999999999996,336,0.06603127717971802,0.001,24799
297,10.0,100240,0.05,10024,0.06799999999999998,336,0.09351839125156403,0.001,24809
297,10.0,100280,0.05,10028,0.005499999999999972,336,0.09438306838274002,0.001,24819
297,10.0,100320,0.05,10032,-0.15750000000000003,336,0.07313717156648636,0.001,24829
297,10.0,100360,0.05,10036,-0.14100000000000004,336,0.07221655547618866,0.001,24839
297,10.0,100400,0.05,10040,-0.21600000000000005,337,0.11098372936248779,0.001,24849
297,10.0,100440,0.05,10044,-0.25250000000000006,337,0.10418384522199631,0.001,24859
297,10.0,100480,0.05,10048,-0.21900000000000003,337,0.10212810337543488,0.001,24869
297,10.0,100520,0.05,10052,-0.11000000000000001,337,0.08412580192089081,0.001,24879
297,10.0,100560,0.05,10056,-0.04100000000000003,337,0.07269014418125153,0.001,24889
297,10.0,100600,0.05,10060,-0.09500000000000001,337,0.06171532720327377,0.001,24899
297,10.0,100640,0.05,10064,-0.1445,337,0.0785331204533577,0.001,24909
297,10.0,100680,0.05,10068,-0.08049999999999997,337,0.06950921565294266,0.001,24919
297,10.0,100720,0.05,10072,-0.1025,338,0.0666719302535057,0.001,24929
297,10.0,100760,0.05,10076,0.028999999999999904,338,0.08606703579425812,0.001,24939
297,10.0,100800,0.05,10080,0.016499999999999897,338,0.062397971749305725,0.001,24949
298,10.0,100840,0.05,10084,-0.030000000000000044,338,0.0620550774037838,0.001,24959
298,10.0,100880,0.05,10088,0.01849999999999997,338,0.07051869481801987,0.001,24969
298,10.0,100920,0.05,10092,0.04949999999999996,338,0.07853444665670395,0.001,24979
298,10.0,100960,0.05,10096,-0.05400000000000002,338,0.08227640390396118,0.001,24989
298,10.0,101000,0.05,10100,-0.14850000000000005,338,0.07414017617702484,0.001,24999
298,10.0,101040,0.05,10104,-0.15700000000000006,338,0.11960935592651367,0.001,25009
298,10.0,101080,0.05,10108,-0.1515,338,0.0997103676199913,0.001,25019
298,10.0,101120,0.05,10112,-0.18650000000000003,339,0.07641173154115677,0.001,25029
298,10.0,101160,0.05,10116,-0.2010000000000001,339,0.12123094499111176,0.001,25039
298,10.0,101200,0.05,10120,-0.21750000000000008,339,0.0987853929400444,0.001,25049
298,10.0,101240,0.05,10124,-0.15600000000000006,339,0.10391321033239365,0.001,25059
298,10.0,101280,0.05,10128,-0.083,339,0.09538234025239944,0.001,25069
298,10.0,101320,0.05,10132,0.05549999999999999,339,0.0722954049706459,0.001,25079
298,10.0,101360,0.05,10136,0.14150000000000001,339,0.09682749956846237,0.001,25089
298,10.0,101400,0.05,10140,0.12500000000000003,339,0.11424291878938675,0.001,25099
298,10.0,101440,0.05,10144,0.22899999999999995,339,0.059052497148513794,0.001,25109
298,10.0,101480,0.05,10148,0.18149999999999994,340,0.09154905378818512,0.001,25119
298,10.0,101520,0.05,10152,0.04199999999999997,340,0.08444657921791077,0.001,25129
298,10.0,101560,0.05,10156,-0.061000000000000006,340,0.10190270096063614,0.001,25139
298,10.0,101600,0.05,10160,-0.023499999999999986,340,0.08111033588647842,0.001,25149
298,10.0,101640,0.05,10164,-0.029500000000000016,340,0.08531273901462555,0.001,25159
298,10.0,101680,0.05,10168,-0.064,340,0.10335762798786163,0.001,25169
298,10.0,101720,0.05,10172,-0.11750000000000002,340,0.09508772194385529,0.001,25179
298,10.0,101760,0.05,10176,-0.22000000000000003,340,0.09501686692237854,0.001,25189
298,10.0,101800,0.05,10180,-0.1815,340,0.0856512263417244,0.001,25199
298,10.0,101840,0.05,10184,-0.11749999999999997,340,0.0858168676495552,0.001,25209
298,10.0,101880,0.05,10188,-0.23649999999999996,341,0.08515249192714691,0.001,25219
298,10.0,101920,0.05,10192,-0.16499999999999995,341,0.0679003968834877,0.001,25229
298,10.0,101960,0.05,10196,-0.037500000000000054,341,0.07143063098192215,0.001,25239
298,10.0,102000,0.05,10200,-0.0005000000000000071,341,0.07835081219673157,0.001,25249
298,10.0,102040,0.05,10204,-0.022500000000000034,341,0.06511227041482925,0.001,25259
298,10.0,102080,0.05,10208,-0.03150000000000003,341,0.09831471741199493,0.001,25269
298,10.0,102120,0.05,10212,0.010000000000000049,341,0.12135247886180878,0.001,25279
298,10.0,102160,0.05,10216,-0.04249999999999993,341,0.06444808840751648,0.001,25289
298,10.0,102200,0.05,10220,-0.055,342,0.10739820450544357,0.001,25299
298,10.0,102240,0.05,10224,-0.11499999999999998,342,0.08378136157989502,0.001,25309
298,10.0,102280,0.05,10228,-0.12499999999999996,342,0.06782618165016174,0.001,25319
298,10.0,102320,0.05,10232,-0.12150000000000005,342,0.06933992356061935,0.001,25329
298,10.0,102360,0.05,10236,-0.1405,342,0.06537885218858719,0.001,25339
298,10.0,102400,0.05,10240,-0.021999999999999985,342,0.08546275645494461,0.001,25349
298,10.0,102440,0.05,10244,-0.02199999999999997,343,0.06238608807325363,0.001,25359
298,10.0,102480,0.05,10248,-0.046499999999999986,343,0.07228726893663406,0.001,25369
298,10.0,102520,0.05,10252,0.03400000000000002,343,0.10718262195587158,0.001,25379
298,10.0,102560,0.05,10256,0.052500000000000026,343,0.08310772478580475,0.001,25389
298,10.0,102600,0.05,10260,0.011000000000000003,343,0.08386315405368805,0.001,25399
298,10.0,102640,0.05,10264,0.0585,343,0.10904967039823532,0.001,25409
298,10.0,102680,0.05,10268,0.049499999999999975,344,0.0782366693019867,0.001,25419
298,10.0,102720,0.05,10272,0.058999999999999976,344,0.08573123812675476,0.001,25429
298,10.0,102760,0.05,10276,0.09699999999999998,344,0.0725061222910881,0.001,25439
298,10.0,102800,0.05,10280,0.07499999999999998,344,0.0892135426402092,0.001,25449
298,10.0,102840,0.05,10284,0.05299999999999997,345,0.07411003112792969,0.001,25459
298,10.0,102880,0.05,10288,0.08649999999999995,345,0.07956734299659729,0.001,25469
298,10.0,102920,0.05,10292,-0.03750000000000002,345,0.09420424699783325,0.001,25479
298,10.0,102960,0.05,10296,-0.1195,345,0.09581033885478973,0.001,25489
298,10.0,103000,0.05,10300,-0.0805,345,0.09043813496828079,0.001,25499
298,10.0,103040,0.05,10304,-0.1325,345,0.056368906050920486,0.001,25509
298,10.0,103080,0.05,10308,-0.18400000000000008,345,0.08334805071353912,0.001,25519
298,10.0,103120,0.05,10312,-0.30300000000000005,345,0.07465778291225433,0.001,25529
298,10.0,103160,0.05,10316,-0.24650000000000016,346,0.08680325746536255,0.001,25539
298,10.0,103200,0.05,10320,-0.23550000000000013,346,0.10475887358188629,0.001,25549
298,10.0,103240,0.05,10324,-0.23,346,0.09052324295043945,0.001,25559
298,10.0,103280,0.05,10328,-0.348,346,0.07146374881267548,0.001,25569
298,10.0,103320,0.05,10332,-0.36900000000000005,346,0.0699913278222084,0.001,25579
298,10.0,103360,0.05,10336,-0.3200000000000001,346,0.07277274876832962,0.001,25589
298,10.0,103400,0.05,10340,-0.37400000000000005,346,0.1083827093243599,0.001,25599
298,10.0,103440,0.05,10344,-0.44500000000000006,346,0.08470712602138519,0.001,25609
298,10.0,103480,0.05,10348,-0.322,347,0.11055409908294678,0.001,25619
298,10.0,103520,0.05,10352,-0.35,347,0.05397506058216095,0.001,25629
298,10.0,103560,0.05,10356,-0.3390000000000001,347,0.09388113021850586,0.001,25639
298,10.0,103600,0.05,10360,-0.4100000000000001,347,0.06842914968729019,0.001,25649
298,10.0,103640,0.05,10364,-0.4285,347,0.07222073525190353,0.001,25659
298,10.0,103680,0.05,10368,-0.3600000000000001,347,0.0922362208366394,0.001,25669
298,10.0,103720,0.05,10372,-0.327,347,0.07903456687927246,0.001,25679
298,10.0,103760,0.05,10376,-0.4115,347,0.10794316977262497,0.001,25689
298,10.0,103800,0.05,10380,-0.4260000000000001,347,0.07680615782737732,0.001,25699
298,10.0,103840,0.05,10384,-0.4275,347,0.08595923334360123,0.001,25709
298,10.0,103880,0.05,10388,-0.42150000000000004,348,0.1082773506641388,0.001,25719
298,10.0,103920,0.05,10392,-0.37850000000000006,348,0.06966635584831238,0.001,25729
298,10.0,103960,0.05,10396,-0.23900000000000002,348,0.07871951907873154,0.001,25739
298,10.0,104000,0.05,10400,-0.27899999999999997,348,0.09975599497556686,0.001,25749
298,10.0,104040,0.05,10404,-0.16050000000000003,348,0.08742735534906387,0.001,25759
298,10.0,104080,0.05,10408,-0.12350000000000001,348,0.08575975149869919,0.001,25769
298,10.0,104120,0.05,10412,0.05799999999999998,348,0.10509221255779266,0.001,25779
298,10.0,104160,0.05,10416,0.039500000000000035,348,0.0774151086807251,0.001,25789
298,10.0,104200,0.05,10420,0.04100000000000005,349,0.0620853491127491,0.001,25799
298,10.0,104240,0.05,10424,0.062499999999999965,349,0.12592893838882446,0.001,25809
298,10.0,104280,0.05,10428,0.12899999999999992,349,0.07838384062051773,0.001,25819
298,10.0,104320,0.05,10432,0.2844999999999999,349,0.06324242800474167,0.001,25829
298,10.0,104360,0.05,10436,0.14549999999999996,349,0.09628722816705704,0.001,25839
298,10.0,104400,0.05,10440,0.12849999999999995,350,0.04889052361249924,0.001,25849
298,10.0,104440,0.05,10444,0.17549999999999993,350,0.10808910429477692,0.001,25859
298,10.0,104480,0.05,10448,0.09999999999999998,350,0.10323379933834076,0.001,25869
298,10.0,104520,0.05,10452,0.07249999999999997,350,0.09855324774980545,0.001,25879
298,10.0,104560,0.05,10456,0.11299999999999993,350,0.08109746873378754,0.001,25889
298,10.0,104600,0.05,10460,0.2249999999999999,350,0.06919468194246292,0.001,25899
298,10.0,104640,0.05,10464,0.24499999999999994,350,0.06260887533426285,0.001,25909
298,10.0,104680,0.05,10468,0.21099999999999994,350,0.09410960227251053,0.001,25919
298,10.0,104720,0.05,10472,0.2165,350,0.10043029487133026,0.001,25929
298,10.0,104760,0.05,10476,0.22399999999999998,351,0.10044172406196594,0.001,25939
298,10.0,104800,0.05,10480,0.24349999999999994,351,0.08131562918424606,0.001,25949
298,10.0,104840,0.05,10484,0.288,351,0.06013896316289902,0.001,25959
298,10.0,104880,0.05,10488,0.3555,351,0.08783809840679169,0.001,25969
298,10.0,104920,0.05,10492,0.28400000000000003,351,0.056617241352796555,0.001,25979
298,10.0,104960,0.05,10496,0.1595,351,0.07761865854263306,0.001,25989
298,10.0,105000,0.05,10500,0.12,351,0.056861210614442825,0.001,25999
298,10.0,105040,0.05,10504,0.09149999999999997,352,0.12715768814086914,0.001,26009
298,10.0,105080,0.05,10508,0.11750000000000002,352,0.06953015923500061,0.001,26019
298,10.0,105120,0.05,10512,-0.06799999999999999,352,0.0731365978717804,0.001,26029
298,10.0,105160,0.05,10516,-0.14300000000000002,352,0.10366940498352051,0.001,26039
298,10.0,105200,0.05,10520,-0.137,352,0.09945210814476013,0.001,26049
298,10.0,105240,0.05,10524,-0.1175,352,0.10204286873340607,0.001,26059
298,10.0,105280,0.05,10528,-0.03700000000000002,352,0.1083977222442627,0.001,26069
298,10.0,105320,0.05,10532,-0.21050000000000005,353,0.08014633506536484,0.001,26079
298,10.0,105360,0.05,10536,-0.09600000000000003,353,0.09987743198871613,0.001,26089
298,10.0,105400,0.05,10540,-0.171,353,0.08376883715391159,0.001,26099
298,10.0,105440,0.05,10544,-0.16300000000000003,353,0.08768977969884872,0.001,26109
298,10.0,105480,0.05,10548,-0.17050000000000004,353,0.09942325204610825,0.001,26119
298,10.0,105520,0.05,10552,-0.172,353,0.07086066901683807,0.001,26129
298,10.0,105560,0.05,10556,-0.16399999999999998,353,0.09439967572689056,0.001,26139
298,10.0,105600,0.05,10560,-0.19700000000000004,353,0.1098991259932518,0.001,26149
298,10.0,105640,0.05,10564,-0.14600000000000002,353,0.07206058502197266,0.001,26159
298,10.0,105680,0.05,10568,-0.22949999999999998,354,0.07383954524993896,0.001,26169
298,10.0,105720,0.05,10572,-0.255,354,0.06808511912822723,0.001,26179
298,10.0,105760,0.05,10576,-0.28550000000000003,354,0.10257050395011902,0.001,26189
298,10.0,105800,0.05,10580,-0.29550000000000004,354,0.07414345443248749,0.001,26199
297,10.0,105840,0.05,10584,-0.35400000000000015,355,0.08043557405471802,0.001,26209
297,10.0,105880,0.05,10588,-0.45,355,0.05214592069387436,0.001,26219
297,10.0,105920,0.05,10592,-0.45,355,0.08296962082386017,0.001,26229
297,10.0,105960,0.05,10596,-0.444,355,0.07994173467159271,0.001,26239
297,10.0,106000,0.05,10600,-0.25849999999999995,355,0.10246749222278595,0.001,26249
297,10.0,106040,0.05,10604,-0.306,355,0.08776048570871353,0.001,26259
297,10.0,106080,0.05,10608,-0.31700000000000006,356,0.07505122572183609,0.001,26269
297,10.0,106120,0.05,10612,-0.11900000000000002,356,0.0962178036570549,0.001,26279
297,10.0,106160,0.05,10616,-0.05399999999999999,356,0.10144568979740143,0.001,26289
297,10.0,106200,0.05,10620,-0.1145,356,0.1222609430551529,0.001,26299
297,10.0,106240,0.05,10624,-0.126,356,0.07077858597040176,0.001,26309
297,10.0,106280,0.05,10628,-0.18849999999999995,356,0.07244177907705307,0.001,26319
297,10.0,106320,0.05,10632,-0.14249999999999996,357,0.06955917924642563,0.001,26329
297,10.0,106360,0.05,10636,-0.191,357,0.06420008838176727,0.001,26339
297,10.0,106400,0.05,10640,-0.166,357,0.10600151121616364,0.001,26349
297,10.0,106440,0.05,10644,-0.13600000000000007,357,0.0796002596616745,0.001,26359
297,10.0,106480,0.05,10648,-0.15650000000000008,357,0.09254968911409378,0.001,26369
297,10.0,106520,0.05,10652,-0.21200000000000002,357,0.08355946093797684,0.001,26379
297,10.0,106560,0.05,10656,-0.2665,357,0.09524565935134888,0.001,26389
297,10.0,106600,0.05,10660,-0.18549999999999997,357,0.07815168797969818,0.001,26399
297,10.0,106640,0.05,10664,-0.24749999999999994,357,0.079889215528965,0.001,26409
297,10.0,106680,0.05,10668,-0.20749999999999996,358,0.08319736272096634,0.001,26419
297,10.0,106720,0.05,10672,-0.223,358,0.0934806689620018,0.001,26429
297,10.0,106760,0.05,10676,-0.20549999999999996,358,0.06205687299370766,0.001,26439
297,10.0,106800,0.05,10680,-0.24500000000000002,358,0.07770472764968872,0.001,26449
297,10.0,106840,0.05,10684,-0.2295000000000001,358,0.08093813061714172,0.001,26459
297,10.0,106880,0.05,10688,-0.16150000000000006,358,0.05202558636665344,0.001,26469
297,10.0,106920,0.05,10692,-0.06699999999999999,358,0.07833102345466614,0.001,26479
297,10.0,106960,0.05,10696,-0.027999999999999962,359,0.05424031987786293,0.001,26489
297,10.0,107000,0.05,10700,-0.1519999999999999,359,0.09603846073150635,0.001,26499
297,10.0,107040,0.05,10704,-0.03599999999999998,359,0.07206398993730545,0.001,26509
297,10.0,107080,0.05,10708,-0.040499999999999974,359,0.10257061570882797,0.001,26519
297,10.0,107120,0.05,10712,-0.14699999999999996,359,0.10685308277606964,0.001,26529
297,10.0,107160,0.05,10716,-0.10100000000000002,359,0.07775751501321793,0.001,26539
297,10.0,107200,0.05,10720,0.0014999999999999725,360,0.07617651671171188,0.001,26549
297,10.0,107240,0.05,10724,-0.0325,360,0.08408398926258087,0.001,26559
297,10.0,107280,0.05,10728,-0.06999999999999997,360,0.07697855681180954,0.001,26569
297,10.0,107320,0.05,10732,-0.11349999999999996,360,0.10535411536693573,0.001,26579
297,10.0,107360,0.05,10736,-0.05799999999999997,360,0.06326869875192642,0.001,26589
297,10.0,107400,0.05,10740,0.07200000000000002,361,0.06624138355255127,0.001,26599
297,10.0,107440,0.05,10744,0.05600000000000003,361,0.06443069130182266,0.001,26609
297,10.0,107480,0.05,10748,0.061499999999999985,361,0.08522295206785202,0.001,26619
297,10.0,107520,0.05,10752,0.19299999999999995,361,0.09525743871927261,0.001,26629
297,10.0,107560,0.05,10756,0.251,361,0.07440005987882614,0.001,26639
297,10.0,107600,0.05,10760,0.18899999999999997,362,0.11359873414039612,0.001,26649
297,10.0,107640,0.05,10764,0.16500000000000004,362,0.11777608096599579,0.001,26659
297,10.0,107680,0.05,10768,0.18150000000000002,362,0.06848427653312683,0.001,26669
297,10.0,107720,0.05,10772,0.31699999999999995,362,0.08372394740581512,0.001,26679
297,10.0,107760,0.05,10776,0.3545,362,0.07451421022415161,0.001,26689
297,10.0,107800,0.05,10780,0.47300000000000003,362,0.07062310725450516,0.001,26699
297,10.0,107840,0.05,10784,0.4525,363,0.057077452540397644,0.001,26709
297,10.0,107880,0.05,10788,0.46199999999999997,363,0.10024230927228928,0.001,26719
297,10.0,107920,0.05,10792,0.45300000000000007,363,0.11018969118595123,0.001,26729
297,10.0,107960,0.05,10796,0.5149999999999999,363,0.08422337472438812,0.001,26739
297,10.0,108000,0.05,10800,0.461,363,0.05892782658338547,0.001,26749
297,10.0,108040,0.05,10804,0.46599999999999997,363,0.10540810972452164,0.001,26759
297,10.0,108080,0.05,10808,0.55,363,0.07531438767910004,0.001,26769
297,10.0,108120,0.05,10812,0.5405,363,0.059832099825143814,0.001,26779
297,10.0,108160,0.05,10816,0.5779999999999998,363,0.11507493257522583,0.001,26789
297,10.0,108200,0.05,10820,0.544,363,0.109164297580719,0.001,26799
297,10.0,108240,0.05,10824,0.6675,364,0.07498563826084137,0.001,26809
297,10.0,108280,0.05,10828,0.6895000000000002,364,0.08518171310424805,0.001,26819
297,10.0,108320,0.05,10832,0.6974999999999999,364,0.1262294203042984,0.001,26829
297,10.0,108360,0.05,10836,0.6165,364,0.10044822841882706,0.001,26839
297,10.0,108400,0.05,10840,0.556,364,0.08497583866119385,0.001,26849
297,10.0,108440,0.05,10844,0.554,364,0.08002166450023651,0.001,26859
297,10.0,108480,0.05,10848,0.5265000000000001,364,0.0634511336684227,0.001,26869
297,10.0,108520,0.05,10852,0.5634999999999999,364,0.0751391351222992,0.001,26879
297,10.0,108560,0.05,10856,0.5794999999999999,364,0.0693817138671875,0.001,26889
297,10.0,108600,0.05,10860,0.649,364,0.053678687661886215,0.001,26899
297,10.0,108640,0.05,10864,0.6214999999999999,364,0.08405102789402008,0.001,26909
297,10.0,108680,0.05,10868,0.5945,365,0.06602349132299423,0.001,26919
297,10.0,108720,0.05,10872,0.583,365,0.08443012833595276,0.001,26929
297,10.0,108760,0.05,10876,0.5745,365,0.07613134384155273,0.001,26939
297,10.0,108800,0.05,10880,0.507,365,0.06873052567243576,0.001,26949
297,10.0,108840,0.05,10884,0.5485000000000001,365,0.10354112833738327,0.001,26959
297,10.0,108880,0.05,10888,0.616,365,0.09807202965021133,0.001,26969
297,10.0,108920,0.05,10892,0.5784999999999999,365,0.08004160225391388,0.001,26979
297,10.0,108960,0.05,10896,0.5720000000000001,365,0.07557041198015213,0.001,26989
297,10.0,109000,0.05,10900,0.6255,365,0.07643081992864609,0.001,26999
297,10.0,109040,0.05,10904,0.488,366,0.12969404458999634,0.001,27009
296,10.0,109080,0.05,10908,0.44299999999999995,367,0.07993178069591522,0.001,27019
295,10.0,109120,0.05,10912,0.52,368,0.09039483219385147,0.001,27029
295,10.0,109160,0.05,10916,0.41800000000000004,369,0.0825466513633728,0.001,27039
295,10.0,109200,0.05,10920,0.3925,369,0.06489938497543335,0.001,27049
295,10.0,109240,0.05,10924,0.2769999999999999,369,0.09383878111839294,0.001,27059
295,10.0,109280,0.05,10928,0.34299999999999997,369,0.051735520362854004,0.001,27069
295,10.0,109320,0.05,10932,0.4105,369,0.09560661017894745,0.001,27079
295,10.0,109360,0.05,10936,0.43800000000000006,369,0.07335023581981659,0.001,27089
295,10.0,109400,0.05,10940,0.4654999999999999,370,0.06819827854633331,0.001,27099
295,10.0,109440,0.05,10944,0.5245,370,0.07051404565572739,0.001,27109
295,10.0,109480,0.05,10948,0.618,370,0.08012658357620239,0.001,27119
295,10.0,109520,0.05,10952,0.565,370,0.10505756735801697,0.001,27129
295,10.0,109560,0.05,10956,0.569,370,0.05681946128606796,0.001,27139
295,10.0,109600,0.05,10960,0.5105,371,0.07241035252809525,0.001,27149
295,10.0,109640,0.05,10964,0.5594999999999998,371,0.11338330805301666,0.001,27159
295,10.0,109680,0.05,10968,0.5794999999999999,371,0.09530963748693466,0.001,27169
295,10.0,109720,0.05,10972,0.5149999999999999,371,0.09724866598844528,0.001,27179
295,10.0,109760,0.05,10976,0.43199999999999994,371,0.05512618273496628,0.001,27189
295,10.0,109800,0.05,10980,0.48,371,0.0679807960987091,0.001,27199
295,10.0,109840,0.05,10984,0.4625,371,0.12135204672813416,0.001,27209
295,10.0,109880,0.05,10988,0.42199999999999993,371,0.07067054510116577,0.001,27219
295,10.0,109920,0.05,10992,0.4934999999999999,371,0.10290160775184631,0.001,27229
295,10.0,109960,0.05,10996,0.5674999999999999,372,0.0826924741268158,0.001,27239
295,10.0,110000,0.05,11000,0.5265,372,0.08634205162525177,0.001,27249
295,10.0,110040,0.05,11004,0.5475000000000001,372,0.0657113716006279,0.001,27259
295,10.0,110080,0.05,11008,0.4909999999999999,372,0.0799209326505661,0.001,27269
295,10.0,110120,0.05,11012,0.478,372,0.07946591079235077,0.001,27279
295,10.0,110160,0.05,11016,0.5395,373,0.09816565364599228,0.001,27289
295,10.0,110200,0.05,11020,0.6164999999999999,373,0.08940188586711884,0.001,27299
295,10.0,110240,0.05,11024,0.6269999999999998,373,0.07078562676906586,0.001,27309
295,10.0,110280,0.05,11028,0.6164999999999998,373,0.07447241246700287,0.001,27319
295,10.0,110320,0.05,11032,0.6325000000000001,373,0.0584249384701252,0.001,27329
294,10.0,110360,0.05,11036,0.642,374,0.06015128642320633,0.001,27339
294,10.0,110400,0.05,11040,0.5035000000000001,374,0.09322343021631241,0.001,27349
294,10.0,110440,0.05,11044,0.28450000000000003,374,0.08354197442531586,0.001,27359
294,10.0,110480,0.05,11048,0.30399999999999994,375,0.10246175527572632,0.001,27369
294,10.0,110520,0.05,11052,0.2714999999999999,375,0.07238374650478363,0.001,27379
294,10.0,110560,0.05,11056,0.22949999999999995,375,0.06971025466918945,0.001,27389
294,10.0,110600,0.05,11060,0.22649999999999995,376,0.0775911808013916,0.001,27399
294,10.0,110640,0.05,11064,0.19150000000000003,376,0.06372713297605515,0.001,27409
294,10.0,110680,0.05,11068,0.2145,376,0.09211640059947968,0.001,27419
293,10.0,110720,0.05,11072,0.19749999999999995,376,0.08596912026405334,0.001,27429
293,10.0,110760,0.05,11076,0.3265,377,0.08947386592626572,0.001,27439
293,10.0,110800,0.05,11080,0.2885,377,0.09892237186431885,0.001,27449
293,10.0,110840,0.05,11084,0.32499999999999996,377,0.0802852138876915,0.001,27459
293,10.0,110880,0.05,11088,0.26399999999999996,377,0.07705924659967422,0.001,27469
293,10.0,110920,0.05,11092,0.2555,377,0.09819179773330688,0.001,27479
293,10.0,110960,0.05,11096,0.18499999999999997,377,0.08406038582324982,0.001,27489
293,10.0,111000,0.05,11100,0.18150000000000002,378,0.07643522322177887,0.001,27499
293,10.0,111040,0.05,11104,0.1814999999999999,378,0.10728732496500015,0.001,27509
293,10.0,111080,0.05,11108,0.2134999999999999,378,0.08023242652416229,0.001,27519
293,10.0,111120,0.05,11112,0.16949999999999998,378,0.07969497889280319,0.001,27529
293,10.0,111160,0.05,11116,0.08699999999999998,378,0.06480544805526733,0.001,27539
293,10.0,111200,0.05,11120,0.06949999999999998,378,0.0789208933711052,0.001,27549
293,10.0,111240,0.05,11124,0.14999999999999997,378,0.09233340620994568,0.001,27559
293,10.0,111280,0.05,11128,0.133,379,0.09200451523065567,0.001,27569
293,10.0,111320,0.05,11132,0.0975,379,0.07049468904733658,0.001,27579
293,10.0,111360,0.05,11136,0.11949999999999998,379,0.08154748380184174,0.001,27589
293,10.0,111400,0.05,11140,0.17049999999999998,379,0.06548631191253662,0.001,27599
293,10.0,111440,0.05,11144,0.3025,379,0.0833272933959961,0.001,27609
293,10.0,111480,0.05,11148,0.18849999999999997,379,0.08453886210918427,0.001,27619
293,10.0,111520,0.05,11152,0.14849999999999997,379,0.07998526096343994,0.001,27629
293,10.0,111560,0.05,11156,0.19549999999999998,379,0.07847601920366287,0.001,27639
293,10.0,111600,0.05,11160,0.15850000000000003,380,0.09626932442188263,0.001,27649
293,10.0,111640,0.05,11164,0.24599999999999997,380,0.09681615978479385,0.001,27659
292,10.0,111680,0.05,11168,0.15799999999999997,381,0.07211228460073471,0.001,27669
292,10.0,111720,0.05,11172,0.07200000000000001,381,0.09949718415737152,0.001,27679
292,10.0,111760,0.05,11176,0.087,382,0.08588045835494995,0.001,27689
291,10.0,111800,0.05,11180,0.09349999999999996,383,0.11322738975286484,0.001,27699
291,10.0,111840,0.05,11184,-0.03549999999999998,383,0.09162657707929611,0.001,27709
291,10.0,111880,0.05,11188,0.07400000000000002,383,0.07677750289440155,0.001,27719
291,10.0,111920,0.05,11192,0.14550000000000002,384,0.055490728467702866,0.001,27729
290,10.0,111960,0.05,11196,0.007500000000000022,384,0.09952247142791748,0.001,27739
290,10.0,112000,0.05,11200,-0.017499999999999977,385,0.10911330580711365,0.001,27749
290,10.0,112040,0.05,11204,-0.08349999999999998,385,0.07998090237379074,0.001,27759
290,10.0,112080,0.05,11208,-0.14699999999999996,385,0.0691404715180397,0.001,27769
290,10.0,112120,0.05,11212,-0.1895,385,0.0942503809928894,0.001,27779
290,10.0,112160,0.05,11216,-0.149,386,0.05399387702345848,0.001,27789
290,10.0,112200,0.05,11220,-0.2015,386,0.08059552311897278,0.001,27799
290,10.0,112240,0.05,11224,-0.28099999999999997,386,0.09864848852157593,0.001,27809
290,10.0,112280,0.05,11228,-0.309,386,0.07757439464330673,0.001,27819
290,10.0,112320,0.05,11232,-0.354,387,0.08248770982027054,0.001,27829
289,10.0,112360,0.05,11236,-0.4360000000000001,387,0.06991218775510788,0.001,27839
289,10.0,112400,0.05,11240,-0.33150000000000013,387,0.05103306099772453,0.001,27849
289,10.0,112440,0.05,11244,-0.24800000000000008,387,0.09983948618173599,0.001,27859
289,10.0,112480,0.05,11248,-0.21899999999999994,388,0.09081564843654633,0.001,27869
289,10.0,112520,0.05,11252,-0.19599999999999998,388,0.06986626237630844,0.001,27879
289,10.0,112560,0.05,11256,-0.19749999999999993,388,0.10163446515798569,0.001,27889
289,10.0,112600,0.05,11260,-0.18899999999999997,388,0.08389747887849808,0.001,27899
289,10.0,112640,0.05,11264,-0.18550000000000008,388,0.08809968829154968,0.001,27909
289,10.0,112680,0.05,11268,-0.07549999999999996,389,0.08849100768566132,0.001,27919
289,10.0,112720,0.05,11272,-0.039499999999999945,389,0.08025949448347092,0.001,27929
289,10.0,112760,0.05,11276,-0.17449999999999996,389,0.06408093869686127,0.001,27939
289,10.0,112800,0.05,11280,-0.191,390,0.09179480373859406,0.001,27949
288,10.0,112840,0.05,11284,-0.11299999999999998,390,0.0791284590959549,0.001,27959
288,10.0,112880,0.05,11288,-0.26349999999999996,390,0.08006210625171661,0.001,27969
288,10.0,112920,0.05,11292,-0.3634999999999999,391,0.09357107430696487,0.001,27979
288,10.0,112960,0.05,11296,-0.294,391,0.07473914325237274,0.001,27989
288,10.0,113000,0.05,11300,-0.21900000000000003,391,0.07009445130825043,0.001,27999
288,10.0,113040,0.05,11304,-0.1515,392,0.06814905256032944,0.001,28009
288,10.0,113080,0.05,11308,-0.046499999999999986,392,0.14789804816246033,0.001,28019
287,10.0,113120,0.05,11312,-0.06849999999999999,392,0.08306112885475159,0.001,28029
287,10.0,113160,0.05,11316,-0.06150000000000001,393,0.08476898074150085,0.001,28039
287,10.0,113200,0.05,11320,-0.062000000000000034,393,0.08601021766662598,0.001,28049
287,10.0,113240,0.05,11324,-0.02550000000000005,393,0.08098603785037994,0.001,28059
287,10.0,113280,0.05,11328,-0.03700000000000003,393,0.06391999870538712,0.001,28069
287,10.0,113320,0.05,11332,0.05050000000000001,393,0.12064368277788162,0.001,28079
287,10.0,113360,0.05,11336,0.20200000000000004,393,0.06112298369407654,0.001,28089
287,10.0,113400,0.05,11340,0.13099999999999995,394,0.07659342885017395,0.001,28099
287,10.0,113440,0.05,11344,0.096,394,0.06528618931770325,0.001,28109
287,10.0,113480,0.05,11348,0.14550000000000002,394,0.06268401443958282,0.001,28119
287,10.0,113520,0.05,11352,0.16149999999999995,394,0.07460253685712814,0.001,28129
287,10.0,113560,0.05,11356,0.1439999999999999,394,0.07149633020162582,0.001,28139
287,10.0,113600,0.05,11360,0.1634999999999999,394,0.05881898105144501,0.001,28149
287,10.0,113640,0.05,11364,0.15799999999999992,395,0.08803002536296844,0.001,28159
287,10.0,113680,0.05,11368,0.06499999999999996,395,0.07426900416612625,0.001,28169
287,10.0,113720,0.05,11372,0.10399999999999998,395,0.0592833086848259,0.001,28179
287,10.0,113760,0.05,11376,0.24749999999999994,395,0.07384084165096283,0.001,28189
287,10.0,113800,0.05,11380,0.2404999999999999,395,0.0812402293086052,0.001,28199
287,10.0,113840,0.05,11384,0.26999999999999996,395,0.08876127004623413,0.001,28209
287,10.0,113880,0.05,11388,0.38600000000000007,396,0.10695763677358627,0.001,28219
287,10.0,113920,0.05,11392,0.41850000000000015,396,0.07292968034744263,0.001,28229
287,10.0,113960,0.05,11396,0.3625,396,0.08189991116523743,0.001,28239
287,10.0,114000,0.05,11400,0.3499999999999999,396,0.0681726485490799,0.001,28249
287,10.0,114040,0.05,11404,0.4155,396,0.05739663168787956,0.001,28259
287,10.0,114080,0.05,11408,0.338,396,0.10726939886808395,0.001,28269
287,10.0,114120,0.05,11412,0.33899999999999997,396,0.07562164217233658,0.001,28279
287,10.0,114160,0.05,11416,0.4470000000000001,397,0.11172165721654892,0.001,28289
287,10.0,114200,0.05,11420,0.3715000000000001,397,0.07173137366771698,0.001,28299
287,10.0,114240,0.05,11424,0.33849999999999997,397,0.09162729978561401,0.001,28309
287,10.0,114280,0.05,11428,0.33399999999999996,397,0.09748837351799011,0.001,28319
287,10.0,114320,0.05,11432,0.25600000000000006,397,0.076466403901577,0.001,28329
287,10.0,114360,0.05,11436,0.153,398,0.05457363650202751,0.001,28339
287,10.0,114400,0.05,11440,0.19349999999999998,398,0.06777943670749664,0.001,28349
287,10.0,114440,0.05,11444,0.15249999999999997,398,0.06837809085845947,0.001,28359
287,10.0,114480,0.05,11448,0.1025,398,0.16490083932876587,0.001,28369
287,10.0,114520,0.05,11452,0.1025,398,0.09947559237480164,0.001,28379
287,10.0,114560,0.05,11456,0.07299999999999997,399,0.13191810250282288,0.001,28389
287,10.0,114600,0.05,11460,0.08900000000000001,399,0.08632561564445496,0.001,28399
287,10.0,114640,0.05,11464,-0.03300000000000001,399,0.07971683144569397,0.001,28409
287,10.0,114680,0.05,11468,-0.13549999999999998,399,0.06375019252300262,0.001,28419
287,10.0,114720,0.05,11472,-0.13949999999999999,399,0.06358401477336884,0.001,28429
287,10.0,114760,0.05,11476,-0.26899999999999996,399,0.05951104313135147,0.001,28439
287,10.0,114800,0.05,11480,-0.20200000000000007,399,0.09719319641590118,0.001,28449
287,10.0,114840,0.05,11484,-0.21400000000000002,399,0.058816079050302505,0.001,28459
287,10.0,114880,0.05,11488,-0.233,400,0.08756281435489655,0.001,28469
287,10.0,114920,0.05,11492,-0.2795,400,0.07341168820858002,0.001,28479
287,10.0,114960,0.05,11496,-0.16850000000000004,400,0.07100113481283188,0.001,28489
287,10.0,115000,0.05,11500,-0.12500000000000008,400,0.08439164608716965,0.001,28499
287,10.0,115040,0.05,11504,-0.04699999999999999,400,0.08235369622707367,0.001,28509
287,10.0,115080,0.05,11508,0.03699999999999998,400,0.09656912833452225,0.001,28519
287,10.0,115120,0.05,11512,0.128,400,0.06794919073581696,0.001,28529
287,10.0,115160,0.05,11516,-0.008999999999999977,401,0.09569733589887619,0.001,28539
287,10.0,115200,0.05,11520,0.1415,401,0.06574208289384842,0.001,28549
287,10.0,115240,0.05,11524,0.16599999999999995,401,0.08862822502851486,0.001,28559
287,10.0,115280,0.05,11528,0.14299999999999996,401,0.08502752333879471,0.001,28569
287,10.0,115320,0.05,11532,0.1515,401,0.0803198367357254,0.001,28579
287,10.0,115360,0.05,11536,0.12099999999999995,401,0.08712326735258102,0.001,28589
287,10.0,115400,0.05,11540,0.115,401,0.08365970849990845,0.001,28599
287,10.0,115440,0.05,11544,0.11250000000000002,401,0.08318830281496048,0.001,28609
287,10.0,115480,0.05,11548,0.13400000000000004,402,0.11000003665685654,0.001,28619
287,10.0,115520,0.05,11552,0.205,402,0.0704125165939331,0.001,28629
287,10.0,115560,0.05,11556,0.15649999999999997,402,0.09427402913570404,0.001,28639
287,10.0,115600,0.05,11560,0.24049999999999996,402,0.07644215226173401,0.001,28649
287,10.0,115640,0.05,11564,0.35849999999999993,402,0.07881932705640793,0.001,28659
287,10.0,115680,0.05,11568,0.4745,402,0.06656770408153534,0.001,28669
287,10.0,115720,0.05,11572,0.5059999999999999,403,0.09825977683067322,0.001,28679
287,10.0,115760,0.05,11576,0.573,403,0.06858812272548676,0.001,28689
287,10.0,115800,0.05,11580,0.5730000000000001,403,0.11017796397209167,0.001,28699
287,10.0,115840,0.05,11584,0.555,403,0.08189330995082855,0.001,28709
287,10.0,115880,0.05,11588,0.541,403,0.09050481021404266,0.001,28719
287,10.0,115920,0.05,11592,0.55,403,0.09462103247642517,0.001,28729
286,10.0,115960,0.05,11596,0.529,404,0.06716838479042053,0.001,28739
286,10.0,116000,0.05,11600,0.42050000000000004,404,0.06516993790864944,0.001,28749
286,10.0,116040,0.05,11604,0.2605,404,0.08088110387325287,0.001,28759
286,10.0,116080,0.05,11608,0.239,404,0.07471295446157455,0.001,28769
286,10.0,116120,0.05,11612,0.22449999999999995,404,0.09580512344837189,0.001,28779
286,10.0,116160,0.05,11616,0.22599999999999995,404,0.08460782468318939,0.001,28789
286,10.0,116200,0.05,11620,0.0425,405,0.07690327614545822,0.001,28799
286,10.0,116240,0.05,11624,-0.043500000000000004,405,0.10503048449754715,0.001,28809
286,10.0,116280,0.05,11628,-0.1625,405,0.09063774347305298,0.001,28819
286,10.0,116320,0.05,11632,-0.1665,406,0.07893142849206924,0.001,28829
286,10.0,116360,0.05,11636,-0.14900000000000008,406,0.07317075878381729,0.001,28839
286,10.0,116400,0.05,11640,-0.1965,406,0.0912395715713501,0.001,28849
286,10.0,116440,0.05,11644,-0.18349999999999997,406,0.06453614681959152,0.001,28859
286,10.0,116480,0.05,11648,-0.23800000000000004,407,0.09421461820602417,0.001,28869
286,10.0,116520,0.05,11652,-0.37799999999999995,407,0.07748108357191086,0.001,28879
285,10.0,116560,0.05,11656,-0.27599999999999997,407,0.06528256088495255,0.001,28889
285,10.0,116600,0.05,11660,-0.337,407,0.11179786175489426,0.001,28899
285,10.0,116640,0.05,11664,-0.348,408,0.1210644319653511,0.001,28909
285,10.0,116680,0.05,11668,-0.3405,408,0.09619870036840439,0.001,28919
285,10.0,116720,0.05,11672,-0.25049999999999994,408,0.055620986968278885,0.001,28929
285,10.0,116760,0.05,11676,-0.23500000000000004,408,0.09563591331243515,0.001,28939
285,10.0,116800,0.05,11680,-0.25350000000000006,409,0.08122366666793823,0.001,28949
285,10.0,116840,0.05,11684,-0.22500000000000003,409,0.06749166548252106,0.001,28959
285,10.0,116880,0.05,11688,-0.25350000000000006,409,0.1109134703874588,0.001,28969
285,10.0,116920,0.05,11692,-0.24350000000000005,409,0.08268336951732635,0.001,28979
285,10.0,116960,0.05,11696,-0.236,409,0.1086457371711731,0.001,28989
285,10.0,117000,0.05,11700,-0.13350000000000004,409,0.08920177817344666,0.001,28999
285,10.0,117040,0.05,11704,-0.11149999999999999,410,0.05399908125400543,0.001,29009
285,10.0,117080,0.05,11708,-0.07149999999999998,410,0.07114077359437943,0.001,29019
285,10.0,117120,0.05,11712,-0.09100000000000003,410,0.058782897889614105,0.001,29029
285,10.0,117160,0.05,11716,0.0019999999999999684,410,0.07758120447397232,0.001,29039
285,10.0,117200,0.05,11720,0.16450000000000006,410,0.09217806160449982,0.001,29049
285,10.0,117240,0.05,11724,0.293,410,0.08089495450258255,0.001,29059
285,10.0,117280,0.05,11728,0.402,410,0.051440827548503876,0.001,29069
285,10.0,117320,0.05,11732,0.442,410,0.08983012288808823,0.001,29079
285,10.0,117360,0.05,11736,0.3989999999999999,410,0.0885448083281517,0.001,29089
285,10.0,117400,0.05,11740,0.46949999999999986,410,0.11477683484554291,0.001,29099
285,10.0,117440,0.05,11744,0.4235,411,0.10198993980884552,0.001,29109
285,10.0,117480,0.05,11748,0.5325,411,0.07858055084943771,0.001,29119
285,10.0,117520,0.05,11752,0.5915,411,0.08374585211277008,0.001,29129
285,10.0,117560,0.05,11756,0.5525000000000001,411,0.0694526806473732,0.001,29139
285,10.0,117600,0.05,11760,0.523,411,0.0840090811252594,0.001,29149
285,10.0,117640,0.05,11764,0.5609999999999998,411,0.07789819687604904,0.001,29159
285,10.0,117680,0.05,11768,0.568,411,0.06856675446033478,0.001,29169
285,10.0,117720,0.05,11772,0.4870000000000001,412,0.06451022624969482,0.001,29179
285,10.0,117760,0.05,11776,0.4995000000000001,412,0.08428431302309036,0.001,29189
285,10.0,117800,0.05,11780,0.45250000000000007,412,0.09526269137859344,0.001,29199
285,10.0,117840,0.05,11784,0.41,412,0.07635922729969025,0.001,29209
285,10.0,117880,0.05,11788,0.431,412,0.06739342212677002,0.001,29219
285,10.0,117920,0.05,11792,0.5120000000000001,412,0.08941557258367538,0.001,29229
285,10.0,117960,0.05,11796,0.502,412,0.0945751816034317,0.001,29239
285,10.0,118000,0.05,11800,0.4795000000000001,412,0.09337320178747177,0.001,29249
285,10.0,118040,0.05,11804,0.5445,413,0.10042446851730347,0.001,29259
285,10.0,118080,0.05,11808,0.47,413,0.09584371000528336,0.001,29269
285,10.0,118120,0.05,11812,0.4470000000000001,413,0.07020217925310135,0.001,29279
285,10.0,118160,0.05,11816,0.4065,413,0.07906003296375275,0.001,29289
285,10.0,118200,0.05,11820,0.425,413,0.09997933357954025,0.001,29299
285,10.0,118240,0.05,11824,0.41850000000000004,413,0.07771195471286774,0.001,29309
285,10.0,118280,0.05,11828,0.45150000000000007,413,0.08070386201143265,0.001,29319
285,10.0,118320,0.05,11832,0.409,413,0.11581607162952423,0.001,29329
285,10.0,118360,0.05,11836,0.4235,414,0.07998700439929962,0.001,29339
285,10.0,118400,0.05,11840,0.3475,414,0.09006419777870178,0.001,29349
285,10.0,118440,0.05,11844,0.45,414,0.10502741485834122,0.001,29359
285,10.0,118480,0.05,11848,0.429,414,0.09090369939804077,0.001,29369
285,10.0,118520,0.05,11852,0.393,414,0.09236975014209747,0.001,29379
285,10.0,118560,0.05,11856,0.5219999999999999,414,0.05063806474208832,0.001,29389
285,10.0,118600,0.05,11860,0.5425,414,0.07140973210334778,0.001,29399
285,10.0,118640,0.05,11864,0.48949999999999994,415,0.06226497143507004,0.001,29409
285,10.0,118680,0.05,11868,0.436,415,0.04442533105611801,0.001,29419
285,10.0,118720,0.05,11872,0.5185000000000001,415,0.08274432271718979,0.001,29429
285,10.0,118760,0.05,11876,0.4539999999999999,415,0.08121274411678314,0.001,29439
285,10.0,118800,0.05,11880,0.523,415,0.08305226266384125,0.001,29449
285,10.0,118840,0.05,11884,0.685,415,0.08761977404356003,0.001,29459
285,10.0,118880,0.05,11888,0.6279999999999998,416,0.0629318431019783,0.001,29469
285,10.0,118920,0.05,11892,0.4905,416,0.058427970856428146,0.001,29479
285,10.0,118960,0.05,11896,0.4225000000000001,416,0.08668902516365051,0.001,29489
285,10.0,119000,0.05,11900,0.4060000000000001,416,0.07149343937635422,0.001,29499
285,10.0,119040,0.05,11904,0.3145,416,0.08520340174436569,0.001,29509
285,10.0,119080,0.05,11908,0.324,417,0.08911798894405365,0.001,29519
285,10.0,119120,0.05,11912,0.296,417,0.08395400643348694,0.001,29529
285,10.0,119160,0.05,11916,0.23049999999999998,417,0.129391610622406,0.001,29539
285,10.0,119200,0.05,11920,0.21999999999999992,417,0.08103659003973007,0.001,29549
285,10.0,119240,0.05,11924,0.25749999999999995,417,0.11255638301372528,0.001,29559
285,10.0,119280,0.05,11928,0.23699999999999996,418,0.10507789999246597,0.001,29569
284,10.0,119320,0.05,11932,0.24849999999999997,418,0.07961766421794891,0.001,29579
284,10.0,119360,0.05,11936,0.2779999999999999,418,0.12007345259189606,0.001,29589
284,10.0,119400,0.05,11940,0.368,419,0.10379669815301895,0.001,29599
284,10.0,119440,0.05,11944,0.26449999999999996,419,0.08147329837083817,0.001,29609
284,10.0,119480,0.05,11948,0.19149999999999995,419,0.09402710944414139,0.001,29619
284,10.0,119520,0.05,11952,0.21099999999999994,419,0.09534795582294464,0.001,29629
284,10.0,119560,0.05,11956,0.12500000000000003,419,0.10698254406452179,0.001,29639
284,10.0,119600,0.05,11960,0.14,420,0.10666358470916748,0.001,29649
284,10.0,119640,0.05,11964,0.10099999999999999,420,0.05511636659502983,0.001,29659
284,10.0,119680,0.05,11968,0.10450000000000002,420,0.07591092586517334,0.001,29669
284,10.0,119720,0.05,11972,-0.008999999999999958,420,0.06918507814407349,0.001,29679
284,10.0,119760,0.05,11976,0.07700000000000001,421,0.0968233048915863,0.001,29689
284,10.0,119800,0.05,11980,-0.07649999999999993,421,0.08845312148332596,0.001,29699
284,10.0,119840,0.05,11984,-0.2945,421,0.05404264107346535,0.001,29709
284,10.0,119880,0.05,11988,-0.23449999999999996,422,0.13803312182426453,0.001,29719
283,10.0,119920,0.05,11992,-0.20499999999999993,422,0.06741059571504593,0.001,29729
283,10.0,119960,0.05,11996,-0.12850000000000003,422,0.10348545759916306,0.001,29739
283,10.0,120000,0.05,12000,-0.07500000000000001,422,0.09597472101449966,0.001,29749
