time/fps,rollout/ep_len_mean,time/total_timesteps,rollout/exploration_rate,time/episodes,rollout/ep_rew_mean,time/time_elapsed,train/loss,train/learning_rate,train/n_updates
3085,10.0,40,0.9989444444444445,4,-0.85,0,,,
3470,10.0,80,0.9978888888888888,8,-1.13125,0,,,
5205,10.0,120,0.9968333333333333,12,-0.9333333333333335,0,,,
3404,10.0,160,0.9957777777777779,16,-0.859375,0,,,
3630,10.0,200,0.9947222222222221,20,-0.595,0,,,
3633,10.0,240,0.9936666666666667,24,-0.6833333333333332,0,,,
3578,10.0,280,0.9926111111111112,28,-0.6232142857142857,0,,,
3586,10.0,320,0.9915555555555554,32,-0.653125,0,,,
3587,10.0,360,0.9904999999999999,36,-0.7263888888888889,0,,,
3592,10.0,400,0.9894444444444446,40,-0.62625,0,,,
3594,10.0,440,0.9883888888888888,44,-0.6534090909090908,0,,,
3706,10.0,480,0.9873333333333333,48,-0.6270833333333333,0,,,
3782,10.0,520,0.9862777777777779,52,-0.564423076923077,0,,,
3903,10.0,560,0.9852222222222221,56,-0.5714285714285714,0,,,
3982,10.0,600,0.9841666666666666,60,-0.5449999999999999,0,,,
4060,10.0,640,0.9831111111111113,64,-0.53984375,0,,,
4106,10.0,680,0.9820555555555555,68,-0.5426470588235294,0,,,
3938,10.0,720,0.981,72,-0.4819444444444445,0,,,
3922,10.0,760,0.9799444444444445,76,-0.4894736842105263,0,,,
3882,10.0,800,0.9788888888888887,80,-0.438125,0,,,
3816,10.0,840,0.9778333333333333,84,-0.4,0,,,
3806,10.0,880,0.9767777777777779,88,-0.43125,0,,,
3768,10.0,920,0.975722222222222,92,-0.4559782608695652,0,,,
3739,10.0,960,0.9746666666666667,96,-0.4875,0,,,
3721,10.0,1000,0.9736111111111112,100,-0.4664999999999999,0,,,
3080,10.0,1040,0.9725555555555554,104,-0.41100000000000003,0,0.058137647807598114,0.001,9
2620,10.0,1080,0.9715,108,-0.3815,0,0.04657473787665367,0.001,19
2305,10.0,1120,0.9704444444444446,112,-0.35700000000000004,0,0.027355363592505455,0.001,29
2088,10.0,1160,0.9693888888888887,116,-0.3554999999999999,0,0.03593984246253967,0.001,39
1910,10.0,1200,0.9683333333333333,120,-0.3539999999999999,0,0.03699371591210365,0.001,49
1764,10.0,1240,0.9672777777777779,124,-0.33899999999999997,0,0.03851749002933502,0.001,59
1657,10.0,1280,0.9662222222222221,128,-0.33649999999999997,0,0.019326169043779373,0.001,69
1563,10.0,1320,0.9651666666666666,132,-0.32299999999999995,0,0.028716299682855606,0.001,79
1441,10.0,1360,0.9641111111111111,136,-0.2935,0,0.0330481082201004,0.001,89
1381,10.0,1400,0.9630555555555554,140,-0.30950000000000005,1,0.03181525692343712,0.001,99
1337,10.0,1440,0.962,144,-0.332,1,0.028546981513500214,0.001,109
1305,10.0,1480,0.9609444444444445,148,-0.3495,1,0.023381901904940605,0.001,119
1264,10.0,1520,0.9598888888888888,152,-0.3509999999999999,1,0.08936405926942825,0.001,129
1223,10.0,1560,0.9588333333333333,156,-0.3265,1,0.038088612258434296,0.001,139
1149,10.0,1600,0.9577777777777778,160,-0.3085,1,0.029753590002655983,0.001,149
1096,10.0,1640,0.956722222222222,164,-0.27899999999999997,1,0.0198502279818058,0.001,159
1068,10.0,1680,0.9556666666666667,168,-0.25849999999999995,1,0.02626640722155571,0.001,169
1040,10.0,1720,0.9546111111111112,172,-0.30849999999999994,1,0.03674314171075821,0.001,179
977,10.0,1760,0.9535555555555554,176,-0.29599999999999993,1,0.04234139248728752,0.001,189
951,10.0,1800,0.9524999999999999,180,-0.36349999999999993,1,0.023429393768310547,0.001,199
903,10.0,1840,0.9514444444444445,184,-0.38049999999999995,2,0.025085197761654854,0.001,209
810,10.0,1880,0.9503888888888887,188,-0.33949999999999997,2,0.0158923901617527,0.001,219
788,10.0,1920,0.9493333333333333,192,-0.2945,2,0.022428525611758232,0.001,229
770,10.0,1960,0.9482777777777779,196,-0.21049999999999996,2,0.023434065282344818,0.001,239
762,10.0,2000,0.9472222222222221,200,-0.20600000000000002,2,0.031831372529268265,0.001,249
753,10.0,2040,0.9461666666666666,204,-0.21849999999999997,2,0.07692132145166397,0.001,259
750,10.0,2080,0.9451111111111111,208,-0.17599999999999993,2,0.048157770186662674,0.001,269
746,10.0,2120,0.9440555555555554,212,-0.21349999999999997,2,0.028471753001213074,0.001,279
738,10.0,2160,0.943,216,-0.18149999999999994,2,0.03044521063566208,0.001,289
732,10.0,2200,0.9419444444444445,220,-0.19299999999999998,3,0.022223014384508133,0.001,299
716,10.0,2240,0.9408888888888888,224,-0.1805,3,0.030852090567350388,0.001,309
698,10.0,2280,0.9398333333333333,228,-0.19,3,0.023809023201465607,0.001,319
684,10.0,2320,0.9387777777777778,232,-0.20099999999999996,3,0.02121087722480297,0.001,329
665,10.0,2360,0.937722222222222,236,-0.177,3,0.013282792642712593,0.001,339
648,10.0,2400,0.9366666666666666,240,-0.156,3,0.02271776646375656,0.001,349
637,10.0,2440,0.9356111111111112,244,-0.10149999999999998,3,0.024413738399744034,0.001,359
605,10.0,2480,0.9345555555555557,248,-0.053000000000000026,4,0.008580722846090794,0.001,369
568,10.0,2520,0.9335,252,-0.034499999999999996,4,0.03178480267524719,0.001,379
546,10.0,2560,0.9324444444444445,256,-0.0845,4,0.08184199780225754,0.001,389
518,10.0,2600,0.9313888888888887,260,-0.07550000000000001,5,0.06886466592550278,0.001,399
499,10.0,2640,0.9303333333333332,264,-0.146,5,0.04720468074083328,0.001,409
492,10.0,2680,0.9292777777777779,268,-0.1795,5,0.02744823507964611,0.001,419
475,10.0,2720,0.9282222222222224,272,-0.145,5,0.02269158326089382,0.001,429
441,10.0,2760,0.9271666666666666,276,-0.16250000000000003,6,0.024214062839746475,0.001,439
425,10.0,2800,0.9261111111111111,280,-0.127,6,0.05332441255450249,0.001,449
413,10.0,2840,0.9250555555555557,284,-0.128,6,0.03029743582010269,0.001,459
406,10.0,2880,0.9239999999999999,288,-0.13699999999999998,7,0.029882270842790604,0.001,469
406,10.0,2920,0.9229444444444445,292,-0.114,7,0.027860481292009354,0.001,479
405,10.0,2960,0.9218888888888891,296,-0.18749999999999997,7,0.0384436771273613,0.001,489
405,10.0,3000,0.9208333333333333,300,-0.21899999999999994,7,0.015235873870551586,0.001,499
404,10.0,3040,0.9197777777777778,304,-0.2754999999999999,7,0.07270491868257523,0.001,509
403,10.0,3080,0.9187222222222224,308,-0.304,7,0.02957874722778797,0.001,519
403,10.0,3120,0.9176666666666666,312,-0.304,7,0.05532512068748474,0.001,529
403,10.0,3160,0.9166111111111112,316,-0.34049999999999997,7,0.020716480910778046,0.001,539
402,10.0,3200,0.9155555555555557,320,-0.36999999999999994,7,0.02305486798286438,0.001,549
402,10.0,3240,0.9144999999999999,324,-0.33049999999999996,8,0.046932391822338104,0.001,559
402,10.0,3280,0.9134444444444445,328,-0.3509999999999999,8,0.021712269634008408,0.001,569
403,10.0,3320,0.912388888888889,332,-0.35900000000000004,8,0.027348188683390617,0.001,579
403,10.0,3360,0.9113333333333332,336,-0.2975,8,0.0332864373922348,0.001,589
403,10.0,3400,0.9102777777777779,340,-0.29300000000000004,8,0.03738284483551979,0.001,599
404,10.0,3440,0.9092222222222224,344,-0.335,8,0.03620903193950653,0.001,609
404,10.0,3480,0.9081666666666666,348,-0.33800000000000013,8,0.019967462867498398,0.001,619
405,10.0,3520,0.9071111111111112,352,-0.387,8,0.06255526095628738,0.001,629
405,10.0,3560,0.9060555555555557,356,-0.37400000000000005,8,0.06419313699007034,0.001,639
405,10.0,3600,0.9049999999999999,360,-0.41150000000000014,8,0.037700992077589035,0.001,649
405,10.0,3640,0.9039444444444444,364,-0.39099999999999996,8,0.02876305766403675,0.001,659
406,10.0,3680,0.9028888888888891,368,-0.395,9,0.042120080441236496,0.001,669
407,10.0,3720,0.9018333333333333,372,-0.3685,9,0.05244122073054314,0.001,679
407,10.0,3760,0.9007777777777778,376,-0.37399999999999983,9,0.025738008320331573,0.001,689
408,10.0,3800,0.8997222222222223,380,-0.32249999999999995,9,0.033405981957912445,0.001,699
408,10.0,3840,0.8986666666666666,384,-0.3424999999999999,9,0.04906684160232544,0.001,709
409,10.0,3880,0.8976111111111111,388,-0.37549999999999994,9,0.04304002225399017,0.001,719
409,10.0,3920,0.8965555555555557,392,-0.4325,9,0.022752054035663605,0.001,729
410,10.0,3960,0.8955,396,-0.3660000000000001,9,0.04479518160223961,0.001,739
410,10.0,4000,0.8944444444444445,400,-0.3964999999999999,9,0.03125017508864403,0.001,749
411,10.0,4040,0.893388888888889,404,-0.3895000000000001,9,0.07954569160938263,0.001,759
411,10.0,4080,0.8923333333333332,408,-0.31499999999999995,9,0.10651697218418121,0.001,769
410,10.0,4120,0.8912777777777778,412,-0.301,10,0.04067132622003555,0.001,779
410,10.0,4160,0.8902222222222224,416,-0.3095,10,0.04897397384047508,0.001,789
410,10.0,4200,0.8891666666666665,420,-0.32049999999999995,10,0.058216024190187454,0.001,799
411,10.0,4240,0.8881111111111111,424,-0.3455,10,0.03010072559118271,0.001,809
411,10.0,4280,0.8870555555555557,428,-0.326,10,0.04562854766845703,0.001,819
412,10.0,4320,0.8859999999999999,432,-0.30850000000000005,10,0.05013264715671539,0.001,829
414,10.0,4360,0.8849444444444444,436,-0.3795,10,0.061912860721349716,0.001,839
414,10.0,4400,0.8838888888888891,440,-0.43949999999999995,10,0.0470106303691864,0.001,849
415,10.0,4440,0.8828333333333332,444,-0.352,10,0.0314137227833271,0.001,859
416,10.0,4480,0.8817777777777778,448,-0.3425,10,0.03143749758601189,0.001,869
416,10.0,4520,0.8807222222222224,452,-0.3145,10,0.08967358618974686,0.001,879
417,10.0,4560,0.8796666666666666,456,-0.27799999999999997,10,0.06859326362609863,0.001,889
417,10.0,4600,0.8786111111111111,460,-0.2535,11,0.09286297112703323,0.001,899
418,10.0,4640,0.8775555555555556,464,-0.24600000000000002,11,0.039943207055330276,0.001,909
417,10.0,4680,0.8764999999999998,468,-0.17250000000000007,11,0.05005497857928276,0.001,919
418,10.0,4720,0.8754444444444445,472,-0.14700000000000002,11,0.049604009836912155,0.001,929
418,10.0,4760,0.874388888888889,476,-0.151,11,0.04150145500898361,0.001,939
418,10.0,4800,0.8733333333333332,480,-0.222,11,0.038862790912389755,0.001,949
419,10.0,4840,0.8722777777777777,484,-0.18849999999999997,11,0.06072911620140076,0.001,959
420,10.0,4880,0.8712222222222223,488,-0.0995,11,0.053483203053474426,0.001,969
421,10.0,4920,0.8701666666666665,492,-0.068,11,0.04236703738570213,0.001,979
422,10.0,4960,0.8691111111111112,496,-0.10150000000000002,11,0.0511193685233593,0.001,989
422,10.0,5000,0.8680555555555557,500,-0.04100000000000001,11,0.03686210513114929,0.001,999
422,10.0,5040,0.8669999999999999,504,0.0175,11,0.06480424851179123,0.001,1009
422,10.0,5080,0.8659444444444444,508,-0.102,12,0.07585132867097855,0.001,1019
423,10.0,5120,0.864888888888889,512,-0.0895,12,0.07907981425523758,0.001,1029
423,10.0,5160,0.8638333333333332,516,-0.050499999999999996,12,0.051894862204790115,0.001,1039
423,10.0,5200,0.8627777777777778,520,-0.03699999999999999,12,0.0594073086977005,0.001,1049
424,10.0,5240,0.8617222222222223,524,-0.04300000000000001,12,0.047935210168361664,0.001,1059
424,10.0,5280,0.8606666666666665,528,-0.053,12,0.04383639246225357,0.001,1069
425,10.0,5320,0.8596111111111111,532,-0.013499999999999996,12,0.04115930199623108,0.001,1079
425,10.0,5360,0.8585555555555556,536,0.022000000000000002,12,0.06329766660928726,0.001,1089
426,10.0,5400,0.8574999999999999,540,0.0605,12,0.054081328213214874,0.001,1099
427,10.0,5440,0.8564444444444445,544,0.023000000000000003,12,0.050246886909008026,0.001,1109
427,10.0,5480,0.855388888888889,548,-0.035500000000000004,12,0.036923978477716446,0.001,1119
427,10.0,5520,0.8543333333333332,552,-0.06700000000000002,12,0.0992332175374031,0.001,1129
428,10.0,5560,0.8532777777777778,556,-0.05800000000000001,12,0.08990366756916046,0.001,1139
428,10.0,5600,0.8522222222222223,560,-0.04,13,0.06129949912428856,0.001,1149
428,10.0,5640,0.8511666666666665,564,-0.03,13,0.08612712472677231,0.001,1159
428,10.0,5680,0.850111111111111,568,-0.01899999999999999,13,0.06442537903785706,0.001,1169
428,10.0,5720,0.8490555555555557,572,-0.1245,13,0.047601133584976196,0.001,1179
428,10.0,5760,0.8479999999999999,576,-0.08299999999999998,13,0.03586307168006897,0.001,1189
429,10.0,5800,0.8469444444444445,580,-0.04749999999999997,13,0.05476295202970505,0.001,1199
430,10.0,5840,0.845888888888889,584,-0.126,13,0.05752583220601082,0.001,1209
431,10.0,5880,0.8448333333333332,588,-0.1365,13,0.05036788433790207,0.001,1219
431,10.0,5920,0.8437777777777777,592,-0.135,13,0.04252076894044876,0.001,1229
432,10.0,5960,0.8427222222222224,596,-0.1665,13,0.09262318164110184,0.001,1239
432,10.0,6000,0.8416666666666666,600,-0.18849999999999997,13,0.0575946569442749,0.001,1249
432,10.0,6040,0.8406111111111111,604,-0.21249999999999997,13,0.06491194665431976,0.001,1259
432,10.0,6080,0.8395555555555556,608,-0.19649999999999992,14,0.07447360455989838,0.001,1269
432,10.0,6120,0.8384999999999998,612,-0.2039999999999999,14,0.061772044748067856,0.001,1279
433,10.0,6160,0.8374444444444444,616,-0.23099999999999996,14,0.06615833938121796,0.001,1289
433,10.0,6200,0.836388888888889,620,-0.23949999999999994,14,0.049185581505298615,0.001,1299
433,10.0,6240,0.8353333333333332,624,-0.23549999999999996,14,0.033738091588020325,0.001,1309
434,10.0,6280,0.8342777777777778,628,-0.21549999999999994,14,0.048895157873630524,0.001,1319
434,10.0,6320,0.8332222222222223,632,-0.2605,14,0.053738195449113846,0.001,1329
434,10.0,6360,0.8321666666666665,636,-0.31,14,0.02731470763683319,0.001,1339
435,10.0,6400,0.8311111111111111,640,-0.315,14,0.04724809527397156,0.001,1349
435,10.0,6440,0.8300555555555557,644,-0.33099999999999996,14,0.06433343142271042,0.001,1359
436,10.0,6480,0.8289999999999998,648,-0.27949999999999997,14,0.044612959027290344,0.001,1369
437,10.0,6520,0.8279444444444444,652,-0.23349999999999999,14,0.12426871806383133,0.001,1379
437,10.0,6560,0.826888888888889,656,-0.249,14,0.07131372392177582,0.001,1389
437,10.0,6600,0.8258333333333332,660,-0.314,15,0.0687735378742218,0.001,1399
436,10.0,6640,0.8247777777777777,664,-0.3389999999999999,15,0.06711895763874054,0.001,1409
437,10.0,6680,0.8237222222222222,668,-0.3899999999999999,15,0.05499720200896263,0.001,1419
437,10.0,6720,0.8226666666666665,672,-0.35550000000000004,15,0.08537007123231888,0.001,1429
437,10.0,6760,0.8216111111111111,676,-0.364,15,0.06453319638967514,0.001,1439
437,10.0,6800,0.8205555555555556,680,-0.4084999999999999,15,0.07785965502262115,0.001,1449
437,10.0,6840,0.8194999999999999,684,-0.35700000000000004,15,0.055126793682575226,0.001,1459
438,10.0,6880,0.8184444444444444,688,-0.4145000000000001,15,0.07529067993164062,0.001,1469
438,10.0,6920,0.8173888888888889,692,-0.43500000000000005,15,0.0425802581012249,0.001,1479
439,10.0,6960,0.8163333333333331,696,-0.39549999999999996,15,0.06161699444055557,0.001,1489
439,10.0,7000,0.8152777777777778,700,-0.3954999999999999,15,0.03207465633749962,0.001,1499
439,10.0,7040,0.8142222222222223,704,-0.37750000000000006,16,0.12474185973405838,0.001,1509
440,10.0,7080,0.8131666666666668,708,-0.326,16,0.10412918031215668,0.001,1519
439,10.0,7120,0.812111111111111,712,-0.3085,16,0.1013646274805069,0.001,1529
435,10.0,7160,0.8110555555555556,716,-0.31049999999999994,16,0.062437333166599274,0.001,1539
436,10.0,7200,0.8099999999999998,720,-0.332,16,0.07478471100330353,0.001,1549
436,10.0,7240,0.8089444444444444,724,-0.30950000000000005,16,0.09127277880907059,0.001,1559
436,10.0,7280,0.8078888888888889,728,-0.31300000000000006,16,0.07212980091571808,0.001,1569
436,10.0,7320,0.8068333333333335,732,-0.29450000000000004,16,0.05864626541733742,0.001,1579
436,10.0,7360,0.8057777777777777,736,-0.31300000000000006,16,0.08664137125015259,0.001,1589
437,10.0,7400,0.8047222222222223,740,-0.31450000000000006,16,0.04013544321060181,0.001,1599
437,10.0,7440,0.8036666666666665,744,-0.33299999999999996,17,0.049964454025030136,0.001,1609
437,10.0,7480,0.802611111111111,748,-0.415,17,0.05623376742005348,0.001,1619
438,10.0,7520,0.8015555555555556,752,-0.44299999999999995,17,0.12106826156377792,0.001,1629
438,10.0,7560,0.8005000000000002,756,-0.45449999999999996,17,0.08837363868951797,0.001,1639
438,10.0,7600,0.7994444444444444,760,-0.44199999999999995,17,0.07829093933105469,0.001,1649
438,10.0,7640,0.7983888888888889,764,-0.36900000000000005,17,0.06149580329656601,0.001,1659
438,10.0,7680,0.7973333333333332,768,-0.33799999999999997,17,0.058824095875024796,0.001,1669
439,10.0,7720,0.7962777777777778,772,-0.39949999999999997,17,0.06748032569885254,0.001,1679
439,10.0,7760,0.7952222222222223,776,-0.391,17,0.04414989426732063,0.001,1689
438,10.0,7800,0.7941666666666669,780,-0.4055,17,0.05386181175708771,0.001,1699
438,10.0,7840,0.7931111111111111,784,-0.38449999999999995,17,0.04164613038301468,0.001,1709
438,10.0,7880,0.7920555555555556,788,-0.4195000000000001,17,0.05932920426130295,0.001,1719
438,10.0,7920,0.7909999999999998,792,-0.46,18,0.11464998126029968,0.001,1729
438,10.0,7960,0.7899444444444443,796,-0.486,18,0.05385347828269005,0.001,1739
438,10.0,8000,0.788888888888889,800,-0.494,18,0.0478048250079155,0.001,1749
439,10.0,8040,0.7878333333333335,804,-0.553,18,0.0730879083275795,0.001,1759
439,10.0,8080,0.7867777777777777,808,-0.602,18,0.08186978101730347,0.001,1769
439,10.0,8120,0.7857222222222222,812,-0.639,18,0.0930534303188324,0.001,1779
439,10.0,8160,0.7846666666666664,816,-0.645,18,0.06989886611700058,0.001,1789
439,10.0,8200,0.783611111111111,820,-0.6174999999999999,18,0.05079404637217522,0.001,1799
439,10.0,8240,0.7825555555555556,824,-0.6114999999999999,18,0.07538588345050812,0.001,1809
439,10.0,8280,0.7815000000000001,828,-0.606,18,0.07818818837404251,0.001,1819
439,10.0,8320,0.7804444444444444,832,-0.6134999999999999,18,0.06787914037704468,0.001,1829
438,10.0,8360,0.7793888888888889,836,-0.583,19,0.03901951014995575,0.001,1839
438,10.0,8400,0.7783333333333331,840,-0.6334999999999998,19,0.08078570663928986,0.001,1849
438,10.0,8440,0.7772777777777777,844,-0.574,19,0.07436913996934891,0.001,1859
437,10.0,8480,0.7762222222222223,848,-0.5145,19,0.06891495734453201,0.001,1869
436,10.0,8520,0.7751666666666668,852,-0.5215,19,0.21756494045257568,0.001,1879
434,10.0,8560,0.7741111111111111,856,-0.6335,19,0.14407968521118164,0.001,1889
433,10.0,8600,0.7730555555555556,860,-0.6164999999999999,19,0.11225062608718872,0.001,1899
432,10.0,8640,0.7720000000000001,864,-0.6744999999999998,19,0.0910007655620575,0.001,1909
431,10.0,8680,0.7709444444444443,868,-0.7194999999999999,20,0.06611216813325882,0.001,1919
429,10.0,8720,0.769888888888889,872,-0.7199999999999999,20,0.09845036268234253,0.001,1929
427,10.0,8760,0.7688333333333335,876,-0.742,20,0.05854341387748718,0.001,1939
426,10.0,8800,0.7677777777777777,880,-0.7390000000000001,20,0.09413295984268188,0.001,1949
425,10.0,8840,0.7667222222222222,884,-0.8220000000000002,20,0.08806018531322479,0.001,1959
424,10.0,8880,0.7656666666666668,888,-0.7575,20,0.0941535234451294,0.001,1969
424,10.0,8920,0.764611111111111,892,-0.7215,21,0.07037724554538727,0.001,1979
424,10.0,8960,0.7635555555555555,896,-0.7434999999999999,21,0.056624460965394974,0.001,1989
423,10.0,9000,0.7625000000000002,900,-0.701,21,0.05084977298974991,0.001,1999
423,10.0,9040,0.7614444444444444,904,-0.6565000000000001,21,0.13362263143062592,0.001,2009
422,10.0,9080,0.7603888888888889,908,-0.6869999999999998,21,0.09810727089643478,0.001,2019
422,10.0,9120,0.7593333333333334,912,-0.7459999999999998,21,0.07749240845441818,0.001,2029
421,10.0,9160,0.7582777777777777,916,-0.7950000000000002,21,0.07993604242801666,0.001,2039
420,10.0,9200,0.7572222222222222,920,-0.8360000000000001,21,0.10956433415412903,0.001,2049
418,10.0,9240,0.7561666666666669,924,-0.8534999999999999,22,0.05565578117966652,0.001,2059
417,10.0,9280,0.7551111111111111,928,-0.8330000000000001,22,0.08704277127981186,0.001,2069
416,10.0,9320,0.7540555555555556,932,-0.8809999999999999,22,0.05942950397729874,0.001,2079
415,10.0,9360,0.7530000000000001,936,-0.8454999999999999,22,0.08131906390190125,0.001,2089
415,10.0,9400,0.7519444444444443,940,-0.836,22,0.06819074600934982,0.001,2099
413,10.0,9440,0.7508888888888889,944,-0.8475,22,0.05291628837585449,0.001,2109
413,10.0,9480,0.7498333333333335,948,-0.868,22,0.05725206062197685,0.001,2119
412,10.0,9520,0.7487777777777777,952,-0.86,23,0.15909233689308167,0.001,2129
411,10.0,9560,0.7477222222222222,956,-0.7685000000000001,23,0.13710203766822815,0.001,2139
410,10.0,9600,0.7466666666666668,960,-0.76,23,0.07751083374023438,0.001,2149
409,10.0,9640,0.745611111111111,964,-0.7384999999999999,23,0.0908864438533783,0.001,2159
408,10.0,9680,0.7445555555555555,968,-0.7325,23,0.09673530608415604,0.001,2169
408,10.0,9720,0.7435,972,-0.6680000000000003,23,0.10546407103538513,0.001,2179
407,10.0,9760,0.7424444444444444,976,-0.6635,23,0.09980709105730057,0.001,2189
407,10.0,9800,0.7413888888888889,980,-0.704,24,0.09527409076690674,0.001,2199
407,10.0,9840,0.7403333333333335,984,-0.7040000000000001,24,0.07042057067155838,0.001,2209
407,10.0,9880,0.7392777777777777,988,-0.7055,24,0.07728715240955353,0.001,2219
407,10.0,9920,0.7382222222222222,992,-0.7214999999999998,24,0.081161268055439,0.001,2229
407,10.0,9960,0.7371666666666667,996,-0.7180000000000001,24,0.05821777135133743,0.001,2239
407,10.0,10000,0.7361111111111109,1000,-0.7655,24,0.0485527440905571,0.001,2249
407,10.0,10040,0.7350555555555556,1004,-0.838,24,0.0885482057929039,0.001,2259
407,10.0,10080,0.7340000000000001,1008,-0.813,24,0.10920435935258865,0.001,2269
408,10.0,10120,0.7329444444444444,1012,-0.7685,24,0.09189753234386444,0.001,2279
408,10.0,10160,0.7318888888888888,1016,-0.7685000000000001,24,0.09164295345544815,0.001,2289
408,10.0,10200,0.7308333333333334,1020,-0.7735,24,0.08529334515333176,0.001,2299
406,10.0,10240,0.7297777777777776,1024,-0.7775,25,0.07837308943271637,0.001,2309
405,10.0,10280,0.7287222222222223,1028,-0.8065000000000002,25,0.09559998661279678,0.001,2319
406,10.0,10320,0.7276666666666667,1032,-0.7650000000000001,25,0.07169533520936966,0.001,2329
406,10.0,10360,0.726611111111111,1036,-0.7665000000000002,25,0.07153534144163132,0.001,2339
406,10.0,10400,0.7255555555555555,1040,-0.7519999999999999,25,0.08476956188678741,0.001,2349
406,10.0,10440,0.7245000000000001,1044,-0.7689999999999999,25,0.09303182363510132,0.001,2359
406,10.0,10480,0.7234444444444443,1048,-0.806,25,0.06183210015296936,0.001,2369
407,10.0,10520,0.7223888888888889,1052,-0.8260000000000001,25,0.08400177955627441,0.001,2379
407,10.0,10560,0.7213333333333334,1056,-0.8410000000000002,25,0.10138487070798874,0.001,2389
407,10.0,10600,0.7202777777777776,1060,-0.8770000000000002,25,0.062297385185956955,0.001,2399
408,10.0,10640,0.7192222222222222,1064,-0.8530000000000001,26,0.09907244145870209,0.001,2409
408,10.0,10680,0.7181666666666667,1068,-0.897,26,0.07277188450098038,0.001,2419
408,10.0,10720,0.717111111111111,1072,-0.8989999999999999,26,0.08522531390190125,0.001,2429
408,10.0,10760,0.7160555555555556,1076,-0.8875,26,0.06026752293109894,0.001,2439
408,10.0,10800,0.7150000000000001,1080,-0.8165000000000002,26,0.10294217616319656,0.001,2449
408,10.0,10840,0.7139444444444443,1084,-0.7809999999999999,26,0.06942611932754517,0.001,2459
408,10.0,10880,0.7128888888888889,1088,-0.8320000000000001,26,0.09184445440769196,0.001,2469
406,10.0,10920,0.7118333333333334,1092,-0.8960000000000001,26,0.09541337192058563,0.001,2479
406,10.0,10960,0.7107777777777777,1096,-0.8119999999999998,26,0.10438119620084763,0.001,2489
406,10.0,11000,0.7097222222222221,1100,-0.8730000000000001,27,0.0560731515288353,0.001,2499
406,10.0,11040,0.7086666666666668,1104,-0.7800000000000002,27,0.08288364112377167,0.001,2509
407,10.0,11080,0.707611111111111,1108,-0.7234999999999999,27,0.12134061753749847,0.001,2519
407,10.0,11120,0.7065555555555556,1112,-0.7610000000000001,27,0.1305427849292755,0.001,2529
408,10.0,11160,0.7055,1116,-0.7325000000000002,27,0.09983314573764801,0.001,2539
406,10.0,11200,0.7044444444444442,1120,-0.7090000000000001,27,0.08917554467916489,0.001,2549
406,10.0,11240,0.7033888888888888,1124,-0.7599999999999999,27,0.07668618112802505,0.001,2559
406,10.0,11280,0.7023333333333335,1128,-0.7755000000000001,27,0.08528676629066467,0.001,2569
406,10.0,11320,0.7012777777777777,1132,-0.7885000000000001,27,0.14635495841503143,0.001,2579
406,10.0,11360,0.7002222222222222,1136,-0.8580000000000001,27,0.07602205127477646,0.001,2589
407,10.0,11400,0.6991666666666667,1140,-0.8195000000000001,28,0.08498721569776535,0.001,2599
407,10.0,11440,0.6981111111111109,1144,-0.879,28,0.081960529088974,0.001,2609
407,10.0,11480,0.6970555555555555,1148,-0.888,28,0.05937817692756653,0.001,2619
407,10.0,11520,0.6960000000000001,1152,-0.8380000000000003,28,0.07966224104166031,0.001,2629
408,10.0,11560,0.6949444444444444,1156,-0.883,28,0.11452297121286392,0.001,2639
408,10.0,11600,0.6938888888888889,1160,-0.8640000000000001,28,0.10951761901378632,0.001,2649
408,10.0,11640,0.6928333333333334,1164,-0.8930000000000001,28,0.08922874182462692,0.001,2659
409,10.0,11680,0.691777777777778,1168,-0.8390000000000001,28,0.0907348096370697,0.001,2669
409,10.0,11720,0.6907222222222222,1172,-0.877,28,0.09199999272823334,0.001,2679
409,10.0,11760,0.6896666666666668,1176,-0.9030000000000001,28,0.09521965682506561,0.001,2689
409,10.0,11800,0.688611111111111,1180,-0.9535000000000002,28,0.09231556951999664,0.001,2699
409,10.0,11840,0.6875555555555555,1184,-0.987,28,0.05474116653203964,0.001,2709
409,10.0,11880,0.6865000000000001,1188,-0.9825000000000002,28,0.07168035209178925,0.001,2719
409,10.0,11920,0.6854444444444446,1192,-0.926,29,0.06901353597640991,0.001,2729
410,10.0,11960,0.6843888888888888,1196,-1.02,29,0.10344262421131134,0.001,2739
410,10.0,12000,0.6833333333333333,1200,-0.9385000000000001,29,0.06585362553596497,0.001,2749
410,10.0,12040,0.6822777777777775,1204,-0.973,29,0.08230315893888474,0.001,2759
410,10.0,12080,0.6812222222222222,1208,-1.0130000000000001,29,0.13141222298145294,0.001,2769
410,10.0,12120,0.6801666666666667,1212,-0.9919999999999999,29,0.11842098832130432,0.001,2779
411,10.0,12160,0.6791111111111112,1216,-1.0425,29,0.11113409698009491,0.001,2789
411,10.0,12200,0.6780555555555555,1220,-1.0310000000000001,29,0.10045745223760605,0.001,2799
410,10.0,12240,0.677,1224,-1.033,29,0.07282944768667221,0.001,2809
410,10.0,12280,0.6759444444444442,1228,-1.0419999999999998,29,0.08995164930820465,0.001,2819
409,10.0,12320,0.6748888888888889,1232,-1.0319999999999998,30,0.10045570135116577,0.001,2829
409,10.0,12360,0.6738333333333334,1236,-0.9829999999999999,30,0.040476709604263306,0.001,2839
409,10.0,12400,0.6727777777777779,1240,-0.9584999999999999,30,0.05964941158890724,0.001,2849
409,10.0,12440,0.6717222222222221,1244,-0.9129999999999998,30,0.09468691051006317,0.001,2859
409,10.0,12480,0.6706666666666667,1248,-0.8525,30,0.06533926725387573,0.001,2869
409,10.0,12520,0.6696111111111109,1252,-0.9275,30,0.07649502158164978,0.001,2879
409,10.0,12560,0.6685555555555556,1256,-0.9075,30,0.07814332097768784,0.001,2889
409,10.0,12600,0.6675,1260,-0.8785,30,0.0771174505352974,0.001,2899
409,10.0,12640,0.6664444444444446,1264,-0.8905,30,0.06484763324260712,0.001,2909
409,10.0,12680,0.6653888888888888,1268,-0.9400000000000002,30,0.12008199840784073,0.001,2919
409,10.0,12720,0.6643333333333334,1272,-0.9534999999999999,31,0.09133416414260864,0.001,2929
409,10.0,12760,0.6632777777777776,1276,-0.9505,31,0.057177599519491196,0.001,2939
409,10.0,12800,0.6622222222222222,1280,-0.9075,31,0.12775397300720215,0.001,2949
408,10.0,12840,0.6611666666666667,1284,-0.7600000000000001,31,0.07760699093341827,0.001,2959
407,10.0,12880,0.6601111111111113,1288,-0.6960000000000001,31,0.10363277792930603,0.001,2969
406,10.0,12920,0.6590555555555555,1292,-0.7034999999999999,31,0.08824434876441956,0.001,2979
406,10.0,12960,0.658,1296,-0.6985000000000001,31,0.08466019481420517,0.001,2989
405,10.0,13000,0.6569444444444443,1300,-0.7075000000000001,32,0.07831117510795593,0.001,2999
405,10.0,13040,0.6558888888888889,1304,-0.7215000000000003,32,0.08879085630178452,0.001,3009
404,10.0,13080,0.6548333333333334,1308,-0.753,32,0.0782315582036972,0.001,3019
403,10.0,13120,0.653777777777778,1312,-0.7854999999999999,32,0.10007498413324356,0.001,3029
403,10.0,13160,0.6527222222222222,1316,-0.7265,32,0.13651151955127716,0.001,3039
402,10.0,13200,0.6516666666666667,1320,-0.7404999999999999,32,0.07575272768735886,0.001,3049
401,10.0,13240,0.6506111111111109,1324,-0.6685000000000001,32,0.08107554912567139,0.001,3059
401,10.0,13280,0.6495555555555554,1328,-0.6214999999999999,33,0.07295037806034088,0.001,3069
401,10.0,13320,0.6485000000000001,1332,-0.622,33,0.07184657454490662,0.001,3079
401,10.0,13360,0.6474444444444446,1336,-0.6830000000000002,33,0.10361384600400925,0.001,3089
401,10.0,13400,0.6463888888888889,1340,-0.7659999999999999,33,0.15702584385871887,0.001,3099
401,10.0,13440,0.6453333333333333,1344,-0.84,33,0.13407695293426514,0.001,3109
401,10.0,13480,0.644277777777778,1348,-0.888,33,0.17422810196876526,0.001,3119
400,10.0,13520,0.6432222222222221,1352,-0.8645,33,0.12946228682994843,0.001,3129
400,10.0,13560,0.6421666666666668,1356,-0.838,33,0.10155507177114487,0.001,3139
399,10.0,13600,0.6411111111111112,1360,-0.9189999999999999,34,0.08675097674131393,0.001,3149
398,10.0,13640,0.6400555555555555,1364,-0.9505,34,0.08127528429031372,0.001,3159
398,10.0,13680,0.639,1368,-0.981,34,0.09838883578777313,0.001,3169
398,10.0,13720,0.6379444444444446,1372,-0.9840000000000001,34,0.08254116773605347,0.001,3179
398,10.0,13760,0.6368888888888888,1376,-0.9059999999999999,34,0.10658328235149384,0.001,3189
398,10.0,13800,0.6358333333333334,1380,-0.9544999999999999,34,0.0906473845243454,0.001,3199
398,10.0,13840,0.6347777777777779,1384,-1.1119999999999999,34,0.10820554941892624,0.001,3209
397,10.0,13880,0.6337222222222221,1388,-1.1875000000000002,34,0.08877542614936829,0.001,3219
396,10.0,13920,0.6326666666666667,1392,-1.176,35,0.08885728567838669,0.001,3229
394,10.0,13960,0.6316111111111112,1396,-1.293,35,0.10265307128429413,0.001,3239
392,10.0,14000,0.6305555555555555,1400,-1.3345000000000002,35,0.13572871685028076,0.001,3249
391,10.0,14040,0.6295000000000001,1404,-1.3890000000000002,35,0.10335798561573029,0.001,3259
389,10.0,14080,0.6284444444444446,1408,-1.3795000000000002,36,0.12550002336502075,0.001,3269
388,10.0,14120,0.6273888888888888,1412,-1.3875,36,0.09606106579303741,0.001,3279
387,10.0,14160,0.6263333333333334,1416,-1.4304999999999999,36,0.10607527196407318,0.001,3289
385,10.0,14200,0.6252777777777779,1420,-1.4020000000000001,36,0.10557419061660767,0.001,3299
384,10.0,14240,0.6242222222222221,1424,-1.48,37,0.06466402858495712,0.001,3309
383,10.0,14280,0.6231666666666666,1428,-1.5755000000000001,37,0.07405166327953339,0.001,3319
381,10.0,14320,0.6221111111111113,1432,-1.5795000000000003,37,0.0977129340171814,0.001,3329
379,10.0,14360,0.6210555555555555,1436,-1.582,37,0.07443524152040482,0.001,3339
378,10.0,14400,0.62,1440,-1.6065000000000003,38,0.06253217905759811,0.001,3349
376,10.0,14440,0.6189444444444445,1444,-1.5485000000000002,38,0.11198241263628006,0.001,3359
375,10.0,14480,0.6178888888888887,1448,-1.5435000000000005,38,0.09167899191379547,0.001,3369
374,10.0,14520,0.6168333333333333,1452,-1.5995000000000001,38,0.18594251573085785,0.001,3379
373,10.0,14560,0.6157777777777779,1456,-1.5759999999999998,38,0.08058048784732819,0.001,3389
372,10.0,14600,0.6147222222222222,1460,-1.5914999999999997,39,0.11587394773960114,0.001,3399
371,10.0,14640,0.6136666666666667,1464,-1.598,39,0.09084717929363251,0.001,3409
370,10.0,14680,0.6126111111111112,1468,-1.5105000000000002,39,0.09391509741544724,0.001,3419
369,10.0,14720,0.6115555555555554,1472,-1.5220000000000002,39,0.07268709689378738,0.001,3429
369,10.0,14760,0.6105,1476,-1.6520000000000001,39,0.0615694597363472,0.001,3439
368,10.0,14800,0.6094444444444446,1480,-1.6325,40,0.07911187410354614,0.001,3449
368,10.0,14840,0.6083888888888889,1484,-1.5530000000000002,40,0.09665043652057648,0.001,3459
367,10.0,14880,0.6073333333333333,1488,-1.4885,40,0.0862736701965332,0.001,3469
367,10.0,14920,0.6062777777777779,1492,-1.4885000000000002,40,0.07504835724830627,0.001,3479
366,10.0,14960,0.6052222222222221,1496,-1.3900000000000003,40,0.07900039851665497,0.001,3489
366,10.0,15000,0.6041666666666667,1500,-1.4474999999999998,40,0.12303551286458969,0.001,3499
365,10.0,15040,0.6031111111111112,1504,-1.4475000000000002,41,0.13176441192626953,0.001,3509
365,10.0,15080,0.6020555555555553,1508,-1.4899999999999998,41,0.09748010337352753,0.001,3519
364,10.0,15120,0.601,1512,-1.4615,41,0.07108323276042938,0.001,3529
364,10.0,15160,0.5999444444444446,1516,-1.4955,41,0.11363613605499268,0.001,3539
364,10.0,15200,0.5988888888888888,1520,-1.6,41,0.06154800206422806,0.001,3549
363,10.0,15240,0.5978333333333333,1524,-1.6959999999999997,41,0.11067686975002289,0.001,3559
363,10.0,15280,0.5967777777777779,1528,-1.6374999999999997,42,0.07501724362373352,0.001,3569
362,10.0,15320,0.595722222222222,1532,-1.6434999999999997,42,0.11747190356254578,0.001,3579
362,10.0,15360,0.5946666666666667,1536,-1.6140000000000003,42,0.09368879348039627,0.001,3589
362,10.0,15400,0.5936111111111112,1540,-1.5365000000000004,42,0.12229353934526443,0.001,3599
362,10.0,15440,0.5925555555555555,1544,-1.538,42,0.08187579363584518,0.001,3609
362,10.0,15480,0.5915,1548,-1.5505000000000002,42,0.10467134416103363,0.001,3619
362,10.0,15520,0.5904444444444445,1552,-1.5689999999999997,42,0.10862759500741959,0.001,3629
362,10.0,15560,0.5893888888888887,1556,-1.5465,42,0.08995354920625687,0.001,3639
361,10.0,15600,0.5883333333333334,1560,-1.565,43,0.08931185305118561,0.001,3649
361,10.0,15640,0.5872777777777779,1564,-1.6035000000000001,43,0.08956754207611084,0.001,3659
361,10.0,15680,0.5862222222222221,1568,-1.6720000000000002,43,0.08366589993238449,0.001,3669
360,10.0,15720,0.5851666666666666,1572,-1.68,43,0.1611505150794983,0.001,3679
360,10.0,15760,0.5841111111111112,1576,-1.6640000000000004,43,0.10277353972196579,0.001,3689
360,10.0,15800,0.5830555555555558,1580,-1.6124999999999998,43,0.08392582088708878,0.001,3699
359,10.0,15840,0.582,1584,-1.702,44,0.11027929186820984,0.001,3709
359,10.0,15880,0.5809444444444445,1588,-1.7919999999999998,44,0.09067881107330322,0.001,3719
358,10.0,15920,0.5798888888888888,1592,-1.8015000000000003,44,0.07727207243442535,0.001,3729
358,10.0,15960,0.5788333333333333,1596,-1.7970000000000002,44,0.08198457211256027,0.001,3739
358,10.0,16000,0.577777777777778,1600,-1.7375,44,0.1098625510931015,0.001,3749
358,10.0,16040,0.5767222222222225,1604,-1.704,44,0.09169207513332367,0.001,3759
358,10.0,16080,0.5756666666666667,1608,-1.7025,44,0.09109611809253693,0.001,3769
358,10.0,16120,0.5746111111111112,1612,-1.6425000000000003,44,0.09664028882980347,0.001,3779
358,10.0,16160,0.5735555555555554,1616,-1.5590000000000004,45,0.11861345171928406,0.001,3789
358,10.0,16200,0.5725,1620,-1.4939999999999998,45,0.06383104622364044,0.001,3799
358,10.0,16240,0.5714444444444445,1624,-1.4085000000000003,45,0.1434127688407898,0.001,3809
357,10.0,16280,0.5703888888888891,1628,-1.4780000000000004,45,0.14244550466537476,0.001,3819
357,10.0,16320,0.5693333333333332,1632,-1.454,45,0.12622013688087463,0.001,3829
356,10.0,16360,0.5682777777777779,1636,-1.4594999999999996,45,0.08431501686573029,0.001,3839
356,10.0,16400,0.5672222222222221,1640,-1.5639999999999998,45,0.16975060105323792,0.001,3849
356,10.0,16440,0.5661666666666666,1644,-1.632,46,0.10347916185855865,0.001,3859
356,10.0,16480,0.5651111111111111,1648,-1.6244999999999996,46,0.0556170716881752,0.001,3869
355,10.0,16520,0.5640555555555558,1652,-1.581,46,0.134055957198143,0.001,3879
355,10.0,16560,0.563,1656,-1.6064999999999998,46,0.09640681743621826,0.001,3889
355,10.0,16600,0.5619444444444446,1660,-1.5735000000000001,46,0.12461166083812714,0.001,3899
354,10.0,16640,0.5608888888888888,1664,-1.5825,46,0.13220000267028809,0.001,3909
354,10.0,16680,0.5598333333333333,1668,-1.5899999999999996,47,0.09746525436639786,0.001,3919
354,10.0,16720,0.5587777777777778,1672,-1.5989999999999998,47,0.08473529666662216,0.001,3929
354,10.0,16760,0.5577222222222225,1676,-1.6079999999999999,47,0.16043516993522644,0.001,3939
354,10.0,16800,0.5566666666666666,1680,-1.7185,47,0.12222706526517868,0.001,3949
354,10.0,16840,0.5556111111111112,1684,-1.6665,47,0.12650319933891296,0.001,3959
354,10.0,16880,0.5545555555555554,1688,-1.716,47,0.10036934912204742,0.001,3969
355,10.0,16920,0.5534999999999999,1692,-1.8039999999999998,47,0.15444467961788177,0.001,3979
355,10.0,16960,0.5524444444444445,1696,-1.756,47,0.10611459612846375,0.001,3989
354,10.0,17000,0.551388888888889,1700,-1.8455000000000001,47,0.10091102123260498,0.001,3999
355,10.0,17040,0.5503333333333332,1704,-1.9170000000000003,47,0.09997309744358063,0.001,4009
355,10.0,17080,0.5492777777777778,1708,-1.9235,48,0.10514393448829651,0.001,4019
355,10.0,17120,0.5482222222222222,1712,-2.0385,48,0.09509975463151932,0.001,4029
355,10.0,17160,0.5471666666666666,1716,-2.1180000000000003,48,0.15485382080078125,0.001,4039
355,10.0,17200,0.5461111111111112,1720,-2.074,48,0.12652195990085602,0.001,4049
355,10.0,17240,0.5450555555555558,1724,-2.0595000000000003,48,0.1337651014328003,0.001,4059
355,10.0,17280,0.544,1728,-1.999,48,0.07797063887119293,0.001,4069
353,10.0,17320,0.5429444444444445,1732,-2.0315,48,0.10516079515218735,0.001,4079
353,10.0,17360,0.5418888888888886,1736,-2.0840000000000005,49,0.0781874805688858,0.001,4089
353,10.0,17400,0.5408333333333333,1740,-2.0025000000000004,49,0.12930551171302795,0.001,4099
353,10.0,17440,0.5397777777777779,1744,-1.935,49,0.11134980618953705,0.001,4109
353,10.0,17480,0.5387222222222223,1748,-1.8725000000000003,49,0.11184806376695633,0.001,4119
353,10.0,17520,0.5376666666666665,1752,-1.9020000000000004,49,0.07034547626972198,0.001,4129
353,10.0,17560,0.5366111111111111,1756,-1.9045,49,0.09736379981040955,0.001,4139
353,10.0,17600,0.5355555555555553,1760,-1.8929999999999998,49,0.13488727807998657,0.001,4149
354,10.0,17640,0.5345,1764,-1.852,49,0.12245973199605942,0.001,4159
354,10.0,17680,0.5334444444444444,1768,-1.8255000000000001,49,0.105593740940094,0.001,4169
354,10.0,17720,0.532388888888889,1772,-1.8289999999999997,50,0.14842960238456726,0.001,4179
354,10.0,17760,0.5313333333333333,1776,-1.8765,50,0.11752118170261383,0.001,4189
354,10.0,17800,0.5302777777777778,1780,-1.794,50,0.11680503934621811,0.001,4199
354,10.0,17840,0.529222222222222,1784,-1.8279999999999998,50,0.12429872900247574,0.001,4209
354,10.0,17880,0.5281666666666667,1788,-1.7759999999999996,50,0.12542857229709625,0.001,4219
354,10.0,17920,0.5271111111111112,1792,-1.72,50,0.12459804862737656,0.001,4229
355,10.0,17960,0.5260555555555557,1796,-1.7685,50,0.08668169379234314,0.001,4239
355,10.0,18000,0.5249999999999999,1800,-1.6375,50,0.1350601762533188,0.001,4249
355,10.0,18040,0.5239444444444445,1804,-1.5594999999999999,50,0.10976380109786987,0.001,4259
355,10.0,18080,0.5228888888888887,1808,-1.602,50,0.13841992616653442,0.001,4269
355,10.0,18120,0.5218333333333333,1812,-1.5379999999999996,50,0.07764805853366852,0.001,4279
354,10.0,18160,0.5207777777777778,1816,-1.4665000000000001,51,0.07076192647218704,0.001,4289
353,10.0,18200,0.5197222222222224,1820,-1.5495,51,0.07711680233478546,0.001,4299
352,10.0,18240,0.5186666666666666,1824,-1.5304999999999995,51,0.11478903144598007,0.001,4309
351,10.0,18280,0.5176111111111111,1828,-1.581,52,0.15553483366966248,0.001,4319
350,10.0,18320,0.5165555555555554,1832,-1.5535000000000003,52,0.09745319187641144,0.001,4329
349,10.0,18360,0.5155,1836,-1.5264999999999997,52,0.11298606544733047,0.001,4339
349,10.0,18400,0.5144444444444445,1840,-1.5275,52,0.09122318774461746,0.001,4349
348,10.0,18440,0.5133888888888891,1844,-1.58,52,0.11061856150627136,0.001,4359
347,10.0,18480,0.5123333333333333,1848,-1.6655000000000002,53,0.1450432986021042,0.001,4369
346,10.0,18520,0.5112777777777778,1852,-1.663,53,0.15876565873622894,0.001,4379
345,10.0,18560,0.510222222222222,1856,-1.6644999999999999,53,0.12096618860960007,0.001,4389
344,10.0,18600,0.5091666666666665,1860,-1.6104999999999998,53,0.16485834121704102,0.001,4399
343,10.0,18640,0.5081111111111112,1864,-1.649,54,0.1436896026134491,0.001,4409
342,10.0,18680,0.5070555555555557,1868,-1.5779999999999996,54,0.11299855262041092,0.001,4419
341,10.0,18720,0.5059999999999999,1872,-1.5545,54,0.10760453343391418,0.001,4429
341,10.0,18760,0.5049444444444444,1876,-1.5170000000000001,54,0.11432483792304993,0.001,4439
340,10.0,18800,0.5038888888888886,1880,-1.5019999999999996,55,0.1356889307498932,0.001,4449
339,10.0,18840,0.5028333333333332,1884,-1.4994999999999996,55,0.11398083716630936,0.001,4459
339,10.0,18880,0.5017777777777778,1888,-1.5010000000000003,55,0.10904963314533234,0.001,4469
338,10.0,18920,0.5007222222222223,1892,-1.5345000000000002,55,0.11149778217077255,0.001,4479
338,10.0,18960,0.4996666666666666,1896,-1.584,55,0.1240827888250351,0.001,4489
338,10.0,19000,0.4986111111111111,1900,-1.668,56,0.0895615816116333,0.001,4499
338,10.0,19040,0.4975555555555553,1904,-1.705,56,0.11461194604635239,0.001,4509
339,10.0,19080,0.49649999999999994,1908,-1.6405,56,0.08306513726711273,0.001,4519
339,10.0,19120,0.49544444444444447,1912,-1.6775,56,0.12169893085956573,0.001,4529
339,10.0,19160,0.494388888888889,1916,-1.736,56,0.13704833388328552,0.001,4539
339,10.0,19200,0.4933333333333332,1920,-1.6695000000000002,56,0.10573866218328476,0.001,4549
339,10.0,19240,0.4922777777777778,1924,-1.7209999999999999,56,0.08753269165754318,0.001,4559
339,10.0,19280,0.491222222222222,1928,-1.7654999999999998,56,0.05553571879863739,0.001,4569
339,10.0,19320,0.49016666666666653,1932,-1.8704999999999998,56,0.11267833411693573,0.001,4579
339,10.0,19360,0.48911111111111105,1936,-1.8785000000000003,57,0.10538852214813232,0.001,4589
339,10.0,19400,0.4880555555555557,1940,-1.9614999999999996,57,0.11725959926843643,0.001,4599
339,10.0,19440,0.4869999999999999,1944,-1.9674999999999998,57,0.12429536879062653,0.001,4609
339,10.0,19480,0.4859444444444444,1948,-1.9515,57,0.11612249910831451,0.001,4619
339,10.0,19520,0.4848888888888889,1952,-1.9679999999999997,57,0.08807556331157684,0.001,4629
339,10.0,19560,0.4838333333333332,1956,-1.984,57,0.12047789990901947,0.001,4639
339,10.0,19600,0.48277777777777786,1960,-2.0045,57,0.17005211114883423,0.001,4649
339,10.0,19640,0.4817222222222224,1964,-1.9400000000000004,57,0.09146778285503387,0.001,4659
339,10.0,19680,0.4806666666666666,1968,-2.0775,57,0.09946845471858978,0.001,4669
340,10.0,19720,0.4796111111111111,1972,-2.1115,57,0.12826313078403473,0.001,4679
340,10.0,19760,0.47855555555555573,1976,-2.0949999999999998,58,0.11500745266675949,0.001,4689
340,10.0,19800,0.4774999999999999,1980,-2.0835,58,0.14751654863357544,0.001,4699
340,10.0,19840,0.47644444444444445,1984,-2.0829999999999997,58,0.13245093822479248,0.001,4709
340,10.0,19880,0.47538888888888897,1988,-2.067,58,0.11079388856887817,0.001,4719
340,10.0,19920,0.47433333333333316,1992,-1.9624999999999997,58,0.10508318990468979,0.001,4729
339,10.0,19960,0.4732777777777778,1996,-1.8764999999999994,58,0.1391027271747589,0.001,4739
339,10.0,20000,0.4722222222222223,2000,-1.9040000000000001,58,0.10232298821210861,0.001,4749
339,10.0,20040,0.4711666666666665,2004,-1.8969999999999998,59,0.14823615550994873,0.001,4759
339,10.0,20080,0.47011111111111104,2008,-1.9440000000000006,59,0.10978490114212036,0.001,4769
339,10.0,20120,0.46905555555555567,2012,-1.8845,59,0.12500759959220886,0.001,4779
339,10.0,20160,0.46799999999999986,2016,-1.8555000000000001,59,0.12513700127601624,0.001,4789
339,10.0,20200,0.4669444444444445,2020,-1.916,59,0.06412144750356674,0.001,4799
339,10.0,20240,0.465888888888889,2024,-1.9335000000000002,59,0.13736872375011444,0.001,4809
339,10.0,20280,0.4648333333333332,2028,-1.957,59,0.1253959834575653,0.001,4819
339,10.0,20320,0.46377777777777773,2032,-1.9580000000000002,59,0.12055288255214691,0.001,4829
339,10.0,20360,0.46272222222222237,2036,-1.9479999999999997,59,0.11569579690694809,0.001,4839
339,10.0,20400,0.46166666666666656,2040,-1.8755000000000002,60,0.17217718064785004,0.001,4849
339,10.0,20440,0.4606111111111111,2044,-1.9505000000000001,60,0.1344660371541977,0.001,4859
338,10.0,20480,0.4595555555555556,2048,-2.0270000000000006,60,0.08745653182268143,0.001,4869
338,10.0,20520,0.4584999999999998,2052,-2.0239999999999996,60,0.1974191963672638,0.001,4879
338,10.0,20560,0.45744444444444443,2056,-2.046,60,0.1489734947681427,0.001,4889
338,10.0,20600,0.45638888888888896,2060,-2.148,60,0.18332451581954956,0.001,4899
338,10.0,20640,0.4553333333333335,2064,-2.2915,61,0.14333969354629517,0.001,4909
337,10.0,20680,0.45427777777777767,2068,-2.2680000000000002,61,0.09513092786073685,0.001,4919
337,10.0,20720,0.4532222222222223,2072,-2.3119999999999994,61,0.07783305644989014,0.001,4929
337,10.0,20760,0.4521666666666666,2076,-2.3859999999999997,61,0.05929480493068695,0.001,4939
338,10.0,20800,0.45111111111111113,2080,-2.4525,61,0.10979723185300827,0.001,4949
338,10.0,20840,0.45005555555555565,2084,-2.4829999999999997,61,0.08247487246990204,0.001,4959
338,10.0,20880,0.4490000000000003,2088,-2.4385000000000003,61,0.09572924673557281,0.001,4969
338,10.0,20920,0.4479444444444445,2092,-2.495,61,0.1495547592639923,0.001,4979
338,10.0,20960,0.446888888888889,2096,-2.5475000000000008,61,0.12780292332172394,0.001,4989
338,10.0,21000,0.4458333333333332,2100,-2.5204999999999997,62,0.1012946367263794,0.001,4999
338,10.0,21040,0.4447777777777777,2104,-2.535,62,0.1249992847442627,0.001,5009
338,10.0,21080,0.44372222222222235,2108,-2.5545,62,0.15198273956775665,0.001,5019
338,10.0,21120,0.4426666666666669,2112,-2.6045,62,0.10477368533611298,0.001,5029
338,10.0,21160,0.44161111111111107,2116,-2.6094999999999997,62,0.09095224738121033,0.001,5039
338,10.0,21200,0.4405555555555556,2120,-2.5735,62,0.09150814265012741,0.001,5049
338,10.0,21240,0.4394999999999998,2124,-2.56,62,0.13751761615276337,0.001,5059
338,10.0,21280,0.4384444444444444,2128,-2.552,62,0.10512226819992065,0.001,5069
339,10.0,21320,0.43738888888888894,2132,-2.546,62,0.11388570815324783,0.001,5079
339,10.0,21360,0.43633333333333346,2136,-2.6289999999999996,63,0.0963691920042038,0.001,5089
338,10.0,21400,0.43527777777777776,2140,-2.6585,63,0.13682672381401062,0.001,5099
339,10.0,21440,0.4342222222222223,2144,-2.599,63,0.13279476761817932,0.001,5109
339,10.0,21480,0.4331666666666665,2148,-2.5864999999999996,63,0.12525121867656708,0.001,5119
339,10.0,21520,0.4321111111111111,2152,-2.4855000000000005,63,0.05805593729019165,0.001,5129
339,10.0,21560,0.43105555555555564,2156,-2.566,63,0.15359382331371307,0.001,5139
339,10.0,21600,0.43000000000000016,2160,-2.556,63,0.14005576074123383,0.001,5149
339,10.0,21640,0.42894444444444435,2164,-2.5115,63,0.09600088745355606,0.001,5159
339,10.0,21680,0.427888888888889,2168,-2.4944999999999995,63,0.1165081337094307,0.001,5169
339,10.0,21720,0.4268333333333332,2172,-2.4635,63,0.17302340269088745,0.001,5179
339,10.0,21760,0.4257777777777777,2176,-2.42,64,0.07736778259277344,0.001,5189
339,10.0,21800,0.4247222222222222,2180,-2.4134999999999995,64,0.08693679422140121,0.001,5199
338,10.0,21840,0.42366666666666686,2184,-2.4014999999999995,64,0.1280488818883896,0.001,5209
338,10.0,21880,0.42261111111111105,2188,-2.398,64,0.08660674095153809,0.001,5219
338,10.0,21920,0.42155555555555557,2192,-2.3945000000000003,64,0.14571544528007507,0.001,5229
337,10.0,21960,0.4204999999999999,2196,-2.4275,64,0.11604459583759308,0.001,5239
337,10.0,22000,0.4194444444444444,2200,-2.4120000000000004,65,0.11967109143733978,0.001,5249
337,10.0,22040,0.41838888888888903,2204,-2.405,65,0.10496032983064651,0.001,5259
337,10.0,22080,0.41733333333333356,2208,-2.3755,65,0.12673279643058777,0.001,5269
337,10.0,22120,0.41627777777777775,2212,-2.388,65,0.12240667641162872,0.001,5279
337,10.0,22160,0.41522222222222227,2216,-2.414,65,0.1303943693637848,0.001,5289
336,10.0,22200,0.41416666666666646,2220,-2.5084999999999997,65,0.11686453223228455,0.001,5299
336,10.0,22240,0.4131111111111111,2224,-2.5045,66,0.15512686967849731,0.001,5309
336,10.0,22280,0.4120555555555556,2228,-2.516,66,0.11964453756809235,0.001,5319
336,10.0,22320,0.41100000000000014,2232,-2.5145,66,0.1080203577876091,0.001,5329
336,10.0,22360,0.40994444444444433,2236,-2.4535000000000005,66,0.11394569277763367,0.001,5339
335,10.0,22400,0.40888888888888897,2240,-2.5420000000000003,66,0.11877848207950592,0.001,5349
335,10.0,22440,0.40783333333333316,2244,-2.5835000000000004,66,0.13173919916152954,0.001,5359
335,10.0,22480,0.4067777777777777,2248,-2.5180000000000002,67,0.10898266732692719,0.001,5369
334,10.0,22520,0.4057222222222223,2252,-2.645,67,0.13577114045619965,0.001,5379
333,10.0,22560,0.40466666666666684,2256,-2.6255000000000006,67,0.13207249343395233,0.001,5389
332,10.0,22600,0.40361111111111103,2260,-2.5995,67,0.1341397762298584,0.001,5399
331,10.0,22640,0.40255555555555567,2264,-2.5030000000000006,68,0.12000071257352829,0.001,5409
331,10.0,22680,0.40149999999999986,2268,-2.5065,68,0.08706364035606384,0.001,5419
330,10.0,22720,0.4004444444444444,2272,-2.5244999999999997,68,0.10004345327615738,0.001,5429
330,10.0,22760,0.3993888888888889,2276,-2.4965,68,0.14204323291778564,0.001,5439
329,10.0,22800,0.39833333333333354,2280,-2.5834999999999995,69,0.1431228667497635,0.001,5449
328,10.0,22840,0.39727777777777773,2284,-2.6379999999999995,69,0.10453154146671295,0.001,5459
327,10.0,22880,0.39622222222222225,2288,-2.7349999999999994,69,0.1202125996351242,0.001,5469
326,10.0,22920,0.39516666666666644,2292,-2.7835,70,0.08729224652051926,0.001,5479
326,10.0,22960,0.39411111111111097,2296,-2.7525000000000004,70,0.13476760685443878,0.001,5489
325,10.0,23000,0.3930555555555556,2300,-2.6670000000000003,70,0.10826602578163147,0.001,5499
323,10.0,23040,0.3920000000000001,2304,-2.7395,71,0.14180222153663635,0.001,5509
323,10.0,23080,0.39094444444444443,2308,-2.7645000000000004,71,0.12284654378890991,0.001,5519
322,10.0,23120,0.38988888888888895,2312,-2.8280000000000003,71,0.08894789218902588,0.001,5529
322,10.0,23160,0.38883333333333314,2316,-2.823,71,0.1302025020122528,0.001,5539
321,10.0,23200,0.3877777777777778,2320,-2.825500000000001,72,0.11246207356452942,0.001,5549
321,10.0,23240,0.3867222222222223,2324,-2.889,72,0.10621426999568939,0.001,5559
321,10.0,23280,0.3856666666666668,2328,-2.7464999999999997,72,0.13039937615394592,0.001,5569
321,10.0,23320,0.384611111111111,2332,-2.7344999999999993,72,0.10098760575056076,0.001,5579
321,10.0,23360,0.38355555555555565,2336,-2.734,72,0.12553080916404724,0.001,5589
320,10.0,23400,0.38249999999999984,2340,-2.6895,72,0.16198186576366425,0.001,5599
320,10.0,23440,0.38144444444444436,2344,-2.6615,73,0.15609723329544067,0.001,5609
320,10.0,23480,0.3803888888888889,2348,-2.7529999999999997,73,0.09636791795492172,0.001,5619
320,10.0,23520,0.3793333333333335,2352,-2.717,73,0.11047197878360748,0.001,5629
319,10.0,23560,0.3782777777777777,2356,-2.6660000000000004,73,0.09785959124565125,0.001,5639
319,10.0,23600,0.37722222222222224,2360,-2.627,73,0.16815856099128723,0.001,5649
319,10.0,23640,0.37616666666666654,2364,-2.6889999999999996,73,0.11795973032712936,0.001,5659
319,10.0,23680,0.37511111111111106,2368,-2.7269999999999994,74,0.14047278463840485,0.001,5669
320,10.0,23720,0.3740555555555556,2372,-2.6905000000000006,74,0.1919906586408615,0.001,5679
320,10.0,23760,0.3730000000000002,2376,-2.7495,74,0.12793675065040588,0.001,5689
320,10.0,23800,0.3719444444444444,2380,-2.798,74,0.11293171346187592,0.001,5699
319,10.0,23840,0.37088888888888893,2384,-2.878,74,0.16190296411514282,0.001,5709
320,10.0,23880,0.3698333333333331,2388,-2.8560000000000003,74,0.1036861315369606,0.001,5719
320,10.0,23920,0.36877777777777765,2392,-2.8925000000000005,74,0.12651687860488892,0.001,5729
320,10.0,23960,0.3677222222222223,2396,-2.954,74,0.13260911405086517,0.001,5739
320,10.0,24000,0.3666666666666668,2400,-3.126500000000001,74,0.10348339378833771,0.001,5749
320,10.0,24040,0.365611111111111,2404,-3.0809999999999995,75,0.11210756003856659,0.001,5759
320,10.0,24080,0.3645555555555555,2408,-3.072999999999999,75,0.12962990999221802,0.001,5769
320,10.0,24120,0.3634999999999997,2412,-2.9425,75,0.10468555241823196,0.001,5779
320,10.0,24160,0.36244444444444435,2416,-2.8284999999999996,75,0.1389717161655426,0.001,5789
319,10.0,24200,0.36138888888888887,2420,-2.802,75,0.127724751830101,0.001,5799
319,10.0,24240,0.3603333333333334,2424,-2.7995000000000005,75,0.11453326046466827,0.001,5809
319,10.0,24280,0.3592777777777777,2428,-3.034,75,0.07081449776887894,0.001,5819
319,10.0,24320,0.35822222222222233,2432,-3.0315,76,0.10877591371536255,0.001,5829
319,10.0,24360,0.3571666666666665,2436,-3.0890000000000004,76,0.13571538031101227,0.001,5839
319,10.0,24400,0.35611111111111104,2440,-3.127,76,0.10397638380527496,0.001,5849
319,10.0,24440,0.35505555555555557,2444,-3.1125,76,0.08146943897008896,0.001,5859
319,10.0,24480,0.3540000000000002,2448,-3.0389999999999997,76,0.09802499413490295,0.001,5869
319,10.0,24520,0.3529444444444444,2452,-3.0634999999999994,76,0.15605206787586212,0.001,5879
319,10.0,24560,0.3518888888888889,2456,-3.1294999999999997,76,0.10331587493419647,0.001,5889
319,10.0,24600,0.35083333333333344,2460,-3.1479999999999997,76,0.12402386218309402,0.001,5899
319,10.0,24640,0.34977777777777763,2464,-3.165,77,0.08290731906890869,0.001,5909
320,10.0,24680,0.34872222222222227,2468,-3.1705,77,0.11846323311328888,0.001,5919
320,10.0,24720,0.3476666666666668,2472,-3.1799999999999993,77,0.1044042706489563,0.001,5929
320,10.0,24760,0.346611111111111,2476,-3.1645,77,0.1348666250705719,0.001,5939
320,10.0,24800,0.3455555555555555,2480,-3.0609999999999995,77,0.1110638976097107,0.001,5949
320,10.0,24840,0.34450000000000014,2484,-2.9290000000000003,77,0.1086573675274849,0.001,5959
320,10.0,24880,0.34344444444444433,2488,-3.0759999999999996,77,0.12626799941062927,0.001,5969
320,10.0,24920,0.34238888888888896,2492,-3.1280000000000006,77,0.10132373124361038,0.001,5979
320,10.0,24960,0.3413333333333335,2496,-3.0789999999999997,77,0.10323120653629303,0.001,5989
320,10.0,25000,0.3402777777777777,2500,-2.9950000000000006,78,0.07753117382526398,0.001,5999
320,10.0,25040,0.3392222222222222,2504,-2.9804999999999997,78,0.19020462036132812,0.001,6009
320,10.0,25080,0.33816666666666684,2508,-2.9945,78,0.105682872235775,0.001,6019
320,10.0,25120,0.33711111111111103,2512,-3.1159999999999997,78,0.14306390285491943,0.001,6029
320,10.0,25160,0.33605555555555555,2516,-3.2955,78,0.14056089520454407,0.001,6039
320,10.0,25200,0.3350000000000001,2520,-3.3235,78,0.1359073966741562,0.001,6049
319,10.0,25240,0.33394444444444427,2524,-3.35,78,0.12206041067838669,0.001,6059
319,10.0,25280,0.3328888888888889,2528,-3.222,79,0.15859708189964294,0.001,6069
319,10.0,25320,0.3318333333333334,2532,-3.255,79,0.13314823806285858,0.001,6079
319,10.0,25360,0.3307777777777776,2536,-3.276,79,0.1662936806678772,0.001,6089
318,10.0,25400,0.32972222222222214,2540,-3.2405,79,0.10434472560882568,0.001,6099
318,10.0,25440,0.3286666666666668,2544,-3.2230000000000003,79,0.12101209163665771,0.001,6109
318,10.0,25480,0.3276111111111111,2548,-3.332,79,0.12296538054943085,0.001,6119
319,10.0,25520,0.3265555555555556,2552,-3.3225000000000007,79,0.16412565112113953,0.001,6129
319,10.0,25560,0.3255000000000001,2556,-3.3224999999999993,80,0.117439404129982,0.001,6139
319,10.0,25600,0.3244444444444443,2560,-3.342,80,0.1174677163362503,0.001,6149
319,10.0,25640,0.32338888888888895,2564,-3.3524999999999996,80,0.09920680522918701,0.001,6159
319,10.0,25680,0.32233333333333347,2568,-3.3335000000000004,80,0.15969403088092804,0.001,6169
319,10.0,25720,0.321277777777778,2572,-3.3224999999999993,80,0.1501549929380417,0.001,6179
319,10.0,25760,0.3202222222222222,2576,-3.3124999999999996,80,0.13033261895179749,0.001,6189
319,10.0,25800,0.3191666666666668,2580,-3.3229999999999995,80,0.12466102093458176,0.001,6199
319,10.0,25840,0.318111111111111,2584,-3.3299999999999996,80,0.11576427519321442,0.001,6209
319,10.0,25880,0.31705555555555553,2588,-3.3020000000000005,80,0.10845517367124557,0.001,6219
319,10.0,25920,0.31600000000000006,2592,-3.24,81,0.09860263764858246,0.001,6229
319,10.0,25960,0.3149444444444447,2596,-3.2205,81,0.10713334381580353,0.001,6239
319,10.0,26000,0.3138888888888889,2600,-3.273,81,0.07947582006454468,0.001,6249
319,10.0,26040,0.3128333333333334,2604,-3.2445,81,0.09399526566267014,0.001,6259
319,10.0,26080,0.3117777777777777,2608,-3.2084999999999995,81,0.14474734663963318,0.001,6269
320,10.0,26120,0.31072222222222223,2612,-3.142,81,0.09093693643808365,0.001,6279
320,10.0,26160,0.30966666666666676,2616,-3.13,81,0.09043779969215393,0.001,6289
320,10.0,26200,0.3086111111111114,2620,-3.0755,81,0.07463033497333527,0.001,6299
320,10.0,26240,0.3075555555555556,2624,-2.8999999999999995,81,0.1039828360080719,0.001,6309
320,10.0,26280,0.3065000000000001,2628,-2.8289999999999997,82,0.0900033563375473,0.001,6319
320,10.0,26320,0.3054444444444443,2632,-2.7894999999999994,82,0.14398422837257385,0.001,6329
320,10.0,26360,0.3043888888888888,2636,-2.7635,82,0.11416664719581604,0.001,6339
320,10.0,26400,0.30333333333333345,2640,-2.7195000000000005,82,0.13998141884803772,0.001,6349
320,10.0,26440,0.302277777777778,2644,-2.7864999999999998,82,0.10762368887662888,0.001,6359
320,10.0,26480,0.30122222222222217,2648,-2.701,82,0.1936521828174591,0.001,6369
320,10.0,26520,0.3001666666666667,2652,-2.7640000000000002,82,0.10874764621257782,0.001,6379
320,10.0,26560,0.2991111111111109,2656,-2.7725,82,0.14273640513420105,0.001,6389
320,10.0,26600,0.2980555555555555,2660,-2.8005,83,0.10057573765516281,0.001,6399
319,10.0,26640,0.29700000000000004,2664,-2.7915000000000005,83,0.1061018854379654,0.001,6409
318,10.0,26680,0.29594444444444457,2668,-2.8065,83,0.16806115210056305,0.001,6419
318,10.0,26720,0.29488888888888887,2672,-2.8080000000000003,83,0.14616569876670837,0.001,6429
317,10.0,26760,0.2938333333333335,2676,-2.86,84,0.13725857436656952,0.001,6439
316,10.0,26800,0.2927777777777777,2680,-2.8245000000000005,84,0.11317138373851776,0.001,6449
315,10.0,26840,0.2917222222222222,2684,-2.8565000000000005,84,0.12129579484462738,0.001,6459
313,10.0,26880,0.29066666666666674,2688,-2.8009999999999997,85,0.10892681777477264,0.001,6469
311,10.0,26920,0.2896111111111114,2692,-2.7229999999999994,86,0.12784546613693237,0.001,6479
311,10.0,26960,0.28855555555555557,2696,-2.6575000000000006,86,0.07240466773509979,0.001,6489
310,10.0,27000,0.2875000000000001,2700,-2.623,86,0.1101653128862381,0.001,6499
309,10.0,27040,0.2864444444444443,2704,-2.7085000000000004,87,0.13237164914608002,0.001,6509
307,10.0,27080,0.2853888888888888,2708,-2.6644999999999994,87,0.10900425910949707,0.001,6519
306,10.0,27120,0.28433333333333344,2712,-2.6435000000000004,88,0.11457529664039612,0.001,6529
306,10.0,27160,0.28327777777777796,2716,-2.5450000000000004,88,0.10166652500629425,0.001,6539
306,10.0,27200,0.28222222222222215,2720,-2.553,88,0.14116758108139038,0.001,6549
306,10.0,27240,0.2811666666666667,2724,-2.6814999999999998,88,0.16527938842773438,0.001,6559
306,10.0,27280,0.280111111111111,2728,-2.7119999999999993,89,0.13663195073604584,0.001,6569
306,10.0,27320,0.2790555555555555,2732,-2.7834999999999996,89,0.09161777049303055,0.001,6579
306,10.0,27360,0.27800000000000014,2736,-2.7634999999999996,89,0.1108461245894432,0.001,6589
306,10.0,27400,0.27694444444444466,2740,-2.758000000000001,89,0.0877482071518898,0.001,6599
306,10.0,27440,0.27588888888888885,2744,-2.6374999999999993,89,0.10853365063667297,0.001,6609
306,10.0,27480,0.2748333333333334,2748,-2.66,89,0.13024018704891205,0.001,6619
306,10.0,27520,0.27377777777777756,2752,-2.6329999999999996,89,0.16179661452770233,0.001,6629
306,10.0,27560,0.2727222222222222,2756,-2.5789999999999997,89,0.1290818601846695,0.001,6639
306,10.0,27600,0.2716666666666667,2760,-2.5425,90,0.11689939349889755,0.001,6649
306,10.0,27640,0.27061111111111125,2764,-2.4965,90,0.1111176460981369,0.001,6659
306,10.0,27680,0.26955555555555544,2768,-2.5425,90,0.13768550753593445,0.001,6669
306,10.0,27720,0.26850000000000007,2772,-2.559,90,0.12233477830886841,0.001,6679
307,10.0,27760,0.26744444444444426,2776,-2.534,90,0.11427794396877289,0.001,6689
307,10.0,27800,0.2663888888888888,2780,-2.5845,90,0.09082379937171936,0.001,6699
307,10.0,27840,0.2653333333333333,2784,-2.5415,90,0.09216009825468063,0.001,6709
307,10.0,27880,0.26427777777777794,2788,-2.432,90,0.11076629161834717,0.001,6719
307,10.0,27920,0.26322222222222225,2792,-2.4770000000000003,90,0.15111058950424194,0.001,6729
307,10.0,27960,0.26216666666666677,2796,-2.5115,90,0.11393224447965622,0.001,6739
307,10.0,28000,0.26111111111111096,2800,-2.427,91,0.11699780076742172,0.001,6749
307,10.0,28040,0.2600555555555555,2804,-2.2514999999999996,91,0.12023809552192688,0.001,6759
307,10.0,28080,0.2590000000000001,2808,-2.2119999999999997,91,0.08870519697666168,0.001,6769
307,10.0,28120,0.25794444444444464,2812,-2.268,91,0.09456204622983932,0.001,6779
307,10.0,28160,0.25688888888888883,2816,-2.4000000000000004,91,0.13731613755226135,0.001,6789
307,10.0,28200,0.25583333333333336,2820,-2.49,91,0.1381991058588028,0.001,6799
307,10.0,28240,0.25477777777777755,2824,-2.434,91,0.1286986619234085,0.001,6809
307,10.0,28280,0.2537222222222222,2828,-2.438,91,0.13920891284942627,0.001,6819
307,10.0,28320,0.2526666666666667,2832,-2.4395000000000002,92,0.0968807190656662,0.001,6829
307,10.0,28360,0.25161111111111123,2836,-2.3865000000000003,92,0.11288314312696457,0.001,6839
307,10.0,28400,0.2505555555555554,2840,-2.349,92,0.13365718722343445,0.001,6849
307,10.0,28440,0.24950000000000006,2844,-2.3925,92,0.10422822088003159,0.001,6859
307,10.0,28480,0.24844444444444425,2848,-2.4125,92,0.14473222196102142,0.001,6869
307,10.0,28520,0.24738888888888888,2852,-2.2969999999999997,92,0.16715256869792938,0.001,6879
307,10.0,28560,0.2463333333333334,2856,-2.315,92,0.11577247828245163,0.001,6889
307,10.0,28600,0.24527777777777793,2860,-2.3164999999999996,93,0.09964490681886673,0.001,6899
307,10.0,28640,0.24422222222222212,2864,-2.408,93,0.12505285441875458,0.001,6909
307,10.0,28680,0.24316666666666675,2868,-2.3634999999999997,93,0.11509115993976593,0.001,6919
307,10.0,28720,0.24211111111111094,2872,-2.4025,93,0.10966868698596954,0.001,6929
307,10.0,28760,0.24105555555555547,2876,-2.3729999999999998,93,0.14207622408866882,0.001,6939
307,10.0,28800,0.24,2880,-2.397,93,0.07860659807920456,0.001,6949
307,10.0,28840,0.23894444444444463,2884,-2.4595,93,0.12698596715927124,0.001,6959
307,10.0,28880,0.23788888888888882,2888,-2.4705,93,0.17775678634643555,0.001,6969
307,10.0,28920,0.23683333333333334,2892,-2.4779999999999998,94,0.1305254101753235,0.001,6979
307,10.0,28960,0.23577777777777753,2896,-2.6634999999999995,94,0.11358919739723206,0.001,6989
307,10.0,29000,0.23472222222222205,2900,-2.7735,94,0.09448029845952988,0.001,6999
307,10.0,29040,0.2336666666666667,2904,-2.9219999999999993,94,0.16733017563819885,0.001,7009
307,10.0,29080,0.2326111111111112,2908,-3.0285,94,0.12327162176370621,0.001,7019
307,10.0,29120,0.23155555555555551,2912,-3.0115,94,0.13522863388061523,0.001,7029
308,10.0,29160,0.23050000000000004,2916,-3.0145,94,0.13287505507469177,0.001,7039
308,10.0,29200,0.22944444444444423,2920,-3.0669999999999997,94,0.0861324742436409,0.001,7049
308,10.0,29240,0.22838888888888886,2924,-3.073,94,0.09335336089134216,0.001,7059
308,10.0,29280,0.2273333333333334,2928,-3.0955,94,0.13499541580677032,0.001,7069
308,10.0,29320,0.2262777777777779,2932,-3.069000000000001,95,0.14533601701259613,0.001,7079
308,10.0,29360,0.2252222222222221,2936,-3.1289999999999996,95,0.15074273943901062,0.001,7089
308,10.0,29400,0.22416666666666674,2940,-3.2464999999999997,95,0.10988660156726837,0.001,7099
308,10.0,29440,0.22311111111111126,2944,-3.263500000000001,95,0.09089981019496918,0.001,7109
309,10.0,29480,0.22205555555555545,2948,-3.1505000000000005,95,0.07383561879396439,0.001,7119
309,10.0,29520,0.22099999999999997,2952,-3.3289999999999997,95,0.15776832401752472,0.001,7129
309,10.0,29560,0.2199444444444446,2956,-3.3734999999999995,95,0.12794455885887146,0.001,7139
309,10.0,29600,0.2188888888888888,2960,-3.4915,95,0.196952685713768,0.001,7149
309,10.0,29640,0.21783333333333332,2964,-3.4435000000000002,95,0.10500271618366241,0.001,7159
309,10.0,29680,0.21677777777777785,2968,-3.4244999999999988,95,0.17858649790287018,0.001,7169
309,10.0,29720,0.21572222222222215,2972,-3.370999999999999,96,0.10227154195308685,0.001,7179
309,10.0,29760,0.21466666666666667,2976,-3.4019999999999997,96,0.09205664694309235,0.001,7189
309,10.0,29800,0.2136111111111113,2980,-3.3349999999999995,96,0.13555514812469482,0.001,7199
309,10.0,29840,0.2125555555555555,2984,-3.3255,96,0.09115814417600632,0.001,7209
309,10.0,29880,0.21150000000000002,2988,-3.3324999999999996,96,0.16047082841396332,0.001,7219
309,10.0,29920,0.21044444444444455,2992,-3.3924999999999996,96,0.13854749500751495,0.001,7229
310,10.0,29960,0.20938888888888874,2996,-3.329,96,0.15314894914627075,0.001,7239
310,10.0,30000,0.20833333333333337,3000,-3.2664999999999993,96,0.10082736611366272,0.001,7249
310,10.0,30040,0.2072777777777779,3004,-3.2509999999999994,96,0.10135197639465332,0.001,7259
310,10.0,30080,0.20622222222222242,3008,-3.2135000000000002,96,0.1681087166070938,0.001,7269
310,10.0,30120,0.2051666666666666,3012,-3.2375,97,0.1226373091340065,0.001,7279
310,10.0,30160,0.2041111111111108,3016,-3.1814999999999998,97,0.1390928030014038,0.001,7289
310,10.0,30200,0.20305555555555543,3020,-2.9520000000000004,97,0.13937489688396454,0.001,7299
310,10.0,30240,0.20199999999999996,3024,-2.9315,97,0.11178170889616013,0.001,7309
310,10.0,30280,0.20094444444444448,3028,-2.9530000000000003,97,0.12332531064748764,0.001,7319
311,10.0,30320,0.19988888888888912,3032,-2.9095000000000004,97,0.10110050439834595,0.001,7329
311,10.0,30360,0.19883333333333342,3036,-2.8025,97,0.17610475420951843,0.001,7339
311,10.0,30400,0.1977777777777776,3040,-2.7845,97,0.11824511736631393,0.001,7349
311,10.0,30440,0.19672222222222213,3044,-2.8134999999999994,97,0.10692445933818817,0.001,7359
311,10.0,30480,0.19566666666666666,3048,-2.8194999999999997,97,0.1482347995042801,0.001,7369
311,10.0,30520,0.1946111111111113,3052,-2.7340000000000004,97,0.13479232788085938,0.001,7379
311,10.0,30560,0.1935555555555558,3056,-2.6225000000000005,98,0.08007653802633286,0.001,7389
311,10.0,30600,0.1925,3060,-2.5135,98,0.10173659771680832,0.001,7399
311,10.0,30640,0.1914444444444442,3064,-2.482,98,0.11512143909931183,0.001,7409
311,10.0,30680,0.19038888888888872,3068,-2.4930000000000003,98,0.14144392311573029,0.001,7419
312,10.0,30720,0.18933333333333335,3072,-2.4844999999999997,98,0.20065326988697052,0.001,7429
312,10.0,30760,0.18827777777777788,3076,-2.5119999999999996,98,0.13351279497146606,0.001,7439
312,10.0,30800,0.1872222222222224,3080,-2.502,98,0.12308858335018158,0.001,7449
312,10.0,30840,0.1861666666666666,3084,-2.4225,98,0.13037081062793732,0.001,7459
312,10.0,30880,0.1851111111111109,3088,-2.5305,98,0.14328008890151978,0.001,7469
312,10.0,30920,0.18405555555555542,3092,-2.35,98,0.1320265680551529,0.001,7479
312,10.0,30960,0.18300000000000005,3096,-2.2504999999999997,99,0.13171879947185516,0.001,7489
312,10.0,31000,0.18194444444444458,3100,-2.3215,99,0.1450139433145523,0.001,7499
312,10.0,31040,0.1808888888888891,3104,-2.3415,99,0.1105688065290451,0.001,7509
312,10.0,31080,0.1798333333333333,3108,-2.2880000000000003,99,0.11229299008846283,0.001,7519
312,10.0,31120,0.17877777777777748,3112,-2.2245,99,0.11689866334199905,0.001,7529
312,10.0,31160,0.17772222222222211,3116,-2.218,99,0.12996691465377808,0.001,7539
312,10.0,31200,0.17666666666666664,3120,-2.4245,99,0.0995650589466095,0.001,7549
312,10.0,31240,0.17561111111111116,3124,-2.5945,100,0.1425999104976654,0.001,7559
311,10.0,31280,0.1745555555555558,3128,-2.5284999999999997,100,0.16384373605251312,0.001,7569
311,10.0,31320,0.1735,3132,-2.531,100,0.12922608852386475,0.001,7579
311,10.0,31360,0.1724444444444445,3136,-2.5824999999999996,100,0.12684226036071777,0.001,7589
311,10.0,31400,0.1713888888888887,3140,-2.5509999999999997,100,0.1264452040195465,0.001,7599
311,10.0,31440,0.17033333333333323,3144,-2.4939999999999998,100,0.12007269263267517,0.001,7609
311,10.0,31480,0.16927777777777786,3148,-2.6049999999999995,101,0.1327211856842041,0.001,7619
310,10.0,31520,0.16822222222222238,3152,-2.6470000000000002,101,0.11469332873821259,0.001,7629
310,10.0,31560,0.16716666666666669,3156,-2.7385,101,0.18824756145477295,0.001,7639
310,10.0,31600,0.1661111111111111,3160,-2.9155000000000006,101,0.16269303858280182,0.001,7649
310,10.0,31640,0.1650555555555553,3164,-2.9995000000000003,101,0.15468350052833557,0.001,7659
310,10.0,31680,0.16399999999999992,3168,-3.085,102,0.11087627708911896,0.001,7669
310,10.0,31720,0.16294444444444445,3172,-3.0695000000000006,102,0.11818143725395203,0.001,7679
310,10.0,31760,0.16188888888888897,3176,-3.0410000000000004,102,0.10726348310709,0.001,7689
310,10.0,31800,0.16083333333333338,3180,-3.0980000000000003,102,0.10816993564367294,0.001,7699
310,10.0,31840,0.1597777777777779,3184,-3.222,102,0.07859119772911072,0.001,7709
310,10.0,31880,0.1587222222222221,3188,-3.1740000000000004,102,0.08135504275560379,0.001,7719
309,10.0,31920,0.15766666666666673,3192,-3.276,103,0.1336018145084381,0.001,7729
309,10.0,31960,0.15661111111111126,3196,-3.2799999999999994,103,0.10455027222633362,0.001,7739
309,10.0,32000,0.15555555555555578,3200,-3.282,103,0.10950583964586258,0.001,7749
309,10.0,32040,0.15449999999999997,3204,-3.2414999999999994,103,0.17712433636188507,0.001,7759
309,10.0,32080,0.1534444444444446,3208,-3.3135000000000003,103,0.18899066746234894,0.001,7769
309,10.0,32120,0.1523888888888888,3212,-3.3369999999999993,103,0.07069725543260574,0.001,7779
309,10.0,32160,0.15133333333333332,3216,-3.5084999999999997,103,0.1129283532500267,0.001,7789
309,10.0,32200,0.15027777777777784,3220,-3.4909999999999997,104,0.12105659395456314,0.001,7799
309,10.0,32240,0.14922222222222248,3224,-3.4129999999999994,104,0.1168428510427475,0.001,7809
309,10.0,32280,0.14816666666666667,3228,-3.4249999999999994,104,0.10924863815307617,0.001,7819
309,10.0,32320,0.1471111111111112,3232,-3.5004999999999997,104,0.126018226146698,0.001,7829
309,10.0,32360,0.14605555555555538,3236,-3.57,104,0.0900915265083313,0.001,7839
309,10.0,32400,0.1449999999999999,3240,-3.6434999999999995,104,0.07828649133443832,0.001,7849
309,10.0,32440,0.14394444444444454,3244,-3.8024999999999993,104,0.10812398791313171,0.001,7859
309,10.0,32480,0.14288888888888907,3248,-3.869000000000001,104,0.13139165937900543,0.001,7869
310,10.0,32520,0.14183333333333326,3252,-3.9295,104,0.12113751471042633,0.001,7879
310,10.0,32560,0.14077777777777778,3256,-3.8999999999999995,105,0.11306794732809067,0.001,7889
310,10.0,32600,0.13972222222222197,3260,-3.741999999999999,105,0.1260218322277069,0.001,7899
310,10.0,32640,0.1386666666666666,3264,-3.781999999999999,105,0.10342490673065186,0.001,7909
310,10.0,32680,0.13761111111111113,3268,-3.5679999999999996,105,0.14470228552818298,0.001,7919
310,10.0,32720,0.13655555555555565,3272,-3.5835000000000004,105,0.14126524329185486,0.001,7929
310,10.0,32760,0.13549999999999984,3276,-3.5880000000000005,105,0.11793626099824905,0.001,7939
310,10.0,32800,0.13444444444444448,3280,-3.5655,105,0.10456264019012451,0.001,7949
310,10.0,32840,0.13338888888888867,3284,-3.5355000000000003,105,0.101590096950531,0.001,7959
310,10.0,32880,0.1323333333333332,3288,-3.5285,105,0.1463809311389923,0.001,7969
310,10.0,32920,0.13127777777777772,3292,-3.5105,105,0.1300439089536667,0.001,7979
310,10.0,32960,0.13022222222222235,3296,-3.4824999999999995,106,0.10671958327293396,0.001,7989
310,10.0,33000,0.12916666666666665,3300,-3.4595000000000002,106,0.14394696056842804,0.001,7999
310,10.0,33040,0.1281111111111113,3304,-3.631499999999999,106,0.127911776304245,0.001,8009
310,10.0,33080,0.12705555555555548,3308,-3.6299999999999994,106,0.14073173701763153,0.001,8019
310,10.0,33120,0.126,3312,-3.6520000000000006,106,0.19068263471126556,0.001,8029
310,10.0,33160,0.12494444444444452,3316,-3.3935000000000004,106,0.10325806587934494,0.001,8039
310,10.0,33200,0.12388888888888916,3320,-3.2679999999999993,106,0.1395571529865265,0.001,8049
310,10.0,33240,0.12283333333333335,3324,-3.1779999999999995,106,0.12193633615970612,0.001,8059
310,10.0,33280,0.12177777777777787,3328,-3.1805000000000003,107,0.10953344404697418,0.001,8069
310,10.0,33320,0.12072222222222206,3332,-3.1014999999999993,107,0.16397997736930847,0.001,8079
310,10.0,33360,0.11966666666666659,3336,-3.0929999999999995,107,0.15770462155342102,0.001,8089
310,10.0,33400,0.11861111111111122,3340,-3.0409999999999995,107,0.11850663274526596,0.001,8099
310,10.0,33440,0.11755555555555575,3344,-2.9349999999999996,107,0.07883909344673157,0.001,8109
310,10.0,33480,0.11649999999999994,3348,-2.9194999999999998,107,0.11034734547138214,0.001,8119
310,10.0,33520,0.11544444444444446,3352,-2.7239999999999998,107,0.14943738281726837,0.001,8129
310,10.0,33560,0.11438888888888865,3356,-2.665,108,0.1303653120994568,0.001,8139
310,10.0,33600,0.11333333333333329,3360,-2.6914999999999996,108,0.10415036231279373,0.001,8149
310,10.0,33640,0.11227777777777781,3364,-2.6775,108,0.15198758244514465,0.001,8159
310,10.0,33680,0.11122222222222233,3368,-2.906,108,0.11910134553909302,0.001,8169
310,10.0,33720,0.11016666666666652,3372,-2.8254999999999995,108,0.10637524724006653,0.001,8179
310,10.0,33760,0.10911111111111116,3376,-2.687,108,0.10319061577320099,0.001,8189
310,10.0,33800,0.10805555555555535,3380,-2.7104999999999997,108,0.14322640001773834,0.001,8199
310,10.0,33840,0.10699999999999987,3384,-2.7415,109,0.1665019989013672,0.001,8209
309,10.0,33880,0.1059444444444444,3388,-2.8194999999999997,109,0.13462086021900177,0.001,8219
309,10.0,33920,0.10488888888888903,3392,-2.8755,109,0.10211887210607529,0.001,8229
309,10.0,33960,0.10383333333333356,3396,-2.9700000000000006,109,0.12597675621509552,0.001,8239
309,10.0,34000,0.10277777777777775,3400,-2.8275,109,0.08388394117355347,0.001,8249
310,10.0,34040,0.10172222222222194,3404,-2.667,109,0.16685044765472412,0.001,8259
310,10.0,34080,0.10066666666666646,3408,-2.6525,109,0.14601938426494598,0.001,8269
310,10.0,34120,0.0996111111111111,3412,-2.6325,110,0.14014960825443268,0.001,8279
310,10.0,34160,0.09855555555555562,3416,-2.7179999999999995,110,0.13653400540351868,0.001,8289
310,10.0,34200,0.09750000000000014,3420,-2.7705,110,0.08833160996437073,0.001,8299
310,10.0,34240,0.09644444444444455,3424,-2.7980000000000005,110,0.1713014841079712,0.001,8309
309,10.0,34280,0.09538888888888875,3428,-2.9360000000000004,110,0.0819021612405777,0.001,8319
309,10.0,34320,0.09433333333333327,3432,-3.0065,110,0.10455972701311111,0.001,8329
310,10.0,34360,0.0932777777777779,3436,-3.048,110,0.09880359470844269,0.001,8339
310,10.0,34400,0.09222222222222243,3440,-3.0490000000000004,110,0.10493765026330948,0.001,8349
310,10.0,34440,0.09116666666666695,3444,-3.085,111,0.12811914086341858,0.001,8359
310,10.0,34480,0.09011111111111114,3448,-2.9755000000000003,111,0.11661553382873535,0.001,8369
310,10.0,34520,0.08905555555555533,3452,-3.1834999999999996,111,0.19830316305160522,0.001,8379
310,10.0,34560,0.08799999999999997,3456,-3.2944999999999998,111,0.15842080116271973,0.001,8389
310,10.0,34600,0.08694444444444449,3460,-3.1395000000000004,111,0.1695883870124817,0.001,8399
310,10.0,34640,0.08588888888888901,3464,-2.989,111,0.09823556244373322,0.001,8409
310,10.0,34680,0.08483333333333365,3468,-2.8305000000000007,111,0.16206318140029907,0.001,8419
310,10.0,34720,0.08377777777777784,3472,-2.9114999999999993,111,0.11386629939079285,0.001,8429
310,10.0,34760,0.08272222222222203,3476,-2.9569999999999994,112,0.11934197694063187,0.001,8439
310,10.0,34800,0.08166666666666655,3480,-2.9049999999999994,112,0.09779255092144012,0.001,8449
310,10.0,34840,0.08061111111111108,3484,-2.8089999999999993,112,0.09075700491666794,0.001,8459
310,10.0,34880,0.07955555555555571,3488,-2.6565,112,0.11976605653762817,0.001,8469
310,10.0,34920,0.07850000000000024,3492,-2.7035,112,0.10652538388967514,0.001,8479
310,10.0,34960,0.07744444444444443,3496,-2.6489999999999996,112,0.1347699910402298,0.001,8489
310,10.0,35000,0.07638888888888862,3500,-2.7705,112,0.1221754178404808,0.001,8499
310,10.0,35040,0.07533333333333314,3504,-2.7784999999999997,112,0.14066678285598755,0.001,8509
310,10.0,35080,0.07427777777777778,3508,-2.827,113,0.11029625684022903,0.001,8519
310,10.0,35120,0.0732222222222223,3512,-2.9440000000000004,113,0.1162683367729187,0.001,8529
310,10.0,35160,0.07216666666666682,3516,-2.8995000000000006,113,0.1201838031411171,0.001,8539
310,10.0,35200,0.07111111111111101,3520,-2.85,113,0.11906993389129639,0.001,8549
310,10.0,35240,0.0700555555555552,3524,-2.945,113,0.13488264381885529,0.001,8559
310,10.0,35280,0.06899999999999984,3528,-2.9024999999999994,113,0.08440569788217545,0.001,8569
310,10.0,35320,0.06794444444444436,3532,-2.8849999999999993,113,0.18641695380210876,0.001,8579
310,10.0,35360,0.06688888888888889,3536,-2.8145,113,0.08705411851406097,0.001,8589
310,10.0,35400,0.06583333333333352,3540,-2.8245,113,0.08847370743751526,0.001,8599
310,10.0,35440,0.06477777777777782,3544,-2.7569999999999997,114,0.11435363441705704,0.001,8609
310,10.0,35480,0.06372222222222201,3548,-2.8684999999999996,114,0.11086224019527435,0.001,8619
310,10.0,35520,0.06266666666666665,3552,-2.7510000000000003,114,0.09775939583778381,0.001,8629
310,10.0,35560,0.06161111111111117,3556,-2.673,114,0.17712131142616272,0.001,8639
310,10.0,35600,0.060555555555555696,3560,-2.8034999999999997,114,0.14868415892124176,0.001,8649
310,10.0,35640,0.05950000000000033,3564,-2.841,114,0.1062866598367691,0.001,8659
310,10.0,35680,0.05844444444444452,3568,-2.9309999999999996,114,0.1463685929775238,0.001,8669
310,10.0,35720,0.05738888888888871,3572,-2.9395000000000007,115,0.11447234451770782,0.001,8679
309,10.0,35760,0.056333333333333235,3576,-2.98,115,0.08067771792411804,0.001,8689
309,10.0,35800,0.05527777777777776,3580,-2.9699999999999993,115,0.09774676710367203,0.001,8699
309,10.0,35840,0.054222222222222394,3584,-2.9805,115,0.06107579916715622,0.001,8709
308,10.0,35880,0.05316666666666692,3588,-2.9925,116,0.12038710713386536,0.001,8719
308,10.0,35920,0.05211111111111111,3592,-3.0384999999999995,116,0.17223365604877472,0.001,8729
308,10.0,35960,0.0510555555555553,3596,-3.182,116,0.12833501398563385,0.001,8739
308,10.0,36000,0.05,3600,-3.2099999999999995,116,0.10048109292984009,0.001,8749
308,10.0,36040,0.05,3604,-3.1985,116,0.1464388072490692,0.001,8759
307,10.0,36080,0.05,3608,-3.1405000000000003,117,0.1209886446595192,0.001,8769
307,10.0,36120,0.05,3612,-3.0575,117,0.15186500549316406,0.001,8779
307,10.0,36160,0.05,3616,-3.1079999999999997,117,0.09280262142419815,0.001,8789
307,10.0,36200,0.05,3620,-3.1290000000000004,117,0.10839833319187164,0.001,8799
307,10.0,36240,0.05,3624,-3.0495,117,0.11028216779232025,0.001,8809
306,10.0,36280,0.05,3628,-2.9410000000000003,118,0.13073943555355072,0.001,8819
306,10.0,36320,0.05,3632,-2.951,118,0.09101175516843796,0.001,8829
306,10.0,36360,0.05,3636,-3.0409999999999995,118,0.12914204597473145,0.001,8839
306,10.0,36400,0.05,3640,-3.0334999999999996,118,0.13596439361572266,0.001,8849
306,10.0,36440,0.05,3644,-3.1545,118,0.11120056360960007,0.001,8859
306,10.0,36480,0.05,3648,-3.0910000000000006,119,0.07924693077802658,0.001,8869
306,10.0,36520,0.05,3652,-3.0285,119,0.13723067939281464,0.001,8879
305,10.0,36560,0.05,3656,-2.9684999999999997,119,0.1308748424053192,0.001,8889
305,10.0,36600,0.05,3660,-2.9105000000000003,119,0.07194124162197113,0.001,8899
305,10.0,36640,0.05,3664,-2.9079999999999995,120,0.09571603685617447,0.001,8909
305,10.0,36680,0.05,3668,-2.846000000000001,120,0.0998159721493721,0.001,8919
305,10.0,36720,0.05,3672,-2.7779999999999996,120,0.10684763640165329,0.001,8929
305,10.0,36760,0.05,3676,-2.7925,120,0.12466110289096832,0.001,8939
305,10.0,36800,0.05,3680,-2.7354999999999996,120,0.11573826521635056,0.001,8949
305,10.0,36840,0.05,3684,-2.7985,120,0.11423459649085999,0.001,8959
305,10.0,36880,0.05,3688,-2.85,120,0.1489134281873703,0.001,8969
305,10.0,36920,0.05,3692,-2.7464999999999997,120,0.1101447343826294,0.001,8979
305,10.0,36960,0.05,3696,-2.6004999999999994,120,0.09884220361709595,0.001,8989
305,10.0,37000,0.05,3700,-2.6189999999999998,121,0.0911269336938858,0.001,8999
305,10.0,37040,0.05,3704,-2.5729999999999995,121,0.10445325076580048,0.001,9009
305,10.0,37080,0.05,3708,-2.6259999999999994,121,0.09905657917261124,0.001,9019
305,10.0,37120,0.05,3712,-2.5815,121,0.10847744345664978,0.001,9029
305,10.0,37160,0.05,3716,-2.508,121,0.10159014910459518,0.001,9039
305,10.0,37200,0.05,3720,-2.451,121,0.08597446233034134,0.001,9049
305,10.0,37240,0.05,3724,-2.5364999999999998,121,0.1542893499135971,0.001,9059
305,10.0,37280,0.05,3728,-2.5069999999999997,121,0.09610949456691742,0.001,9069
305,10.0,37320,0.05,3732,-2.3364999999999996,122,0.10941825062036514,0.001,9079
305,10.0,37360,0.05,3736,-2.1935,122,0.13611270487308502,0.001,9089
305,10.0,37400,0.05,3740,-2.165,122,0.12447497248649597,0.001,9099
305,10.0,37440,0.05,3744,-2.1395,122,0.13757996261119843,0.001,9109
305,10.0,37480,0.05,3748,-2.1504999999999996,122,0.15105322003364563,0.001,9119
305,10.0,37520,0.05,3752,-2.1845,122,0.10336808860301971,0.001,9129
305,10.0,37560,0.05,3756,-2.2560000000000002,122,0.13373741507530212,0.001,9139
306,10.0,37600,0.05,3760,-2.3485,122,0.1276131272315979,0.001,9149
305,10.0,37640,0.05,3764,-2.404,123,0.12476880103349686,0.001,9159
305,10.0,37680,0.05,3768,-2.4445,123,0.12875723838806152,0.001,9169
305,10.0,37720,0.05,3772,-2.4720000000000004,123,0.12093958258628845,0.001,9179
305,10.0,37760,0.05,3776,-2.4370000000000003,123,0.09058785438537598,0.001,9189
305,10.0,37800,0.05,3780,-2.4810000000000003,123,0.1091419979929924,0.001,9199
305,10.0,37840,0.05,3784,-2.3689999999999998,123,0.11740869283676147,0.001,9209
305,10.0,37880,0.05,3788,-2.3114999999999997,123,0.12636755406856537,0.001,9219
305,10.0,37920,0.05,3792,-2.216,123,0.10945425927639008,0.001,9229
305,10.0,37960,0.05,3796,-2.241,124,0.11605355888605118,0.001,9239
305,10.0,38000,0.05,3800,-2.1955,124,0.15372219681739807,0.001,9249
305,10.0,38040,0.05,3804,-2.1925,124,0.12363451719284058,0.001,9259
305,10.0,38080,0.05,3808,-2.0295,124,0.12264110147953033,0.001,9269
305,10.0,38120,0.05,3812,-1.9574999999999998,124,0.1290457397699356,0.001,9279
305,10.0,38160,0.05,3816,-1.9340000000000002,124,0.1561027318239212,0.001,9289
305,10.0,38200,0.05,3820,-1.9909999999999997,124,0.1070251390337944,0.001,9299
305,10.0,38240,0.05,3824,-1.8185000000000002,125,0.09709356725215912,0.001,9309
305,10.0,38280,0.05,3828,-1.7915,125,0.11116468906402588,0.001,9319
305,10.0,38320,0.05,3832,-1.8714999999999997,125,0.10283657163381577,0.001,9329
306,10.0,38360,0.05,3836,-1.8749999999999998,125,0.11797225475311279,0.001,9339
306,10.0,38400,0.05,3840,-1.8185,125,0.08007640391588211,0.001,9349
306,10.0,38440,0.05,3844,-1.7124999999999997,125,0.1178920790553093,0.001,9359
306,10.0,38480,0.05,3848,-1.6734999999999993,125,0.09804508835077286,0.001,9369
306,10.0,38520,0.05,3852,-1.6874999999999998,125,0.1345483958721161,0.001,9379
306,10.0,38560,0.05,3856,-1.7359999999999998,125,0.14131201803684235,0.001,9389
306,10.0,38600,0.05,3860,-1.6365000000000003,126,0.1653500646352768,0.001,9399
306,10.0,38640,0.05,3864,-1.5929999999999995,126,0.10250021517276764,0.001,9409
306,10.0,38680,0.05,3868,-1.5135000000000003,126,0.14487922191619873,0.001,9419
306,10.0,38720,0.05,3872,-1.5635000000000003,126,0.09442243725061417,0.001,9429
306,10.0,38760,0.05,3876,-1.5375000000000003,126,0.16330024600028992,0.001,9439
306,10.0,38800,0.05,3880,-1.5520000000000003,126,0.1008123904466629,0.001,9449
306,10.0,38840,0.05,3884,-1.5014999999999998,126,0.1446177065372467,0.001,9459
306,10.0,38880,0.05,3888,-1.4939999999999998,126,0.1089417040348053,0.001,9469
306,10.0,38920,0.05,3892,-1.5520000000000003,127,0.15172389149665833,0.001,9479
306,10.0,38960,0.05,3896,-1.521,127,0.11144599318504333,0.001,9489
306,10.0,39000,0.05,3900,-1.4594999999999998,127,0.12222133576869965,0.001,9499
306,10.0,39040,0.05,3904,-1.5245,127,0.1296311616897583,0.001,9509
306,10.0,39080,0.05,3908,-1.6575,127,0.10057985037565231,0.001,9519
306,10.0,39120,0.05,3912,-1.7685,127,0.11237052083015442,0.001,9529
306,10.0,39160,0.05,3916,-1.7404999999999995,127,0.11935839056968689,0.001,9539
306,10.0,39200,0.05,3920,-1.666,127,0.12649784982204437,0.001,9549
306,10.0,39240,0.05,3924,-1.7715,127,0.13794678449630737,0.001,9559
306,10.0,39280,0.05,3928,-1.8295000000000001,128,0.11935634911060333,0.001,9569
306,10.0,39320,0.05,3932,-1.882,128,0.14764398336410522,0.001,9579
306,10.0,39360,0.05,3936,-1.8619999999999997,128,0.15327636897563934,0.001,9589
306,10.0,39400,0.05,3940,-1.8954999999999995,128,0.09095285087823868,0.001,9599
306,10.0,39440,0.05,3944,-1.7820000000000003,128,0.09368239343166351,0.001,9609
306,10.0,39480,0.05,3948,-1.7045000000000001,128,0.07292674481868744,0.001,9619
306,10.0,39520,0.05,3952,-1.787,128,0.10957653820514679,0.001,9629
306,10.0,39560,0.05,3956,-1.6625,128,0.1326347142457962,0.001,9639
306,10.0,39600,0.05,3960,-1.6860000000000002,128,0.11395401507616043,0.001,9649
306,10.0,39640,0.05,3964,-1.6684999999999999,129,0.09618501365184784,0.001,9659
307,10.0,39680,0.05,3968,-1.6384999999999998,129,0.11418652534484863,0.001,9669
307,10.0,39720,0.05,3972,-1.5155,129,0.15144479274749756,0.001,9679
307,10.0,39760,0.05,3976,-1.5570000000000002,129,0.1046900749206543,0.001,9689
307,10.0,39800,0.05,3980,-1.5160000000000002,129,0.14797687530517578,0.001,9699
307,10.0,39840,0.05,3984,-1.5840000000000003,129,0.10910625755786896,0.001,9709
307,10.0,39880,0.05,3988,-1.5094999999999998,129,0.08106471598148346,0.001,9719
307,10.0,39920,0.05,3992,-1.452,129,0.11802460253238678,0.001,9729
307,10.0,39960,0.05,3996,-1.4044999999999999,129,0.10960281640291214,0.001,9739
307,10.0,40000,0.05,4000,-1.3939999999999997,130,0.10853873193264008,0.001,9749
307,10.0,40040,0.05,4004,-1.3334999999999997,130,0.10983036458492279,0.001,9759
307,10.0,40080,0.05,4008,-1.3004999999999998,130,0.0719008594751358,0.001,9769
307,10.0,40120,0.05,4012,-1.2205,130,0.12493346631526947,0.001,9779
307,10.0,40160,0.05,4016,-1.2655,130,0.07601812481880188,0.001,9789
307,10.0,40200,0.05,4020,-1.3129999999999997,130,0.12233556807041168,0.001,9799
308,10.0,40240,0.05,4024,-1.2735,130,0.10728998482227325,0.001,9809
308,10.0,40280,0.05,4028,-1.3065,130,0.12460178881883621,0.001,9819
308,10.0,40320,0.05,4032,-1.2115,130,0.15097621083259583,0.001,9829
307,10.0,40360,0.05,4036,-1.322,131,0.10954224318265915,0.001,9839
307,10.0,40400,0.05,4040,-1.2595,131,0.09880058467388153,0.001,9849
307,10.0,40440,0.05,4044,-1.3359999999999999,131,0.09959470480680466,0.001,9859
306,10.0,40480,0.05,4048,-1.3790000000000004,131,0.12930358946323395,0.001,9869
306,10.0,40520,0.05,4052,-1.291,132,0.12877948582172394,0.001,9879
306,10.0,40560,0.05,4056,-1.331,132,0.10894625633955002,0.001,9889
306,10.0,40600,0.05,4060,-1.3535,132,0.08369839936494827,0.001,9899
306,10.0,40640,0.05,4064,-1.3630000000000002,132,0.12302679568529129,0.001,9909
306,10.0,40680,0.05,4068,-1.3685000000000003,132,0.09109123051166534,0.001,9919
306,10.0,40720,0.05,4072,-1.425,132,0.11149521172046661,0.001,9929
306,10.0,40760,0.05,4076,-1.4375,132,0.10923053324222565,0.001,9939
306,10.0,40800,0.05,4080,-1.5599999999999996,132,0.09895312041044235,0.001,9949
306,10.0,40840,0.05,4084,-1.6575,133,0.11654704809188843,0.001,9959
306,10.0,40880,0.05,4088,-1.7965000000000004,133,0.12550053000450134,0.001,9969
306,10.0,40920,0.05,4092,-1.8780000000000001,133,0.09233902394771576,0.001,9979
306,10.0,40960,0.05,4096,-1.9415,133,0.11613267660140991,0.001,9989
306,10.0,41000,0.05,4100,-1.9380000000000004,133,0.08996845036745071,0.001,9999
306,10.0,41040,0.05,4104,-1.909,134,0.13821589946746826,0.001,10009
306,10.0,41080,0.05,4108,-1.9905000000000002,134,0.10719580948352814,0.001,10019
306,10.0,41120,0.05,4112,-1.977,134,0.11427131295204163,0.001,10029
306,10.0,41160,0.05,4116,-2.0035,134,0.15362302958965302,0.001,10039
306,10.0,41200,0.05,4120,-1.97,134,0.07087056338787079,0.001,10049
306,10.0,41240,0.05,4124,-1.9980000000000002,134,0.11054332554340363,0.001,10059
306,10.0,41280,0.05,4128,-1.9655,134,0.10676309466362,0.001,10069
306,10.0,41320,0.05,4132,-2.0325,134,0.08577054738998413,0.001,10079
305,10.0,41360,0.05,4136,-1.911,135,0.10778383165597916,0.001,10089
305,10.0,41400,0.05,4140,-1.9105,135,0.09707341343164444,0.001,10099
305,10.0,41440,0.05,4144,-1.909,135,0.09555140882730484,0.001,10109
305,10.0,41480,0.05,4148,-1.8969999999999996,135,0.10535837709903717,0.001,10119
305,10.0,41520,0.05,4152,-1.8704999999999998,135,0.1196063905954361,0.001,10129
305,10.0,41560,0.05,4156,-1.874,135,0.10149508714675903,0.001,10139
305,10.0,41600,0.05,4160,-1.8035000000000003,135,0.1061004102230072,0.001,10149
306,10.0,41640,0.05,4164,-1.7690000000000001,136,0.09500599652528763,0.001,10159
306,10.0,41680,0.05,4168,-1.7785,136,0.11180579662322998,0.001,10169
306,10.0,41720,0.05,4172,-1.7469999999999999,136,0.10853631794452667,0.001,10179
306,10.0,41760,0.05,4176,-1.6540000000000001,136,0.12360306829214096,0.001,10189
306,10.0,41800,0.05,4180,-1.5259999999999996,136,0.09384549409151077,0.001,10199
306,10.0,41840,0.05,4184,-1.395,136,0.11600872874259949,0.001,10209
306,10.0,41880,0.05,4188,-1.391,136,0.12110795080661774,0.001,10219
306,10.0,41920,0.05,4192,-1.2699999999999996,136,0.08389465510845184,0.001,10229
306,10.0,41960,0.05,4196,-1.2245000000000001,136,0.09501242637634277,0.001,10239
306,10.0,42000,0.05,4200,-1.372,136,0.11775606125593185,0.001,10249
306,10.0,42040,0.05,4204,-1.4129999999999998,137,0.1137198954820633,0.001,10259
306,10.0,42080,0.05,4208,-1.319,137,0.09990887343883514,0.001,10269
306,10.0,42120,0.05,4212,-1.2785,137,0.10279171168804169,0.001,10279
307,10.0,42160,0.05,4216,-1.1615,137,0.07597316056489944,0.001,10289
307,10.0,42200,0.05,4220,-1.1605,137,0.11952760070562363,0.001,10299
307,10.0,42240,0.05,4224,-1.041,137,0.09025246649980545,0.001,10309
307,10.0,42280,0.05,4228,-0.961,137,0.12927930057048798,0.001,10319
307,10.0,42320,0.05,4232,-0.9784999999999999,137,0.10906106233596802,0.001,10329
307,10.0,42360,0.05,4236,-0.8799999999999999,137,0.10489201545715332,0.001,10339
307,10.0,42400,0.05,4240,-0.8729999999999998,137,0.1022646427154541,0.001,10349
307,10.0,42440,0.05,4244,-0.8205,137,0.0775911957025528,0.001,10359
307,10.0,42480,0.05,4248,-0.7525,138,0.10603828728199005,0.001,10369
307,10.0,42520,0.05,4252,-0.7045000000000001,138,0.11507217586040497,0.001,10379
307,10.0,42560,0.05,4256,-0.649,138,0.13419601321220398,0.001,10389
307,10.0,42600,0.05,4260,-0.6325,138,0.1290748417377472,0.001,10399
307,10.0,42640,0.05,4264,-0.5880000000000001,138,0.13692812621593475,0.001,10409
307,10.0,42680,0.05,4268,-0.6495000000000001,138,0.11334335803985596,0.001,10419
307,10.0,42720,0.05,4272,-0.6090000000000001,138,0.09963709115982056,0.001,10429
308,10.0,42760,0.05,4276,-0.6160000000000001,138,0.09674911201000214,0.001,10439
308,10.0,42800,0.05,4280,-0.602,138,0.10806574672460556,0.001,10449
308,10.0,42840,0.05,4284,-0.53,139,0.11335813999176025,0.001,10459
308,10.0,42880,0.05,4288,-0.4825,139,0.0983489602804184,0.001,10469
308,10.0,42920,0.05,4292,-0.5575000000000001,139,0.11933187395334244,0.001,10479
308,10.0,42960,0.05,4296,-0.5295000000000001,139,0.09439700096845627,0.001,10489
308,10.0,43000,0.05,4300,-0.39099999999999996,139,0.13119986653327942,0.001,10499
308,10.0,43040,0.05,4304,-0.36450000000000005,139,0.13262727856636047,0.001,10509
308,10.0,43080,0.05,4308,-0.31549999999999995,139,0.11409372091293335,0.001,10519
308,10.0,43120,0.05,4312,-0.353,139,0.1358492374420166,0.001,10529
308,10.0,43160,0.05,4316,-0.47900000000000004,139,0.10113826394081116,0.001,10539
308,10.0,43200,0.05,4320,-0.44650000000000006,139,0.09380074590444565,0.001,10549
308,10.0,43240,0.05,4324,-0.5185,140,0.08302982151508331,0.001,10559
308,10.0,43280,0.05,4328,-0.5375,140,0.1524738222360611,0.001,10569
308,10.0,43320,0.05,4332,-0.4784999999999999,140,0.09466177970170975,0.001,10579
308,10.0,43360,0.05,4336,-0.708,140,0.15133258700370789,0.001,10589
308,10.0,43400,0.05,4340,-0.7799999999999998,140,0.11130661517381668,0.001,10599
308,10.0,43440,0.05,4344,-0.8214999999999999,140,0.10878363251686096,0.001,10609
308,10.0,43480,0.05,4348,-0.8584999999999999,140,0.09921199083328247,0.001,10619
308,10.0,43520,0.05,4352,-0.81,141,0.08281897008419037,0.001,10629
308,10.0,43560,0.05,4356,-0.804,141,0.08459823578596115,0.001,10639
308,10.0,43600,0.05,4360,-0.8495,141,0.1210545152425766,0.001,10649
308,10.0,43640,0.05,4364,-0.8614999999999999,141,0.11928342282772064,0.001,10659
308,10.0,43680,0.05,4368,-0.7955,141,0.0943724513053894,0.001,10669
308,10.0,43720,0.05,4372,-0.8025,141,0.09893160313367844,0.001,10679
308,10.0,43760,0.05,4376,-0.7474999999999998,141,0.11042073369026184,0.001,10689
308,10.0,43800,0.05,4380,-0.7624999999999997,141,0.1365949660539627,0.001,10699
308,10.0,43840,0.05,4384,-0.8910000000000001,141,0.12102216482162476,0.001,10709
308,10.0,43880,0.05,4388,-0.7944999999999999,142,0.09653107076883316,0.001,10719
308,10.0,43920,0.05,4392,-0.8205000000000001,142,0.11767677217721939,0.001,10729
309,10.0,43960,0.05,4396,-0.8504999999999999,142,0.1306050419807434,0.001,10739
308,10.0,44000,0.05,4400,-0.9255000000000001,142,0.1311480700969696,0.001,10749
308,10.0,44040,0.05,4404,-0.9070000000000001,142,0.09442153573036194,0.001,10759
308,10.0,44080,0.05,4408,-0.9145000000000003,142,0.12722349166870117,0.001,10769
308,10.0,44120,0.05,4412,-0.8485,142,0.12073440104722977,0.001,10779
308,10.0,44160,0.05,4416,-0.7334999999999999,143,0.08218652755022049,0.001,10789
308,10.0,44200,0.05,4420,-0.7439999999999999,143,0.09158175438642502,0.001,10799
308,10.0,44240,0.05,4424,-0.654,143,0.13109278678894043,0.001,10809
308,10.0,44280,0.05,4428,-0.6315,143,0.09216899424791336,0.001,10819
309,10.0,44320,0.05,4432,-0.5219999999999999,143,0.08679905533790588,0.001,10829
309,10.0,44360,0.05,4436,-0.40849999999999986,143,0.08606631308794022,0.001,10839
309,10.0,44400,0.05,4440,-0.3464999999999999,143,0.12024906277656555,0.001,10849
309,10.0,44440,0.05,4444,-0.3389999999999999,143,0.11509675532579422,0.001,10859
309,10.0,44480,0.05,4448,-0.25999999999999995,143,0.09343694895505905,0.001,10869
308,10.0,44520,0.05,4452,-0.20700000000000002,144,0.07468459010124207,0.001,10879
308,10.0,44560,0.05,4456,-0.193,144,0.08356189727783203,0.001,10889
309,10.0,44600,0.05,4460,-0.12749999999999997,144,0.08179311454296112,0.001,10899
308,10.0,44640,0.05,4464,-0.18949999999999995,144,0.13745971024036407,0.001,10909
308,10.0,44680,0.05,4468,-0.142,144,0.07090099155902863,0.001,10919
308,10.0,44720,0.05,4472,-0.20749999999999993,145,0.1059882640838623,0.001,10929
307,10.0,44760,0.05,4476,-0.25799999999999995,145,0.10096465051174164,0.001,10939
307,10.0,44800,0.05,4480,-0.28850000000000003,145,0.09966307878494263,0.001,10949
307,10.0,44840,0.05,4484,-0.264,146,0.11356297135353088,0.001,10959
306,10.0,44880,0.05,4488,-0.3889999999999999,146,0.07680366933345795,0.001,10969
306,10.0,44920,0.05,4492,-0.24749999999999994,146,0.06565386056900024,0.001,10979
306,10.0,44960,0.05,4496,-0.2569999999999999,146,0.08084839582443237,0.001,10989
306,10.0,45000,0.05,4500,-0.16449999999999998,146,0.07523228973150253,0.001,10999
306,10.0,45040,0.05,4504,-0.18899999999999997,147,0.09682424366474152,0.001,11009
305,10.0,45080,0.05,4508,-0.11649999999999996,147,0.12288012355566025,0.001,11019
305,10.0,45120,0.05,4512,-0.138,147,0.15975674986839294,0.001,11029
303,10.0,45160,0.05,4516,-0.16750000000000004,148,0.09024938941001892,0.001,11039
303,10.0,45200,0.05,4520,-0.254,148,0.09991169720888138,0.001,11049
303,10.0,45240,0.05,4524,-0.3035,149,0.08198756724596024,0.001,11059
303,10.0,45280,0.05,4528,-0.415,149,0.11395374685525894,0.001,11069
303,10.0,45320,0.05,4532,-0.45949999999999996,149,0.10290293395519257,0.001,11079
302,10.0,45360,0.05,4536,-0.505,149,0.11730340123176575,0.001,11089
302,10.0,45400,0.05,4540,-0.5175,150,0.14603449404239655,0.001,11099
301,10.0,45440,0.05,4544,-0.5195000000000001,150,0.11209214478731155,0.001,11109
301,10.0,45480,0.05,4548,-0.5585,150,0.13960854709148407,0.001,11119
301,10.0,45520,0.05,4552,-0.8114999999999999,150,0.09602503478527069,0.001,11129
301,10.0,45560,0.05,4556,-0.9609999999999999,150,0.12648408114910126,0.001,11139
301,10.0,45600,0.05,4560,-1.0829999999999997,151,0.09380655735731125,0.001,11149
301,10.0,45640,0.05,4564,-1.043,151,0.08158062398433685,0.001,11159
301,10.0,45680,0.05,4568,-1.133,151,0.09286676347255707,0.001,11169
301,10.0,45720,0.05,4572,-1.1675,151,0.08317875117063522,0.001,11179
301,10.0,45760,0.05,4576,-1.202,151,0.08993053436279297,0.001,11189
301,10.0,45800,0.05,4580,-1.1875000000000002,151,0.10987760126590729,0.001,11199
301,10.0,45840,0.05,4584,-1.1905,151,0.1135382354259491,0.001,11209
301,10.0,45880,0.05,4588,-1.2045000000000001,152,0.114784374833107,0.001,11219
301,10.0,45920,0.05,4592,-1.2500000000000002,152,0.09991755336523056,0.001,11229
301,10.0,45960,0.05,4596,-1.206,152,0.1017928197979927,0.001,11239
301,10.0,46000,0.05,4600,-1.1349999999999996,152,0.09579509496688843,0.001,11249
301,10.0,46040,0.05,4604,-1.0495,152,0.10601932555437088,0.001,11259
301,10.0,46080,0.05,4608,-1.0955,153,0.0873531624674797,0.001,11269
301,10.0,46120,0.05,4612,-1.1525,153,0.12326845526695251,0.001,11279
301,10.0,46160,0.05,4616,-1.214,153,0.1052003726363182,0.001,11289
301,10.0,46200,0.05,4620,-1.0294999999999999,153,0.10178404301404953,0.001,11299
301,10.0,46240,0.05,4624,-1.088,153,0.1218908503651619,0.001,11309
300,10.0,46280,0.05,4628,-0.9850000000000001,153,0.07154864072799683,0.001,11319
300,10.0,46320,0.05,4632,-1.028,154,0.09514836221933365,0.001,11329
300,10.0,46360,0.05,4636,-0.9109999999999998,154,0.0713515356183052,0.001,11339
300,10.0,46400,0.05,4640,-0.9849999999999999,154,0.08940506726503372,0.001,11349
300,10.0,46440,0.05,4644,-1.0889999999999997,154,0.09669750183820724,0.001,11359
300,10.0,46480,0.05,4648,-1.202,154,0.10363398492336273,0.001,11369
300,10.0,46520,0.05,4652,-1.0835,155,0.12025345116853714,0.001,11379
300,10.0,46560,0.05,4656,-0.9294999999999998,155,0.07994972169399261,0.001,11389
300,10.0,46600,0.05,4660,-0.809,155,0.11751691997051239,0.001,11399
299,10.0,46640,0.05,4664,-0.7979999999999999,155,0.09524696320295334,0.001,11409
299,10.0,46680,0.05,4668,-0.8525000000000001,155,0.12861818075180054,0.001,11419
299,10.0,46720,0.05,4672,-0.7770000000000001,155,0.11342170834541321,0.001,11429
299,10.0,46760,0.05,4676,-0.7619999999999999,156,0.10228757560253143,0.001,11439
299,10.0,46800,0.05,4680,-0.8105,156,0.09324167668819427,0.001,11449
299,10.0,46840,0.05,4684,-0.9064999999999999,156,0.10307304561138153,0.001,11459
299,10.0,46880,0.05,4688,-0.8884999999999998,156,0.09622887521982193,0.001,11469
299,10.0,46920,0.05,4692,-0.9439999999999997,156,0.09152205288410187,0.001,11479
299,10.0,46960,0.05,4696,-1.0729999999999997,156,0.1331338733434677,0.001,11489
299,10.0,47000,0.05,4700,-1.1844999999999999,156,0.09604545682668686,0.001,11499
299,10.0,47040,0.05,4704,-1.3089999999999997,157,0.10193595290184021,0.001,11509
299,10.0,47080,0.05,4708,-1.3375000000000004,157,0.12404096126556396,0.001,11519
299,10.0,47120,0.05,4712,-1.3650000000000002,157,0.09799883514642715,0.001,11529
299,10.0,47160,0.05,4716,-1.3565,157,0.09604132920503616,0.001,11539
299,10.0,47200,0.05,4720,-1.4894999999999996,157,0.0754779502749443,0.001,11549
299,10.0,47240,0.05,4724,-1.477,157,0.09730961173772812,0.001,11559
299,10.0,47280,0.05,4728,-1.525,157,0.10886657238006592,0.001,11569
299,10.0,47320,0.05,4732,-1.5250000000000004,157,0.07237076014280319,0.001,11579
299,10.0,47360,0.05,4736,-1.5914999999999997,158,0.12339810281991959,0.001,11589
299,10.0,47400,0.05,4740,-1.551,158,0.11589063704013824,0.001,11599
299,10.0,47440,0.05,4744,-1.4585,158,0.11289076507091522,0.001,11609
299,10.0,47480,0.05,4748,-1.3440000000000003,158,0.09913234412670135,0.001,11619
299,10.0,47520,0.05,4752,-1.367,158,0.11288515478372574,0.001,11629
299,10.0,47560,0.05,4756,-1.3845,158,0.0969364121556282,0.001,11639
299,10.0,47600,0.05,4760,-1.3189999999999997,158,0.0922127440571785,0.001,11649
299,10.0,47640,0.05,4764,-1.2839999999999998,159,0.09206902980804443,0.001,11659
299,10.0,47680,0.05,4768,-1.223,159,0.12409650534391403,0.001,11669
299,10.0,47720,0.05,4772,-1.214,159,0.09282580763101578,0.001,11679
299,10.0,47760,0.05,4776,-1.3625000000000003,159,0.10839222371578217,0.001,11689
299,10.0,47800,0.05,4780,-1.3459999999999999,159,0.15178769826889038,0.001,11699
299,10.0,47840,0.05,4784,-1.1845,159,0.12807144224643707,0.001,11709
299,10.0,47880,0.05,4788,-1.0495,159,0.08452734351158142,0.001,11719
299,10.0,47920,0.05,4792,-1.151,159,0.08194106817245483,0.001,11729
299,10.0,47960,0.05,4796,-1.099,160,0.1054915338754654,0.001,11739
299,10.0,48000,0.05,4800,-1.1165,160,0.147821307182312,0.001,11749
299,10.0,48040,0.05,4804,-1.0325,160,0.0831584632396698,0.001,11759
299,10.0,48080,0.05,4808,-1.0640000000000003,160,0.11364394426345825,0.001,11769
299,10.0,48120,0.05,4812,-1.121,160,0.11885251104831696,0.001,11779
299,10.0,48160,0.05,4816,-1.1440000000000001,161,0.05985972285270691,0.001,11789
298,10.0,48200,0.05,4820,-1.0310000000000001,161,0.09847480058670044,0.001,11799
298,10.0,48240,0.05,4824,-1.013,161,0.137735977768898,0.001,11809
298,10.0,48280,0.05,4828,-1.055,161,0.08048618584871292,0.001,11819
298,10.0,48320,0.05,4832,-1.0265,161,0.11884226649999619,0.001,11829
298,10.0,48360,0.05,4836,-1.0115,161,0.10779066383838654,0.001,11839
298,10.0,48400,0.05,4840,-0.9060000000000001,162,0.07608600705862045,0.001,11849
298,10.0,48440,0.05,4844,-0.9935,162,0.176809623837471,0.001,11859
298,10.0,48480,0.05,4848,-0.9995,162,0.10010156780481339,0.001,11869
298,10.0,48520,0.05,4852,-0.9714999999999999,162,0.18264001607894897,0.001,11879
298,10.0,48560,0.05,4856,-0.9655,162,0.13625672459602356,0.001,11889
298,10.0,48600,0.05,4860,-1.122,162,0.1607125699520111,0.001,11899
298,10.0,48640,0.05,4864,-1.2945,163,0.16086745262145996,0.001,11909
297,10.0,48680,0.05,4868,-1.2355,163,0.11376490443944931,0.001,11919
297,10.0,48720,0.05,4872,-1.2710000000000001,163,0.16546493768692017,0.001,11929
297,10.0,48760,0.05,4876,-1.214,164,0.13896602392196655,0.001,11939
296,10.0,48800,0.05,4880,-1.2625,164,0.12971702218055725,0.001,11949
296,10.0,48840,0.05,4884,-1.4680000000000002,164,0.06480316817760468,0.001,11959
296,10.0,48880,0.05,4888,-1.6104999999999998,164,0.12642177939414978,0.001,11969
296,10.0,48920,0.05,4892,-1.5505000000000002,165,0.11377600580453873,0.001,11979
295,10.0,48960,0.05,4896,-1.5729999999999995,165,0.09575225412845612,0.001,11989
295,10.0,49000,0.05,4900,-1.5939999999999999,165,0.1335204839706421,0.001,11999
295,10.0,49040,0.05,4904,-1.7079999999999997,166,0.12704668939113617,0.001,12009
294,10.0,49080,0.05,4908,-1.665,166,0.1381535679101944,0.001,12019
294,10.0,49120,0.05,4912,-1.5454999999999999,166,0.08331097662448883,0.001,12029
294,10.0,49160,0.05,4916,-1.5630000000000002,167,0.08378201723098755,0.001,12039
294,10.0,49200,0.05,4920,-1.6684999999999999,167,0.16898629069328308,0.001,12049
293,10.0,49240,0.05,4924,-1.6710000000000003,167,0.1329670548439026,0.001,12059
293,10.0,49280,0.05,4928,-1.6375,167,0.11001361161470413,0.001,12069
293,10.0,49320,0.05,4932,-1.7205000000000001,168,0.18888399004936218,0.001,12079
293,10.0,49360,0.05,4936,-1.7594999999999998,168,0.10299069434404373,0.001,12089
293,10.0,49400,0.05,4940,-1.9105,168,0.08539678901433945,0.001,12099
293,10.0,49440,0.05,4944,-1.9425000000000003,168,0.09327422082424164,0.001,12109
292,10.0,49480,0.05,4948,-1.9045,168,0.08291220664978027,0.001,12119
292,10.0,49520,0.05,4952,-1.977,169,0.1459604948759079,0.001,12129
292,10.0,49560,0.05,4956,-2.0555000000000003,169,0.1760546714067459,0.001,12139
292,10.0,49600,0.05,4960,-1.9785000000000001,169,0.09066282957792282,0.001,12149
292,10.0,49640,0.05,4964,-1.7930000000000001,169,0.2488287389278412,0.001,12159
292,10.0,49680,0.05,4968,-1.7630000000000001,169,0.07438770681619644,0.001,12169
292,10.0,49720,0.05,4972,-1.778,170,0.19606995582580566,0.001,12179
292,10.0,49760,0.05,4976,-1.8279999999999998,170,0.11107176542282104,0.001,12189
292,10.0,49800,0.05,4980,-1.8055,170,0.17451903223991394,0.001,12199
292,10.0,49840,0.05,4984,-1.6815,170,0.13592709600925446,0.001,12209
292,10.0,49880,0.05,4988,-1.7109999999999996,170,0.1368444859981537,0.001,12219
292,10.0,49920,0.05,4992,-1.7575,170,0.27529847621917725,0.001,12229
292,10.0,49960,0.05,4996,-1.6695,171,0.20347757637500763,0.001,12239
292,10.0,50000,0.05,5000,-1.5849999999999997,171,0.18937046825885773,0.001,12249
291,10.0,50040,0.05,5004,-1.4739999999999998,171,0.1133606880903244,0.001,12259
291,10.0,50080,0.05,5008,-1.6640000000000001,171,0.15098103880882263,0.001,12269
291,10.0,50120,0.05,5012,-1.7655,171,0.2249799221754074,0.001,12279
291,10.0,50160,0.05,5016,-1.7505000000000004,172,0.10666473954916,0.001,12289
291,10.0,50200,0.05,5020,-1.8135000000000003,172,0.11044438183307648,0.001,12299
291,10.0,50240,0.05,5024,-1.9144999999999999,172,0.13376712799072266,0.001,12309
291,10.0,50280,0.05,5028,-1.9500000000000002,172,0.13995768129825592,0.001,12319
291,10.0,50320,0.05,5032,-1.9355000000000002,172,0.08629897236824036,0.001,12329
291,10.0,50360,0.05,5036,-1.9204999999999999,172,0.19210369884967804,0.001,12339
291,10.0,50400,0.05,5040,-1.8569999999999995,173,0.1031324714422226,0.001,12349
291,10.0,50440,0.05,5044,-1.7609999999999997,173,0.07841813564300537,0.001,12359
291,10.0,50480,0.05,5048,-1.876,173,0.11479218304157257,0.001,12369
291,10.0,50520,0.05,5052,-1.7965,173,0.16499276459217072,0.001,12379
291,10.0,50560,0.05,5056,-1.7400000000000002,173,0.21841877698898315,0.001,12389
290,10.0,50600,0.05,5060,-1.8085,173,0.19616234302520752,0.001,12399
290,10.0,50640,0.05,5064,-1.7954999999999999,174,0.36182722449302673,0.001,12409
290,10.0,50680,0.05,5068,-1.9140000000000001,174,0.1161951944231987,0.001,12419
290,10.0,50720,0.05,5072,-1.9495000000000002,174,0.12264302372932434,0.001,12429
290,10.0,50760,0.05,5076,-1.9815,174,0.10865398496389389,0.001,12439
290,10.0,50800,0.05,5080,-1.9494999999999998,174,0.0983768105506897,0.001,12449
290,10.0,50840,0.05,5084,-1.8875,175,0.13459274172782898,0.001,12459
290,10.0,50880,0.05,5088,-1.7674999999999996,175,0.09717044234275818,0.001,12469
290,10.0,50920,0.05,5092,-1.6329999999999996,175,0.18125414848327637,0.001,12479
290,10.0,50960,0.05,5096,-1.6825,175,0.1314087063074112,0.001,12489
290,10.0,51000,0.05,5100,-1.7184999999999997,175,0.06594692170619965,0.001,12499
290,10.0,51040,0.05,5104,-1.7414999999999998,175,0.11805938929319382,0.001,12509
290,10.0,51080,0.05,5108,-1.6904999999999994,176,0.10257966816425323,0.001,12519
290,10.0,51120,0.05,5112,-1.6749999999999998,176,0.17078007757663727,0.001,12529
290,10.0,51160,0.05,5116,-1.6589999999999998,176,0.10758492350578308,0.001,12539
290,10.0,51200,0.05,5120,-1.56,176,0.11844513565301895,0.001,12549
289,10.0,51240,0.05,5124,-1.44,176,0.1548040211200714,0.001,12559
289,10.0,51280,0.05,5128,-1.3984999999999996,176,0.0803942084312439,0.001,12569
289,10.0,51320,0.05,5132,-1.5375,177,0.1436167061328888,0.001,12579
289,10.0,51360,0.05,5136,-1.6769999999999998,177,0.11498839408159256,0.001,12589
289,10.0,51400,0.05,5140,-1.7394999999999998,177,0.10396934300661087,0.001,12599
289,10.0,51440,0.05,5144,-1.7670000000000001,177,0.11416813731193542,0.001,12609
289,10.0,51480,0.05,5148,-1.6290000000000004,177,0.2210945338010788,0.001,12619
289,10.0,51520,0.05,5152,-1.6025,178,0.09737227857112885,0.001,12629
289,10.0,51560,0.05,5156,-1.619,178,0.184295192360878,0.001,12639
289,10.0,51600,0.05,5160,-1.5200000000000002,178,0.109819196164608,0.001,12649
289,10.0,51640,0.05,5164,-1.5635000000000003,178,0.21410992741584778,0.001,12659
289,10.0,51680,0.05,5168,-1.4985,178,0.21905255317687988,0.001,12669
289,10.0,51720,0.05,5172,-1.3925,178,0.12318801879882812,0.001,12679
289,10.0,51760,0.05,5176,-1.2514999999999998,178,0.10691055655479431,0.001,12689
288,10.0,51800,0.05,5180,-1.204,179,0.11553529649972916,0.001,12699
288,10.0,51840,0.05,5184,-1.307,179,0.11197364330291748,0.001,12709
288,10.0,51880,0.05,5188,-1.4184999999999999,180,0.10357256978750229,0.001,12719
287,10.0,51920,0.05,5192,-1.5635,180,0.12065263092517853,0.001,12729
286,10.0,51960,0.05,5196,-1.6684999999999999,181,0.16359056532382965,0.001,12739
286,10.0,52000,0.05,5200,-1.6769999999999998,181,0.1858215630054474,0.001,12749
285,10.0,52040,0.05,5204,-1.7979999999999998,182,0.12920108437538147,0.001,12759
285,10.0,52080,0.05,5208,-1.7745000000000002,182,0.15917366743087769,0.001,12769
284,10.0,52120,0.05,5212,-1.7229999999999999,182,0.23415397107601166,0.001,12779
280,10.0,52160,0.05,5216,-1.7614999999999998,185,0.13616961240768433,0.001,12789
280,10.0,52200,0.05,5220,-1.723,186,0.20289281010627747,0.001,12799
280,10.0,52240,0.05,5224,-1.7474999999999996,186,0.16077883541584015,0.001,12809
279,10.0,52280,0.05,5228,-1.8130000000000002,186,0.14831918478012085,0.001,12819
279,10.0,52320,0.05,5232,-1.645,187,0.12920580804347992,0.001,12829
279,10.0,52360,0.05,5236,-1.4929999999999999,187,0.1974829137325287,0.001,12839
279,10.0,52400,0.05,5240,-1.5214999999999999,187,0.13728570938110352,0.001,12849
279,10.0,52440,0.05,5244,-1.4565000000000003,187,0.11917077004909515,0.001,12859
279,10.0,52480,0.05,5248,-1.5735,187,0.2599976360797882,0.001,12869
279,10.0,52520,0.05,5252,-1.6529999999999998,187,0.2419823408126831,0.001,12879
279,10.0,52560,0.05,5256,-1.5879999999999999,188,0.17671597003936768,0.001,12889
279,10.0,52600,0.05,5260,-1.6914999999999998,188,0.10666041076183319,0.001,12899
279,10.0,52640,0.05,5264,-1.795,188,0.09267932921648026,0.001,12909
279,10.0,52680,0.05,5268,-1.8170000000000002,188,0.257018119096756,0.001,12919
279,10.0,52720,0.05,5272,-1.933,188,0.14420652389526367,0.001,12929
279,10.0,52760,0.05,5276,-2.0545,188,0.08025088906288147,0.001,12939
279,10.0,52800,0.05,5280,-2.129,189,0.1236131340265274,0.001,12949
279,10.0,52840,0.05,5284,-2.046,189,0.08202433586120605,0.001,12959
279,10.0,52880,0.05,5288,-1.9665000000000001,189,0.10104013979434967,0.001,12969
279,10.0,52920,0.05,5292,-1.946,189,0.14740735292434692,0.001,12979
279,10.0,52960,0.05,5296,-1.8195,189,0.12231354415416718,0.001,12989
279,10.0,53000,0.05,5300,-1.9225000000000003,189,0.09938102960586548,0.001,12999
279,10.0,53040,0.05,5304,-1.9054999999999995,189,0.16968023777008057,0.001,13009
279,10.0,53080,0.05,5308,-1.9479999999999997,190,0.15281526744365692,0.001,13019
278,10.0,53120,0.05,5312,-2.0645000000000002,190,0.1160929724574089,0.001,13029
278,10.0,53160,0.05,5316,-2.0265,190,0.08652044087648392,0.001,13039
278,10.0,53200,0.05,5320,-2.1255000000000006,190,0.14167144894599915,0.001,13049
278,10.0,53240,0.05,5324,-2.1535,191,0.1936740279197693,0.001,13059
278,10.0,53280,0.05,5328,-2.1765,191,0.18079669773578644,0.001,13069
278,10.0,53320,0.05,5332,-2.0999999999999996,191,0.16823571920394897,0.001,13079
278,10.0,53360,0.05,5336,-2.1485000000000003,191,0.19909842312335968,0.001,13089
278,10.0,53400,0.05,5340,-2.1390000000000002,191,0.15403863787651062,0.001,13099
278,10.0,53440,0.05,5344,-2.2245,191,0.2194691151380539,0.001,13109
278,10.0,53480,0.05,5348,-2.1875000000000004,192,0.09735727310180664,0.001,13119
278,10.0,53520,0.05,5352,-2.1870000000000003,192,0.09977715462446213,0.001,13129
278,10.0,53560,0.05,5356,-2.2735000000000003,192,0.074302539229393,0.001,13139
278,10.0,53600,0.05,5360,-2.24,192,0.1351432204246521,0.001,13149
277,10.0,53640,0.05,5364,-2.1585,193,0.10341119021177292,0.001,13159
277,10.0,53680,0.05,5368,-2.1945,193,0.10968093574047089,0.001,13169
277,10.0,53720,0.05,5372,-2.1135,193,0.16163501143455505,0.001,13179
277,10.0,53760,0.05,5376,-1.9909999999999999,193,0.20415043830871582,0.001,13189
277,10.0,53800,0.05,5380,-2.0244999999999997,194,0.10909994691610336,0.001,13199
277,10.0,53840,0.05,5384,-2.0185000000000004,194,0.11139334738254547,0.001,13209
276,10.0,53880,0.05,5388,-2.0799999999999996,194,0.1768495887517929,0.001,13219
276,10.0,53920,0.05,5392,-2.0154999999999994,194,0.17335787415504456,0.001,13229
276,10.0,53960,0.05,5396,-2.016,194,0.08886432647705078,0.001,13239
276,10.0,54000,0.05,5400,-1.9580000000000002,195,0.10603152215480804,0.001,13249
275,10.0,54040,0.05,5404,-1.9105,195,0.10973766446113586,0.001,13259
275,10.0,54080,0.05,5408,-1.8090000000000002,196,0.09347760677337646,0.001,13269
275,10.0,54120,0.05,5412,-1.8230000000000004,196,0.19298769533634186,0.001,13279
275,10.0,54160,0.05,5416,-1.8975,196,0.09018085151910782,0.001,13289
274,10.0,54200,0.05,5420,-2.0855,197,0.09181178361177444,0.001,13299
274,10.0,54240,0.05,5424,-2.1865,197,0.09759986400604248,0.001,13309
274,10.0,54280,0.05,5428,-2.3120000000000003,197,0.12662406265735626,0.001,13319
274,10.0,54320,0.05,5432,-2.380000000000001,198,0.12809444963932037,0.001,13329
273,10.0,54360,0.05,5436,-2.3935,198,0.11725474148988724,0.001,13339
273,10.0,54400,0.05,5440,-2.2935,198,0.0965195745229721,0.001,13349
273,10.0,54440,0.05,5444,-2.2915,199,0.13184721767902374,0.001,13359
273,10.0,54480,0.05,5448,-2.3675,199,0.13117669522762299,0.001,13369
272,10.0,54520,0.05,5452,-2.3289999999999997,199,0.19028589129447937,0.001,13379
272,10.0,54560,0.05,5456,-2.2675,200,0.3174639344215393,0.001,13389
272,10.0,54600,0.05,5460,-2.3605,200,0.1098519116640091,0.001,13399
272,10.0,54640,0.05,5464,-2.3520000000000003,200,0.15965498983860016,0.001,13409
272,10.0,54680,0.05,5468,-2.4800000000000004,200,0.12809300422668457,0.001,13419
272,10.0,54720,0.05,5472,-2.5749999999999993,200,0.36735716462135315,0.001,13429
272,10.0,54760,0.05,5476,-2.6559999999999997,200,0.09219561517238617,0.001,13439
272,10.0,54800,0.05,5480,-2.5640000000000005,200,0.29520732164382935,0.001,13449
272,10.0,54840,0.05,5484,-2.621000000000001,201,0.16936776041984558,0.001,13459
272,10.0,54880,0.05,5488,-2.66,201,0.1384097933769226,0.001,13469
272,10.0,54920,0.05,5492,-2.647,201,0.0948137566447258,0.001,13479
272,10.0,54960,0.05,5496,-2.6109999999999998,201,0.13525056838989258,0.001,13489
272,10.0,55000,0.05,5500,-2.6240000000000006,201,0.2676111161708832,0.001,13499
272,10.0,55040,0.05,5504,-2.6294999999999997,201,0.11573192477226257,0.001,13509
272,10.0,55080,0.05,5508,-2.693999999999999,201,0.23598743975162506,0.001,13519
272,10.0,55120,0.05,5512,-2.6625,201,0.3380046784877777,0.001,13529
272,10.0,55160,0.05,5516,-2.533,202,0.09324624389410019,0.001,13539
273,10.0,55200,0.05,5520,-2.37,202,0.24413810670375824,0.001,13549
273,10.0,55240,0.05,5524,-2.267,202,0.15268446505069733,0.001,13559
273,10.0,55280,0.05,5528,-2.052,202,0.11261515319347382,0.001,13569
273,10.0,55320,0.05,5532,-2.022,202,0.14501461386680603,0.001,13579
273,10.0,55360,0.05,5536,-2.0519999999999996,202,0.14576344192028046,0.001,13589
273,10.0,55400,0.05,5540,-2.0575,202,0.11887792497873306,0.001,13599
273,10.0,55440,0.05,5544,-2.0289999999999995,203,0.4020916819572449,0.001,13609
273,10.0,55480,0.05,5548,-1.9760000000000002,203,0.10697442293167114,0.001,13619
273,10.0,55520,0.05,5552,-2.0315,203,0.2270318865776062,0.001,13629
273,10.0,55560,0.05,5556,-2.146,203,0.10335072875022888,0.001,13639
272,10.0,55600,0.05,5560,-2.0705,204,0.1184900775551796,0.001,13649
271,10.0,55640,0.05,5564,-2.0490000000000004,204,0.08983954787254333,0.001,13659
271,10.0,55680,0.05,5568,-2.0149999999999997,204,0.20952145755290985,0.001,13669
271,10.0,55720,0.05,5572,-1.9100000000000004,205,0.23143279552459717,0.001,13679
271,10.0,55760,0.05,5576,-1.8025,205,0.12309615314006805,0.001,13689
271,10.0,55800,0.05,5580,-1.8535,205,0.12295873463153839,0.001,13699
271,10.0,55840,0.05,5584,-1.749,205,0.17673809826374054,0.001,13709
271,10.0,55880,0.05,5588,-1.7199999999999998,205,0.21815815567970276,0.001,13719
271,10.0,55920,0.05,5592,-1.722,206,0.1159578263759613,0.001,13729
271,10.0,55960,0.05,5596,-1.8234999999999997,206,0.12711232900619507,0.001,13739
271,10.0,56000,0.05,5600,-1.8205,206,0.22951166331768036,0.001,13749
271,10.0,56040,0.05,5604,-1.7785,206,0.15979818999767303,0.001,13759
271,10.0,56080,0.05,5608,-1.7974999999999997,206,0.11468496173620224,0.001,13769
271,10.0,56120,0.05,5612,-1.6794999999999995,206,0.0728207379579544,0.001,13779
271,10.0,56160,0.05,5616,-1.706,206,0.1767781674861908,0.001,13789
271,10.0,56200,0.05,5620,-1.7050000000000005,206,0.27462756633758545,0.001,13799
271,10.0,56240,0.05,5624,-1.652,207,0.15003256499767303,0.001,13809
271,10.0,56280,0.05,5628,-1.6130000000000002,207,0.08905153721570969,0.001,13819
271,10.0,56320,0.05,5632,-1.58,207,0.3154529333114624,0.001,13829
271,10.0,56360,0.05,5636,-1.4974999999999996,207,0.10036912560462952,0.001,13839
271,10.0,56400,0.05,5640,-1.6054999999999995,207,0.27782192826271057,0.001,13849
271,10.0,56440,0.05,5644,-1.5399999999999998,208,0.1698174625635147,0.001,13859
271,10.0,56480,0.05,5648,-1.4485,208,0.5014433860778809,0.001,13869
271,10.0,56520,0.05,5652,-1.3864999999999998,208,0.16272412240505219,0.001,13879
271,10.0,56560,0.05,5656,-1.3259999999999998,208,0.1643771380186081,0.001,13889
270,10.0,56600,0.05,5660,-1.2879999999999998,208,0.27898281812667847,0.001,13899
270,10.0,56640,0.05,5664,-1.3090000000000002,209,0.14676816761493683,0.001,13909
270,10.0,56680,0.05,5668,-1.1745,209,0.22576838731765747,0.001,13919
270,10.0,56720,0.05,5672,-1.198,209,0.07831061631441116,0.001,13929
270,10.0,56760,0.05,5676,-1.2385,209,0.10203608125448227,0.001,13939
270,10.0,56800,0.05,5680,-1.215,209,0.09994015097618103,0.001,13949
270,10.0,56840,0.05,5684,-1.2694999999999999,210,0.2187831997871399,0.001,13959
270,10.0,56880,0.05,5688,-1.2225,210,0.11234098672866821,0.001,13969
270,10.0,56920,0.05,5692,-1.2295,210,0.13337737321853638,0.001,13979
270,10.0,56960,0.05,5696,-1.004,210,0.0883210077881813,0.001,13989
270,10.0,57000,0.05,5700,-0.905,210,0.13055571913719177,0.001,13999
270,10.0,57040,0.05,5704,-0.9664999999999999,210,0.10319636762142181,0.001,14009
270,10.0,57080,0.05,5708,-0.9179999999999998,211,0.17619894444942474,0.001,14019
270,10.0,57120,0.05,5712,-0.9149999999999998,211,0.14106646180152893,0.001,14029
270,10.0,57160,0.05,5716,-0.8904999999999998,211,0.10854188352823257,0.001,14039
270,10.0,57200,0.05,5720,-0.8475000000000001,211,0.10965093970298767,0.001,14049
270,10.0,57240,0.05,5724,-0.7865000000000001,211,0.14800238609313965,0.001,14059
269,10.0,57280,0.05,5728,-0.8215000000000002,212,0.12718090415000916,0.001,14069
269,10.0,57320,0.05,5732,-0.8989999999999999,212,0.09650376439094543,0.001,14079
269,10.0,57360,0.05,5736,-0.8654999999999999,212,0.1666111797094345,0.001,14089
269,10.0,57400,0.05,5740,-0.8134999999999999,213,0.24825966358184814,0.001,14099
269,10.0,57440,0.05,5744,-0.8105,213,0.10294631868600845,0.001,14109
269,10.0,57480,0.05,5748,-0.8765,213,0.1267034113407135,0.001,14119
269,10.0,57520,0.05,5752,-1.0324999999999998,213,0.21007578074932098,0.001,14129
269,10.0,57560,0.05,5756,-1.0635,213,0.10692128539085388,0.001,14139
268,10.0,57600,0.05,5760,-1.124,214,0.12679436802864075,0.001,14149
268,10.0,57640,0.05,5764,-1.1675000000000002,214,0.12371886521577835,0.001,14159
269,10.0,57680,0.05,5768,-1.2035,214,0.09448060393333435,0.001,14169
269,10.0,57720,0.05,5772,-1.337,214,0.10119254142045975,0.001,14179
269,10.0,57760,0.05,5776,-1.3305,214,0.10992349684238434,0.001,14189
269,10.0,57800,0.05,5780,-1.2785,214,0.16694693267345428,0.001,14199
269,10.0,57840,0.05,5784,-1.3164999999999998,214,0.23076219856739044,0.001,14209
269,10.0,57880,0.05,5788,-1.281,215,0.281589537858963,0.001,14219
269,10.0,57920,0.05,5792,-1.4265,215,0.1428036242723465,0.001,14229
268,10.0,57960,0.05,5796,-1.565,215,0.14702610671520233,0.001,14239
268,10.0,58000,0.05,5800,-1.5609999999999997,215,0.21646326780319214,0.001,14249
268,10.0,58040,0.05,5804,-1.4575,215,0.28601768612861633,0.001,14259
268,10.0,58080,0.05,5808,-1.3544999999999998,215,0.11244950443506241,0.001,14269
269,10.0,58120,0.05,5812,-1.338,216,0.23161865770816803,0.001,14279
269,10.0,58160,0.05,5816,-1.444,216,0.19829748570919037,0.001,14289
269,10.0,58200,0.05,5820,-1.4080000000000001,216,0.18695321679115295,0.001,14299
269,10.0,58240,0.05,5824,-1.5099999999999998,216,0.1400018036365509,0.001,14309
269,10.0,58280,0.05,5828,-1.4009999999999996,216,0.23857170343399048,0.001,14319
269,10.0,58320,0.05,5832,-1.3129999999999997,216,0.1658259928226471,0.001,14329
269,10.0,58360,0.05,5836,-1.3375,216,0.20587964355945587,0.001,14339
269,10.0,58400,0.05,5840,-1.3504999999999998,216,0.17681372165679932,0.001,14349
269,10.0,58440,0.05,5844,-1.3725,216,0.10449831187725067,0.001,14359
269,10.0,58480,0.05,5848,-1.453,216,0.1625003069639206,0.001,14369
269,10.0,58520,0.05,5852,-1.2985,216,0.10396730154752731,0.001,14379
269,10.0,58560,0.05,5856,-1.348,217,0.569443941116333,0.001,14389
269,10.0,58600,0.05,5860,-1.3359999999999999,217,0.20206162333488464,0.001,14399
270,10.0,58640,0.05,5864,-1.3690000000000004,217,0.20559385418891907,0.001,14409
270,10.0,58680,0.05,5868,-1.4539999999999997,217,0.6355706453323364,0.001,14419
270,10.0,58720,0.05,5872,-1.3995,217,0.2390958070755005,0.001,14429
270,10.0,58760,0.05,5876,-1.4389999999999998,217,0.10240586847066879,0.001,14439
270,10.0,58800,0.05,5880,-1.5390000000000001,217,0.13646942377090454,0.001,14449
270,10.0,58840,0.05,5884,-1.5604999999999998,217,0.13850559294223785,0.001,14459
270,10.0,58880,0.05,5888,-1.6980000000000002,217,0.13954928517341614,0.001,14469
270,10.0,58920,0.05,5892,-1.5305000000000002,217,0.2030331790447235,0.001,14479
270,10.0,58960,0.05,5896,-1.5745000000000002,218,0.2507951557636261,0.001,14489
270,10.0,59000,0.05,5900,-1.6615,218,0.23046886920928955,0.001,14499
270,10.0,59040,0.05,5904,-1.6380000000000003,218,0.08708381652832031,0.001,14509
270,10.0,59080,0.05,5908,-1.6754999999999998,218,0.14456887543201447,0.001,14519
270,10.0,59120,0.05,5912,-1.7550000000000003,218,0.24738603830337524,0.001,14529
270,10.0,59160,0.05,5916,-1.6810000000000003,218,0.1376349925994873,0.001,14539
270,10.0,59200,0.05,5920,-1.7540000000000004,218,0.2796289622783661,0.001,14549
270,10.0,59240,0.05,5924,-1.7024999999999997,218,0.10629924386739731,0.001,14559
270,10.0,59280,0.05,5928,-1.8255,219,0.09406706690788269,0.001,14569
270,10.0,59320,0.05,5932,-1.9295000000000004,219,0.6622081398963928,0.001,14579
270,10.0,59360,0.05,5936,-1.9829999999999999,219,0.16183754801750183,0.001,14589
270,10.0,59400,0.05,5940,-1.8895000000000002,219,0.12316261231899261,0.001,14599
270,10.0,59440,0.05,5944,-1.9709999999999999,219,0.36320796608924866,0.001,14609
270,10.0,59480,0.05,5948,-1.992,219,0.2305191159248352,0.001,14619
271,10.0,59520,0.05,5952,-1.9600000000000002,219,0.20997342467308044,0.001,14629
271,10.0,59560,0.05,5956,-1.8790000000000004,219,0.10197580605745316,0.001,14639
271,10.0,59600,0.05,5960,-1.795,219,0.09645646810531616,0.001,14649
271,10.0,59640,0.05,5964,-1.79,219,0.4281595051288605,0.001,14659
271,10.0,59680,0.05,5968,-1.6909999999999998,219,0.2368112951517105,0.001,14669
271,10.0,59720,0.05,5972,-1.7730000000000001,220,0.15202011168003082,0.001,14679
271,10.0,59760,0.05,5976,-1.7579999999999998,220,0.14020776748657227,0.001,14689
271,10.0,59800,0.05,5980,-1.7235000000000003,220,0.12158269435167313,0.001,14699
271,10.0,59840,0.05,5984,-1.6495000000000002,220,0.20491498708724976,0.001,14709
271,10.0,59880,0.05,5988,-1.531,220,0.16650445759296417,0.001,14719
271,10.0,59920,0.05,5992,-1.4569999999999999,220,0.11880028247833252,0.001,14729
271,10.0,59960,0.05,5996,-1.399,220,0.1692885458469391,0.001,14739
271,10.0,60000,0.05,6000,-1.4004999999999999,220,0.5116541385650635,0.001,14749
271,10.0,60040,0.05,6004,-1.48,220,0.5861795544624329,0.001,14759
272,10.0,60080,0.05,6008,-1.4280000000000002,220,0.2637096047401428,0.001,14769
272,10.0,60120,0.05,6012,-1.5199999999999998,220,0.1298060566186905,0.001,14779
272,10.0,60160,0.05,6016,-1.5059999999999993,221,0.09033111482858658,0.001,14789
272,10.0,60200,0.05,6020,-1.4709999999999999,221,0.1800544410943985,0.001,14799
272,10.0,60240,0.05,6024,-1.5434999999999997,221,0.38155651092529297,0.001,14809
272,10.0,60280,0.05,6028,-1.5254999999999999,221,0.21172426640987396,0.001,14819
272,10.0,60320,0.05,6032,-1.5855,221,0.24573734402656555,0.001,14829
272,10.0,60360,0.05,6036,-1.5944999999999998,221,0.12504573166370392,0.001,14839
272,10.0,60400,0.05,6040,-1.6745,221,0.23844100534915924,0.001,14849
272,10.0,60440,0.05,6044,-1.5729999999999997,221,0.13698768615722656,0.001,14859
272,10.0,60480,0.05,6048,-1.5245,221,0.13215498626232147,0.001,14869
272,10.0,60520,0.05,6052,-1.617,221,0.19461604952812195,0.001,14879
272,10.0,60560,0.05,6056,-1.5525,221,0.07482945919036865,0.001,14889
272,10.0,60600,0.05,6060,-1.6075000000000004,222,0.11320878565311432,0.001,14899
273,10.0,60640,0.05,6064,-1.524,222,0.27753177285194397,0.001,14909
273,10.0,60680,0.05,6068,-1.4769999999999996,222,0.15936900675296783,0.001,14919
273,10.0,60720,0.05,6072,-1.3740000000000003,222,0.31037637591362,0.001,14929
273,10.0,60760,0.05,6076,-1.2785000000000002,222,0.5680462121963501,0.001,14939
273,10.0,60800,0.05,6080,-1.203,222,0.17797937989234924,0.001,14949
273,10.0,60840,0.05,6084,-1.0860000000000003,222,0.13570411503314972,0.001,14959
273,10.0,60880,0.05,6088,-1.0605000000000002,222,0.11050581187009811,0.001,14969
273,10.0,60920,0.05,6092,-1.1255,222,0.19293642044067383,0.001,14979
273,10.0,60960,0.05,6096,-1.1469999999999998,222,0.09939714521169662,0.001,14989
273,10.0,61000,0.05,6100,-1.0145,222,0.2963714599609375,0.001,14999
273,10.0,61040,0.05,6104,-1.0585,223,0.14677421748638153,0.001,15009
273,10.0,61080,0.05,6108,-1.1905000000000001,223,0.3519476354122162,0.001,15019
273,10.0,61120,0.05,6112,-1.0545,223,0.36616387963294983,0.001,15029
273,10.0,61160,0.05,6116,-0.9835,223,0.18633335828781128,0.001,15039
273,10.0,61200,0.05,6120,-0.9515,223,0.24348336458206177,0.001,15049
273,10.0,61240,0.05,6124,-0.8484999999999999,223,0.19191378355026245,0.001,15059
274,10.0,61280,0.05,6128,-0.8590000000000001,223,0.11994856595993042,0.001,15069
274,10.0,61320,0.05,6132,-0.7304999999999999,223,0.5988163948059082,0.001,15079
274,10.0,61360,0.05,6136,-0.7130000000000001,223,0.7102543115615845,0.001,15089
274,10.0,61400,0.05,6140,-0.801,223,0.20539811253547668,0.001,15099
274,10.0,61440,0.05,6144,-0.9204999999999999,223,0.3697833716869354,0.001,15109
274,10.0,61480,0.05,6148,-0.9905000000000002,224,0.11207608878612518,0.001,15119
274,10.0,61520,0.05,6152,-0.9455000000000001,224,0.1379842311143875,0.001,15129
274,10.0,61560,0.05,6156,-0.9899999999999999,224,0.3098700940608978,0.001,15139
274,10.0,61600,0.05,6160,-0.9494999999999999,224,0.3402180075645447,0.001,15149
274,10.0,61640,0.05,6164,-1.0270000000000001,224,0.08707612752914429,0.001,15159
274,10.0,61680,0.05,6168,-1.0575,224,0.09921463578939438,0.001,15169
274,10.0,61720,0.05,6172,-1.0870000000000002,224,0.16914023458957672,0.001,15179
274,10.0,61760,0.05,6176,-1.078,224,0.3630053997039795,0.001,15189
274,10.0,61800,0.05,6180,-1.149,224,0.08163966238498688,0.001,15199
275,10.0,61840,0.05,6184,-1.2465000000000002,224,0.2583823800086975,0.001,15209
275,10.0,61880,0.05,6188,-1.29,224,0.16329175233840942,0.001,15219
275,10.0,61920,0.05,6192,-1.2855,225,0.11786472052335739,0.001,15229
275,10.0,61960,0.05,6196,-1.2939999999999998,225,0.1334630846977234,0.001,15239
275,10.0,62000,0.05,6200,-1.3679999999999999,225,0.2517711818218231,0.001,15249
275,10.0,62040,0.05,6204,-1.295,225,0.353753924369812,0.001,15259
275,10.0,62080,0.05,6208,-1.194,225,0.20274564623832703,0.001,15269
275,10.0,62120,0.05,6212,-1.228,225,0.13947248458862305,0.001,15279
275,10.0,62160,0.05,6216,-1.2870000000000001,225,0.09068087488412857,0.001,15289
275,10.0,62200,0.05,6220,-1.308,225,0.3775312304496765,0.001,15299
275,10.0,62240,0.05,6224,-1.4120000000000001,225,0.1908722221851349,0.001,15309
275,10.0,62280,0.05,6228,-1.4375000000000002,226,0.28762781620025635,0.001,15319
275,10.0,62320,0.05,6232,-1.5325,226,0.23320838809013367,0.001,15329
275,10.0,62360,0.05,6236,-1.516,226,0.2834576368331909,0.001,15339
275,10.0,62400,0.05,6240,-1.3339999999999999,226,0.4471099376678467,0.001,15349
275,10.0,62440,0.05,6244,-1.194,226,0.2616932988166809,0.001,15359
275,10.0,62480,0.05,6248,-1.0845,226,0.34330493211746216,0.001,15369
275,10.0,62520,0.05,6252,-0.9904999999999998,227,0.12054523080587387,0.001,15379
275,10.0,62560,0.05,6256,-0.9925,227,0.270498126745224,0.001,15389
275,10.0,62600,0.05,6260,-1.0335,227,0.21012108027935028,0.001,15399
275,10.0,62640,0.05,6264,-0.9830000000000002,227,0.22803473472595215,0.001,15409
275,10.0,62680,0.05,6268,-0.9440000000000001,227,0.1976899653673172,0.001,15419
275,10.0,62720,0.05,6272,-0.811,227,0.2340163290500641,0.001,15429
275,10.0,62760,0.05,6276,-0.8815,227,0.4600779414176941,0.001,15439
275,10.0,62800,0.05,6280,-0.9405,227,0.20788486301898956,0.001,15449
275,10.0,62840,0.05,6284,-1.0975,228,0.11590470373630524,0.001,15459
275,10.0,62880,0.05,6288,-1.0264999999999997,228,0.12071108818054199,0.001,15469
275,10.0,62920,0.05,6292,-1.037,228,0.138457253575325,0.001,15479
275,10.0,62960,0.05,6296,-0.951,228,0.2679891586303711,0.001,15489
274,10.0,63000,0.05,6300,-1.0039999999999998,229,0.10153912752866745,0.001,15499
274,10.0,63040,0.05,6304,-1.0439999999999998,229,0.10333403944969177,0.001,15509
274,10.0,63080,0.05,6308,-1.1985,229,0.3999398648738861,0.001,15519
274,10.0,63120,0.05,6312,-1.0844999999999998,230,0.24674642086029053,0.001,15529
273,10.0,63160,0.05,6316,-1.0570000000000002,230,0.13451266288757324,0.001,15539
273,10.0,63200,0.05,6320,-1.0595,230,0.5140969157218933,0.001,15549
273,10.0,63240,0.05,6324,-0.9795,231,0.2950372099876404,0.001,15559
273,10.0,63280,0.05,6328,-0.9414999999999999,231,0.18637984991073608,0.001,15569
273,10.0,63320,0.05,6332,-0.988,231,0.15795598924160004,0.001,15579
272,10.0,63360,0.05,6336,-0.9129999999999997,232,0.0883953645825386,0.001,15589
272,10.0,63400,0.05,6340,-0.882,232,0.21477268636226654,0.001,15599
272,10.0,63440,0.05,6344,-0.9244999999999999,232,0.15640854835510254,0.001,15609
272,10.0,63480,0.05,6348,-1.013,232,0.5415923595428467,0.001,15619
272,10.0,63520,0.05,6352,-1.107,232,0.6145429015159607,0.001,15629
272,10.0,63560,0.05,6356,-1.1385,233,0.3249824047088623,0.001,15639
272,10.0,63600,0.05,6360,-1.061,233,0.19364991784095764,0.001,15649
272,10.0,63640,0.05,6364,-1.0744999999999998,233,0.1140199601650238,0.001,15659
272,10.0,63680,0.05,6368,-1.0915000000000001,233,0.10077182948589325,0.001,15669
273,10.0,63720,0.05,6372,-1.141,233,0.07721871882677078,0.001,15679
273,10.0,63760,0.05,6376,-1.1655000000000002,233,0.10379154980182648,0.001,15689
273,10.0,63800,0.05,6380,-1.058,233,0.23502883315086365,0.001,15699
273,10.0,63840,0.05,6384,-0.992,233,0.17665085196495056,0.001,15709
273,10.0,63880,0.05,6388,-1.073,233,0.08364557474851608,0.001,15719
273,10.0,63920,0.05,6392,-1.0315,233,0.20838384330272675,0.001,15729
273,10.0,63960,0.05,6396,-1.0625,234,0.29236215353012085,0.001,15739
273,10.0,64000,0.05,6400,-1.0755000000000001,234,0.2440570592880249,0.001,15749
273,10.0,64040,0.05,6404,-1.139,234,0.7207239866256714,0.001,15759
273,10.0,64080,0.05,6408,-0.8915,234,0.48661690950393677,0.001,15769
273,10.0,64120,0.05,6412,-0.8985,234,0.4283260405063629,0.001,15779
273,10.0,64160,0.05,6416,-0.9030000000000001,234,0.2735690474510193,0.001,15789
273,10.0,64200,0.05,6420,-0.8664999999999999,234,0.21558111906051636,0.001,15799
273,10.0,64240,0.05,6424,-1.026,234,0.07618916779756546,0.001,15809
273,10.0,64280,0.05,6428,-1.0105000000000002,235,0.100784070789814,0.001,15819
273,10.0,64320,0.05,6432,-0.9344999999999999,235,0.14393821358680725,0.001,15829
273,10.0,64360,0.05,6436,-1.033,235,0.3852560222148895,0.001,15839
273,10.0,64400,0.05,6440,-1.1519999999999997,235,0.1641121506690979,0.001,15849
273,10.0,64440,0.05,6444,-1.0719999999999998,235,0.1998431235551834,0.001,15859
273,10.0,64480,0.05,6448,-0.9875,235,0.21842704713344574,0.001,15869
273,10.0,64520,0.05,6452,-0.94,235,0.2569820284843445,0.001,15879
273,10.0,64560,0.05,6456,-0.861,235,0.1227453351020813,0.001,15889
273,10.0,64600,0.05,6460,-0.9235,236,1.2042741775512695,0.001,15899
273,10.0,64640,0.05,6464,-0.7855,236,0.6947224736213684,0.001,15909
273,10.0,64680,0.05,6468,-0.6489999999999999,236,0.549635648727417,0.001,15919
273,10.0,64720,0.05,6472,-0.7679999999999998,236,0.12144101411104202,0.001,15929
273,10.0,64760,0.05,6476,-0.6459999999999999,236,0.2342517375946045,0.001,15939
273,10.0,64800,0.05,6480,-0.759,236,0.556603729724884,0.001,15949
273,10.0,64840,0.05,6484,-0.6044999999999999,237,0.5922178030014038,0.001,15959
273,10.0,64880,0.05,6488,-0.5465000000000001,237,0.15158483386039734,0.001,15969
273,10.0,64920,0.05,6492,-0.5170000000000001,237,0.15917538106441498,0.001,15979
273,10.0,64960,0.05,6496,-0.5735000000000001,237,0.25116854906082153,0.001,15989
273,10.0,65000,0.05,6500,-0.542,237,0.14766520261764526,0.001,15999
273,10.0,65040,0.05,6504,-0.4100000000000001,237,0.17084747552871704,0.001,16009
273,10.0,65080,0.05,6508,-0.484,238,0.310882031917572,0.001,16019
273,10.0,65120,0.05,6512,-0.5955,238,0.20938466489315033,0.001,16029
272,10.0,65160,0.05,6516,-0.6869999999999998,239,0.15573851764202118,0.001,16039
272,10.0,65200,0.05,6520,-0.6389999999999999,239,0.22753740847110748,0.001,16049
272,10.0,65240,0.05,6524,-0.43349999999999994,239,0.2589390277862549,0.001,16059
272,10.0,65280,0.05,6528,-0.4129999999999999,239,0.27550065517425537,0.001,16069
272,10.0,65320,0.05,6532,-0.3784999999999999,239,0.4675862789154053,0.001,16079
272,10.0,65360,0.05,6536,-0.31099999999999994,239,0.24298840761184692,0.001,16089
272,10.0,65400,0.05,6540,-0.278,239,0.22681798040866852,0.001,16099
272,10.0,65440,0.05,6544,-0.4049999999999999,239,0.1377972662448883,0.001,16109
272,10.0,65480,0.05,6548,-0.3894999999999999,240,0.08921502530574799,0.001,16119
272,10.0,65520,0.05,6552,-0.446,240,0.21335093677043915,0.001,16129
272,10.0,65560,0.05,6556,-0.5285,240,0.2339250147342682,0.001,16139
272,10.0,65600,0.05,6560,-0.4850000000000001,240,0.4142150282859802,0.001,16149
272,10.0,65640,0.05,6564,-0.593,240,0.13056205213069916,0.001,16159
273,10.0,65680,0.05,6568,-0.7659999999999999,240,0.11002127081155777,0.001,16169
273,10.0,65720,0.05,6572,-0.6210000000000001,240,0.2651174068450928,0.001,16179
273,10.0,65760,0.05,6576,-0.7275000000000001,240,0.49967095255851746,0.001,16189
273,10.0,65800,0.05,6580,-0.6705,240,0.2032303363084793,0.001,16199
273,10.0,65840,0.05,6584,-0.8714999999999999,240,0.2838606536388397,0.001,16209
273,10.0,65880,0.05,6588,-0.9185,241,0.28460893034935,0.001,16219
273,10.0,65920,0.05,6592,-1.021,241,0.24768993258476257,0.001,16229
273,10.0,65960,0.05,6596,-1.0134999999999998,241,0.17849110066890717,0.001,16239
273,10.0,66000,0.05,6600,-0.8410000000000001,241,0.4058847427368164,0.001,16249
273,10.0,66040,0.05,6604,-0.7395000000000002,241,0.42011550068855286,0.001,16259
273,10.0,66080,0.05,6608,-0.797,241,0.4397978186607361,0.001,16269
273,10.0,66120,0.05,6612,-0.7505,241,0.9826172590255737,0.001,16279
273,10.0,66160,0.05,6616,-0.7049999999999998,241,0.3862525224685669,0.001,16289
273,10.0,66200,0.05,6620,-0.8464999999999999,241,0.5346612930297852,0.001,16299
273,10.0,66240,0.05,6624,-0.834,242,0.19814391434192657,0.001,16309
273,10.0,66280,0.05,6628,-0.8669999999999999,242,0.11482356488704681,0.001,16319
273,10.0,66320,0.05,6632,-0.8965,242,0.14762583374977112,0.001,16329
273,10.0,66360,0.05,6636,-0.9009999999999999,242,0.5137150883674622,0.001,16339
273,10.0,66400,0.05,6640,-0.883,242,0.13823960721492767,0.001,16349
273,10.0,66440,0.05,6644,-0.8369999999999999,242,0.1423150599002838,0.001,16359
273,10.0,66480,0.05,6648,-0.7949999999999998,242,0.27640798687934875,0.001,16369
273,10.0,66520,0.05,6652,-0.8909999999999999,242,0.1433050036430359,0.001,16379
273,10.0,66560,0.05,6656,-0.9079999999999998,242,0.3216400146484375,0.001,16389
273,10.0,66600,0.05,6660,-0.8694999999999997,243,0.10343226045370102,0.001,16399
273,10.0,66640,0.05,6664,-0.8785,243,0.12505821883678436,0.001,16409
273,10.0,66680,0.05,6668,-0.835,243,0.15423151850700378,0.001,16419
273,10.0,66720,0.05,6672,-0.8355,243,0.37508317828178406,0.001,16429
273,10.0,66760,0.05,6676,-0.7845,243,0.08480391651391983,0.001,16439
273,10.0,66800,0.05,6680,-0.7805,243,0.21314109861850739,0.001,16449
273,10.0,66840,0.05,6684,-0.6950000000000002,244,0.14472633600234985,0.001,16459
273,10.0,66880,0.05,6688,-0.7030000000000001,244,0.1967441737651825,0.001,16469
273,10.0,66920,0.05,6692,-0.701,244,0.1895134001970291,0.001,16479
273,10.0,66960,0.05,6696,-0.7025,244,0.51343834400177,0.001,16489
273,10.0,67000,0.05,6700,-0.8114999999999999,244,0.2635900378227234,0.001,16499
273,10.0,67040,0.05,6704,-1.0035000000000003,244,0.9530466198921204,0.001,16509
273,10.0,67080,0.05,6708,-0.96,245,0.509949803352356,0.001,16519
273,10.0,67120,0.05,6712,-0.8939999999999999,245,0.19611850380897522,0.001,16529
273,10.0,67160,0.05,6716,-0.8344999999999999,245,0.11082036048173904,0.001,16539
273,10.0,67200,0.05,6720,-0.6695000000000002,245,0.5031881928443909,0.001,16549
273,10.0,67240,0.05,6724,-0.73,245,0.11163728684186935,0.001,16559
273,10.0,67280,0.05,6728,-0.7485,246,0.1479494720697403,0.001,16569
273,10.0,67320,0.05,6732,-0.6815000000000001,246,0.20000998675823212,0.001,16579
273,10.0,67360,0.05,6736,-0.6424999999999998,246,0.637442409992218,0.001,16589
273,10.0,67400,0.05,6740,-0.7344999999999999,246,0.32852593064308167,0.001,16599
273,10.0,67440,0.05,6744,-0.7295,246,0.2954897880554199,0.001,16609
273,10.0,67480,0.05,6748,-0.7569999999999999,247,0.27916374802589417,0.001,16619
272,10.0,67520,0.05,6752,-0.6815000000000001,247,0.26947760581970215,0.001,16629
272,10.0,67560,0.05,6756,-0.6255000000000002,247,0.45085427165031433,0.001,16639
272,10.0,67600,0.05,6760,-0.7240000000000001,247,0.16281867027282715,0.001,16649
272,10.0,67640,0.05,6764,-0.7090000000000001,247,0.5107836127281189,0.001,16659
272,10.0,67680,0.05,6768,-0.674,247,0.07353178411722183,0.001,16669
272,10.0,67720,0.05,6772,-0.6325,248,0.5292735695838928,0.001,16679
272,10.0,67760,0.05,6776,-0.6714999999999999,248,0.2840169072151184,0.001,16689
273,10.0,67800,0.05,6780,-0.6195,248,0.8664528727531433,0.001,16699
273,10.0,67840,0.05,6784,-0.5715,248,0.33620139956474304,0.001,16709
272,10.0,67880,0.05,6788,-0.48100000000000004,248,0.2606745660305023,0.001,16719
272,10.0,67920,0.05,6792,-0.4675000000000001,248,0.18197892606258392,0.001,16729
272,10.0,67960,0.05,6796,-0.36150000000000004,249,0.30605369806289673,0.001,16739
272,10.0,68000,0.05,6800,-0.363,249,0.12363175302743912,0.001,16749
272,10.0,68040,0.05,6804,-0.3345,249,0.9930495619773865,0.001,16759
272,10.0,68080,0.05,6808,-0.393,249,0.3535841107368469,0.001,16769
272,10.0,68120,0.05,6812,-0.565,249,0.4495019018650055,0.001,16779
272,10.0,68160,0.05,6816,-0.6950000000000002,249,0.21355271339416504,0.001,16789
272,10.0,68200,0.05,6820,-0.7415,249,0.4898359179496765,0.001,16799
273,10.0,68240,0.05,6824,-0.8240000000000002,249,0.17968998849391937,0.001,16809
273,10.0,68280,0.05,6828,-0.9085,250,0.2332567572593689,0.001,16819
273,10.0,68320,0.05,6832,-0.8959999999999999,250,0.1680966168642044,0.001,16829
273,10.0,68360,0.05,6836,-0.8689999999999998,250,0.2917366027832031,0.001,16839
273,10.0,68400,0.05,6840,-0.7449999999999999,250,0.43532198667526245,0.001,16849
273,10.0,68440,0.05,6844,-0.665,250,1.3958390951156616,0.001,16859
273,10.0,68480,0.05,6848,-0.6435000000000001,250,0.4425186812877655,0.001,16869
273,10.0,68520,0.05,6852,-0.509,250,0.8426458835601807,0.001,16879
273,10.0,68560,0.05,6856,-0.48700000000000004,250,0.2070167064666748,0.001,16889
273,10.0,68600,0.05,6860,-0.4475,250,1.1406968832015991,0.001,16899
273,10.0,68640,0.05,6864,-0.41350000000000003,250,0.1280631422996521,0.001,16909
273,10.0,68680,0.05,6868,-0.5005,251,0.25884565711021423,0.001,16919
273,10.0,68720,0.05,6872,-0.5269999999999999,251,0.15699505805969238,0.001,16929
273,10.0,68760,0.05,6876,-0.5515000000000001,251,0.29488903284072876,0.001,16939
273,10.0,68800,0.05,6880,-0.5415,251,0.6690828800201416,0.001,16949
273,10.0,68840,0.05,6884,-0.6045,251,0.49680644273757935,0.001,16959
273,10.0,68880,0.05,6888,-0.6724999999999999,251,0.27483218908309937,0.001,16969
273,10.0,68920,0.05,6892,-0.7134999999999999,251,0.647240161895752,0.001,16979
273,10.0,68960,0.05,6896,-0.7795000000000001,251,0.19847367703914642,0.001,16989
273,10.0,69000,0.05,6900,-0.7995,251,0.10973212122917175,0.001,16999
273,10.0,69040,0.05,6904,-0.8525000000000001,252,0.3764791786670685,0.001,17009
273,10.0,69080,0.05,6908,-0.8225,252,1.9211465120315552,0.001,17019
273,10.0,69120,0.05,6912,-0.6665000000000001,252,0.16634401679039001,0.001,17029
274,10.0,69160,0.05,6916,-0.5095000000000001,252,0.20664460957050323,0.001,17039
274,10.0,69200,0.05,6920,-0.5735,252,0.10302650183439255,0.001,17049
274,10.0,69240,0.05,6924,-0.4985,252,0.16956306993961334,0.001,17059
274,10.0,69280,0.05,6928,-0.38699999999999996,252,0.3605476915836334,0.001,17069
274,10.0,69320,0.05,6932,-0.4285,252,0.3117055296897888,0.001,17079
274,10.0,69360,0.05,6936,-0.511,252,0.12894274294376373,0.001,17089
274,10.0,69400,0.05,6940,-0.5645,253,0.5900022387504578,0.001,17099
274,10.0,69440,0.05,6944,-0.6345000000000001,253,0.08152476698160172,0.001,17109
274,10.0,69480,0.05,6948,-0.593,253,0.26837581396102905,0.001,17119
274,10.0,69520,0.05,6952,-0.8489999999999999,253,0.07508943974971771,0.001,17129
274,10.0,69560,0.05,6956,-0.9,253,0.4676617980003357,0.001,17139
274,10.0,69600,0.05,6960,-1.0095,253,0.5736633539199829,0.001,17149
274,10.0,69640,0.05,6964,-1.195,253,0.10361713916063309,0.001,17159
274,10.0,69680,0.05,6968,-1.16,253,0.2518365681171417,0.001,17169
274,10.0,69720,0.05,6972,-1.1910000000000003,253,0.09919452667236328,0.001,17179
274,10.0,69760,0.05,6976,-1.154,254,0.3347055912017822,0.001,17189
274,10.0,69800,0.05,6980,-1.1070000000000002,254,0.08780867606401443,0.001,17199
274,10.0,69840,0.05,6984,-0.9915,254,0.2870100140571594,0.001,17209
274,10.0,69880,0.05,6988,-0.895,254,0.11874634027481079,0.001,17219
274,10.0,69920,0.05,6992,-0.8320000000000001,254,0.4840458929538727,0.001,17229
274,10.0,69960,0.05,6996,-0.9130000000000001,254,0.4029090106487274,0.001,17239
274,10.0,70000,0.05,7000,-0.8805,254,0.24653251469135284,0.001,17249
274,10.0,70040,0.05,7004,-0.813,254,0.9017063975334167,0.001,17259
274,10.0,70080,0.05,7008,-0.765,254,0.12093176692724228,0.001,17269
274,10.0,70120,0.05,7012,-0.7605,255,0.9905020594596863,0.001,17279
275,10.0,70160,0.05,7016,-0.833,255,0.5439848899841309,0.001,17289
275,10.0,70200,0.05,7020,-0.8440000000000001,255,0.2743152678012848,0.001,17299
275,10.0,70240,0.05,7024,-0.765,255,0.520012378692627,0.001,17309
275,10.0,70280,0.05,7028,-0.7985000000000001,255,0.10899579524993896,0.001,17319
275,10.0,70320,0.05,7032,-0.8324999999999999,255,0.15614217519760132,0.001,17329
275,10.0,70360,0.05,7036,-0.8170000000000002,255,0.4323217272758484,0.001,17339
275,10.0,70400,0.05,7040,-0.7439999999999999,255,0.20630459487438202,0.001,17349
275,10.0,70440,0.05,7044,-0.7725,255,0.12070908397436142,0.001,17359
275,10.0,70480,0.05,7048,-0.9019999999999997,255,0.786907434463501,0.001,17369
275,10.0,70520,0.05,7052,-0.7364999999999999,256,0.24489623308181763,0.001,17379
275,10.0,70560,0.05,7056,-0.7615,256,0.1231345534324646,0.001,17389
275,10.0,70600,0.05,7060,-0.6285,256,0.5366360545158386,0.001,17399
275,10.0,70640,0.05,7064,-0.39800000000000013,256,0.0978589579463005,0.001,17409
275,10.0,70680,0.05,7068,-0.3635,256,0.6550337672233582,0.001,17419
275,10.0,70720,0.05,7072,-0.26899999999999996,256,0.2934178113937378,0.001,17429
275,10.0,70760,0.05,7076,-0.21749999999999997,256,0.16481034457683563,0.001,17439
275,10.0,70800,0.05,7080,-0.18200000000000002,256,0.2669517397880554,0.001,17449
275,10.0,70840,0.05,7084,-0.24100000000000002,256,0.19472481310367584,0.001,17459
275,10.0,70880,0.05,7088,-0.23349999999999999,257,0.6986274719238281,0.001,17469
275,10.0,70920,0.05,7092,-0.15750000000000003,257,0.49874749779701233,0.001,17479
275,10.0,70960,0.05,7096,-0.13500000000000004,257,0.3858712911605835,0.001,17489
275,10.0,71000,0.05,7100,-0.21050000000000002,257,0.45027047395706177,0.001,17499
275,10.0,71040,0.05,7104,-0.2095,257,0.3787674903869629,0.001,17509
275,10.0,71080,0.05,7108,-0.201,257,0.7319814562797546,0.001,17519
275,10.0,71120,0.05,7112,-0.3575,257,0.11366789042949677,0.001,17529
275,10.0,71160,0.05,7116,-0.28300000000000003,257,0.10500241070985794,0.001,17539
275,10.0,71200,0.05,7120,-0.24399999999999994,257,0.17070311307907104,0.001,17549
276,10.0,71240,0.05,7124,-0.3729999999999999,258,0.2785746455192566,0.001,17559
276,10.0,71280,0.05,7128,-0.42899999999999994,258,0.38263049721717834,0.001,17569
276,10.0,71320,0.05,7132,-0.43099999999999994,258,0.34221121668815613,0.001,17579
276,10.0,71360,0.05,7136,-0.4664999999999999,258,0.09719251096248627,0.001,17589
276,10.0,71400,0.05,7140,-0.4285,258,0.10258464515209198,0.001,17599
276,10.0,71440,0.05,7144,-0.3734999999999999,258,0.22343489527702332,0.001,17609
276,10.0,71480,0.05,7148,-0.3145,258,0.20594052970409393,0.001,17619
276,10.0,71520,0.05,7152,-0.376,258,0.8362829089164734,0.001,17629
276,10.0,71560,0.05,7156,-0.3005,259,0.5328972339630127,0.001,17639
276,10.0,71600,0.05,7160,-0.2765,259,0.11473977565765381,0.001,17649
276,10.0,71640,0.05,7164,-0.4315,259,0.1270972490310669,0.001,17659
276,10.0,71680,0.05,7168,-0.4625,259,0.44999271631240845,0.001,17669
276,10.0,71720,0.05,7172,-0.5835000000000001,259,0.5743453502655029,0.001,17679
275,10.0,71760,0.05,7176,-0.7085000000000001,260,0.29033610224723816,0.001,17689
275,10.0,71800,0.05,7180,-0.8365,260,0.2579444348812103,0.001,17699
275,10.0,71840,0.05,7184,-0.8394999999999999,260,0.29827946424484253,0.001,17709
275,10.0,71880,0.05,7188,-0.9284999999999998,260,0.5908666849136353,0.001,17719
275,10.0,71920,0.05,7192,-1.123,260,0.10314572602510452,0.001,17729
275,10.0,71960,0.05,7196,-1.1064999999999998,260,0.4346655607223511,0.001,17739
275,10.0,72000,0.05,7200,-1.0345,261,0.24136629700660706,0.001,17749
275,10.0,72040,0.05,7204,-0.9864999999999999,261,0.48049619793891907,0.001,17759
275,10.0,72080,0.05,7208,-1.1139999999999999,261,0.4896388351917267,0.001,17769
275,10.0,72120,0.05,7212,-1.019,261,0.20876666903495789,0.001,17779
275,10.0,72160,0.05,7216,-1.058,261,0.9989706873893738,0.001,17789
275,10.0,72200,0.05,7220,-1.0710000000000002,262,0.10012907534837723,0.001,17799
275,10.0,72240,0.05,7224,-1.0095,262,0.32277849316596985,0.001,17809
275,10.0,72280,0.05,7228,-0.8865000000000001,262,0.41081106662750244,0.001,17819
275,10.0,72320,0.05,7232,-0.8445,262,0.16944395005702972,0.001,17829
275,10.0,72360,0.05,7236,-0.789,262,0.17971090972423553,0.001,17839
275,10.0,72400,0.05,7240,-0.867,262,0.13021168112754822,0.001,17849
275,10.0,72440,0.05,7244,-0.8580000000000001,262,0.21013443171977997,0.001,17859
275,10.0,72480,0.05,7248,-0.857,263,0.1453058421611786,0.001,17869
275,10.0,72520,0.05,7252,-0.6905,263,0.731340229511261,0.001,17879
275,10.0,72560,0.05,7256,-0.7120000000000001,263,0.48143261671066284,0.001,17889
275,10.0,72600,0.05,7260,-0.689,263,0.339838445186615,0.001,17899
275,10.0,72640,0.05,7264,-0.6349999999999999,263,0.272622287273407,0.001,17909
275,10.0,72680,0.05,7268,-0.5974999999999998,263,0.07421420514583588,0.001,17919
275,10.0,72720,0.05,7272,-0.6275000000000001,264,0.11283095926046371,0.001,17929
275,10.0,72760,0.05,7276,-0.5660000000000002,264,0.2676009237766266,0.001,17939
274,10.0,72800,0.05,7280,-0.54,264,0.2445189207792282,0.001,17949
274,10.0,72840,0.05,7284,-0.456,265,0.2178407907485962,0.001,17959
274,10.0,72880,0.05,7288,-0.42450000000000004,265,0.10844186693429947,0.001,17969
274,10.0,72920,0.05,7292,-0.259,265,0.2102501392364502,0.001,17979
274,10.0,72960,0.05,7296,-0.18650000000000003,265,0.44138041138648987,0.001,17989
274,10.0,73000,0.05,7300,-0.16200000000000003,265,0.32756564021110535,0.001,17999
274,10.0,73040,0.05,7304,-0.20550000000000007,265,0.16180139780044556,0.001,18009
274,10.0,73080,0.05,7308,-0.054500000000000014,265,0.42611393332481384,0.001,18019
274,10.0,73120,0.05,7312,0.04150000000000002,266,0.2440502941608429,0.001,18029
274,10.0,73160,0.05,7316,0.054500000000000014,266,0.2750340700149536,0.001,18039
274,10.0,73200,0.05,7320,0.09499999999999999,266,0.1126299574971199,0.001,18049
274,10.0,73240,0.05,7324,0.08349999999999991,266,0.2265845090150833,0.001,18059
274,10.0,73280,0.05,7328,0.02749999999999996,267,0.10947345942258835,0.001,18069
274,10.0,73320,0.05,7332,0.058000000000000024,267,0.37941867113113403,0.001,18079
274,10.0,73360,0.05,7336,0.056499999999999995,267,0.12122129648923874,0.001,18089
274,10.0,73400,0.05,7340,0.08649999999999997,267,0.1334761530160904,0.001,18099
274,10.0,73440,0.05,7344,0.0889999999999999,267,0.40072429180145264,0.001,18109
274,10.0,73480,0.05,7348,0.14249999999999996,267,0.3441452383995056,0.001,18119
274,10.0,73520,0.05,7352,-0.015500000000000055,267,0.25948742032051086,0.001,18129
274,10.0,73560,0.05,7356,-0.0005000000000000568,267,0.43111276626586914,0.001,18139
274,10.0,73600,0.05,7360,-0.05450000000000005,268,0.5009914040565491,0.001,18149
274,10.0,73640,0.05,7364,-0.0915,268,0.14082996547222137,0.001,18159
274,10.0,73680,0.05,7368,-0.10249999999999991,268,0.0863662138581276,0.001,18169
274,10.0,73720,0.05,7372,-0.15049999999999997,268,0.513171911239624,0.001,18179
274,10.0,73760,0.05,7376,-0.13249999999999995,268,0.09714088588953018,0.001,18189
274,10.0,73800,0.05,7380,-0.1745,268,0.7021449208259583,0.001,18199
274,10.0,73840,0.05,7384,-0.3095,268,0.3086443245410919,0.001,18209
274,10.0,73880,0.05,7388,-0.376,268,1.2434666156768799,0.001,18219
274,10.0,73920,0.05,7392,-0.3765,268,0.08587785065174103,0.001,18229
274,10.0,73960,0.05,7396,-0.4595,269,0.11681889742612839,0.001,18239
274,10.0,74000,0.05,7400,-0.5255000000000001,269,0.6459618210792542,0.001,18249
274,10.0,74040,0.05,7404,-0.603,269,0.27637478709220886,0.001,18259
274,10.0,74080,0.05,7408,-0.737,269,0.3873063921928406,0.001,18269
274,10.0,74120,0.05,7412,-0.7745000000000002,269,0.320330947637558,0.001,18279
274,10.0,74160,0.05,7416,-0.825,269,0.5061895847320557,0.001,18289
275,10.0,74200,0.05,7420,-0.8315,269,0.29720908403396606,0.001,18299
274,10.0,74240,0.05,7424,-0.7965000000000001,269,0.22324195504188538,0.001,18309
275,10.0,74280,0.05,7428,-0.7380000000000001,270,0.08337417244911194,0.001,18319
275,10.0,74320,0.05,7432,-0.7610000000000001,270,0.22755064070224762,0.001,18329
275,10.0,74360,0.05,7436,-0.851,270,0.1217060536146164,0.001,18339
275,10.0,74400,0.05,7440,-0.8684999999999998,270,0.11885012686252594,0.001,18349
275,10.0,74440,0.05,7444,-0.9114999999999998,270,0.4200783669948578,0.001,18359
275,10.0,74480,0.05,7448,-1.0614999999999999,270,0.18998442590236664,0.001,18369
275,10.0,74520,0.05,7452,-0.9,270,0.244355246424675,0.001,18379
275,10.0,74560,0.05,7456,-0.9914999999999999,270,0.38842612504959106,0.001,18389
275,10.0,74600,0.05,7460,-1.1445,270,0.12933021783828735,0.001,18399
275,10.0,74640,0.05,7464,-1.0735,271,0.2603773772716522,0.001,18409
275,10.0,74680,0.05,7468,-1.1689999999999998,271,0.0915956050157547,0.001,18419
275,10.0,74720,0.05,7472,-1.0225,271,0.8522045612335205,0.001,18429
275,10.0,74760,0.05,7476,-1.0709999999999997,271,0.3821185827255249,0.001,18439
275,10.0,74800,0.05,7480,-0.9274999999999999,271,0.17793229222297668,0.001,18449
275,10.0,74840,0.05,7484,-0.8649999999999999,271,0.12769711017608643,0.001,18459
275,10.0,74880,0.05,7488,-0.8255,271,0.4142824113368988,0.001,18469
275,10.0,74920,0.05,7492,-0.867,272,0.12079387903213501,0.001,18479
275,10.0,74960,0.05,7496,-0.8109999999999999,272,0.6363749504089355,0.001,18489
274,10.0,75000,0.05,7500,-0.7989999999999999,272,0.1676228940486908,0.001,18499
274,10.0,75040,0.05,7504,-0.7475,273,0.11090213060379028,0.001,18509
274,10.0,75080,0.05,7508,-0.6109999999999999,273,0.3970089852809906,0.001,18519
274,10.0,75120,0.05,7512,-0.741,273,0.1989843249320984,0.001,18529
274,10.0,75160,0.05,7516,-0.7735000000000001,273,0.1570255160331726,0.001,18539
274,10.0,75200,0.05,7520,-0.7585000000000001,274,0.2956704795360565,0.001,18549
274,10.0,75240,0.05,7524,-0.8190000000000001,274,0.24903911352157593,0.001,18559
274,10.0,75280,0.05,7528,-0.8769999999999999,274,0.3973177373409271,0.001,18569
274,10.0,75320,0.05,7532,-0.9030000000000001,274,0.29496583342552185,0.001,18579
274,10.0,75360,0.05,7536,-0.8899999999999999,274,0.43207719922065735,0.001,18589
274,10.0,75400,0.05,7540,-0.8965000000000001,274,1.3937225341796875,0.001,18599
274,10.0,75440,0.05,7544,-0.8144999999999999,275,0.6851450204849243,0.001,18609
273,10.0,75480,0.05,7548,-0.7389999999999999,275,0.8172821998596191,0.001,18619
273,10.0,75520,0.05,7552,-0.8780000000000002,276,0.13059279322624207,0.001,18629
273,10.0,75560,0.05,7556,-0.8319999999999999,276,0.6357647776603699,0.001,18639
273,10.0,75600,0.05,7560,-0.7550000000000001,276,0.4381694793701172,0.001,18649
272,10.0,75640,0.05,7564,-0.6930000000000001,277,0.7328606843948364,0.001,18659
272,10.0,75680,0.05,7568,-0.6195,277,0.15528719127178192,0.001,18669
271,10.0,75720,0.05,7572,-0.7345,278,0.1269514113664627,0.001,18679
266,10.0,75760,0.05,7576,-0.7439999999999999,284,0.11472572386264801,0.001,18689
266,10.0,75800,0.05,7580,-0.897,284,0.7108365297317505,0.001,18699
265,10.0,75840,0.05,7584,-0.9405,285,0.34161102771759033,0.001,18709
265,10.0,75880,0.05,7588,-1.004,285,0.09501537680625916,0.001,18719
265,10.0,75920,0.05,7592,-0.9644999999999999,285,0.1108170747756958,0.001,18729
262,10.0,75960,0.05,7596,-0.894,288,0.40216174721717834,0.001,18739
257,10.0,76000,0.05,7600,-0.8495,295,0.1693088859319687,0.001,18749
257,10.0,76040,0.05,7604,-0.8760000000000001,295,0.6025802493095398,0.001,18759
255,10.0,76080,0.05,7608,-1.0100000000000002,297,0.14936336874961853,0.001,18769
254,10.0,76120,0.05,7612,-0.9749999999999999,299,0.1942698359489441,0.001,18779
253,10.0,76160,0.05,7616,-0.9260000000000003,300,0.12544700503349304,0.001,18789
253,10.0,76200,0.05,7620,-0.9570000000000001,300,0.16706840693950653,0.001,18799
253,10.0,76240,0.05,7624,-0.953,300,0.07663269340991974,0.001,18809
253,10.0,76280,0.05,7628,-0.872,301,0.18124331533908844,0.001,18819
253,10.0,76320,0.05,7632,-0.8315,301,0.45350682735443115,0.001,18829
253,10.0,76360,0.05,7636,-0.8844999999999998,301,0.5513328313827515,0.001,18839
253,10.0,76400,0.05,7640,-0.9359999999999999,301,0.11558332294225693,0.001,18849
253,10.0,76440,0.05,7644,-1.0274999999999999,302,0.45806241035461426,0.001,18859
252,10.0,76480,0.05,7648,-0.9570000000000001,302,0.21752537786960602,0.001,18869
252,10.0,76520,0.05,7652,-0.862,302,0.421431303024292,0.001,18879
252,10.0,76560,0.05,7656,-0.7175,302,1.542199730873108,0.001,18889
252,10.0,76600,0.05,7660,-0.7229999999999996,302,0.4880530536174774,0.001,18899
252,10.0,76640,0.05,7664,-0.8534999999999998,303,0.1493619978427887,0.001,18909
252,10.0,76680,0.05,7668,-0.834,303,0.8094283938407898,0.001,18919
252,10.0,76720,0.05,7672,-0.7829999999999999,303,0.586627185344696,0.001,18929
252,10.0,76760,0.05,7676,-0.7565,303,0.16982439160346985,0.001,18939
252,10.0,76800,0.05,7680,-0.6374999999999997,303,0.23059365153312683,0.001,18949
252,10.0,76840,0.05,7684,-0.5535,303,0.1094941794872284,0.001,18959
252,10.0,76880,0.05,7688,-0.4884999999999999,304,0.13639181852340698,0.001,18969
252,10.0,76920,0.05,7692,-0.5489999999999999,304,0.12820445001125336,0.001,18979
252,10.0,76960,0.05,7696,-0.6655,304,0.3128765821456909,0.001,18989
252,10.0,77000,0.05,7700,-0.6625000000000001,304,0.241222083568573,0.001,18999
252,10.0,77040,0.05,7704,-0.6275000000000001,304,0.6537430286407471,0.001,19009
252,10.0,77080,0.05,7708,-0.5545,305,0.08020614087581635,0.001,19019
252,10.0,77120,0.05,7712,-0.5395,305,0.13994108140468597,0.001,19029
252,10.0,77160,0.05,7716,-0.5215000000000001,305,0.09286049008369446,0.001,19039
252,10.0,77200,0.05,7720,-0.5205,306,0.07731367647647858,0.001,19049
252,10.0,77240,0.05,7724,-0.44150000000000006,306,0.24032099545001984,0.001,19059
252,10.0,77280,0.05,7728,-0.5509999999999998,306,0.1420060396194458,0.001,19069
252,10.0,77320,0.05,7732,-0.5569999999999999,306,0.12923188507556915,0.001,19079
252,10.0,77360,0.05,7736,-0.41449999999999987,306,0.11766932159662247,0.001,19089
252,10.0,77400,0.05,7740,-0.3989999999999999,306,0.16615498065948486,0.001,19099
252,10.0,77440,0.05,7744,-0.4715,307,0.4645344614982605,0.001,19109
252,10.0,77480,0.05,7748,-0.519,307,0.1771712303161621,0.001,19119
251,10.0,77520,0.05,7752,-0.549,307,0.12030357867479324,0.001,19129
251,10.0,77560,0.05,7756,-0.657,308,0.22602508962154388,0.001,19139
251,10.0,77600,0.05,7760,-0.627,308,0.11774745583534241,0.001,19149
251,10.0,77640,0.05,7764,-0.5565000000000001,308,0.10149534791707993,0.001,19159
251,10.0,77680,0.05,7768,-0.4985,309,0.7000598907470703,0.001,19169
251,10.0,77720,0.05,7772,-0.5325,309,0.3693096935749054,0.001,19179
251,10.0,77760,0.05,7776,-0.589,309,0.5696509480476379,0.001,19189
250,10.0,77800,0.05,7780,-0.6419999999999999,310,0.19124601781368256,0.001,19199
250,10.0,77840,0.05,7784,-0.675,310,1.6196260452270508,0.001,19209
250,10.0,77880,0.05,7788,-0.6525,311,0.7379328608512878,0.001,19219
250,10.0,77920,0.05,7792,-0.613,311,0.5442758202552795,0.001,19229
249,10.0,77960,0.05,7796,-0.5379999999999999,311,0.5585061311721802,0.001,19239
249,10.0,78000,0.05,7800,-0.5715,312,0.1785775125026703,0.001,19249
249,10.0,78040,0.05,7804,-0.4935000000000001,312,0.22273457050323486,0.001,19259
249,10.0,78080,0.05,7808,-0.5265000000000001,312,0.6208536624908447,0.001,19269
249,10.0,78120,0.05,7812,-0.4895000000000001,313,0.2488391250371933,0.001,19279
249,10.0,78160,0.05,7816,-0.49050000000000005,313,0.33204999566078186,0.001,19289
249,10.0,78200,0.05,7820,-0.4935000000000001,313,0.2661537528038025,0.001,19299
249,10.0,78240,0.05,7824,-0.4755000000000001,314,0.6237697601318359,0.001,19309
248,10.0,78280,0.05,7828,-0.38900000000000007,314,0.2588844299316406,0.001,19319
248,10.0,78320,0.05,7832,-0.38800000000000007,314,0.201425701379776,0.001,19329
248,10.0,78360,0.05,7836,-0.3485000000000001,314,0.1301357001066208,0.001,19339
248,10.0,78400,0.05,7840,-0.436,315,0.0862790048122406,0.001,19349
248,10.0,78440,0.05,7844,-0.41700000000000004,315,0.5126224160194397,0.001,19359
248,10.0,78480,0.05,7848,-0.4745,315,0.09082119911909103,0.001,19369
248,10.0,78520,0.05,7852,-0.5025,315,0.09261974692344666,0.001,19379
248,10.0,78560,0.05,7856,-0.4690000000000001,316,0.2936999797821045,0.001,19389
248,10.0,78600,0.05,7860,-0.49000000000000016,316,0.7124685645103455,0.001,19399
248,10.0,78640,0.05,7864,-0.47600000000000003,316,0.4099128544330597,0.001,19409
248,10.0,78680,0.05,7868,-0.5630000000000001,316,0.3107685148715973,0.001,19419
248,10.0,78720,0.05,7872,-0.5009999999999999,316,0.11772428452968597,0.001,19429
248,10.0,78760,0.05,7876,-0.46699999999999997,316,0.09706320613622665,0.001,19439
248,10.0,78800,0.05,7880,-0.39150000000000007,317,0.2389831840991974,0.001,19449
248,10.0,78840,0.05,7884,-0.4809999999999999,317,0.35001340508461,0.001,19459
248,10.0,78880,0.05,7888,-0.547,317,0.12069138884544373,0.001,19469
248,10.0,78920,0.05,7892,-0.5625,317,0.20072804391384125,0.001,19479
248,10.0,78960,0.05,7896,-0.5670000000000001,317,0.38761255145072937,0.001,19489
248,10.0,79000,0.05,7900,-0.5545000000000001,317,0.1036018654704094,0.001,19499
248,10.0,79040,0.05,7904,-0.5654999999999999,318,0.2494671791791916,0.001,19509
248,10.0,79080,0.05,7908,-0.5680000000000001,318,0.38902828097343445,0.001,19519
248,10.0,79120,0.05,7912,-0.5539999999999999,318,0.5106291770935059,0.001,19529
248,10.0,79160,0.05,7916,-0.5735000000000001,318,0.13158215582370758,0.001,19539
248,10.0,79200,0.05,7920,-0.5670000000000001,318,0.6840876936912537,0.001,19549
248,10.0,79240,0.05,7924,-0.5725000000000001,318,0.09154850244522095,0.001,19559
248,10.0,79280,0.05,7928,-0.6844999999999999,318,0.10634340345859528,0.001,19569
248,10.0,79320,0.05,7932,-0.636,319,0.49786972999572754,0.001,19579
248,10.0,79360,0.05,7936,-0.671,319,0.3605893850326538,0.001,19589
248,10.0,79400,0.05,7940,-0.576,319,0.6566569805145264,0.001,19599
248,10.0,79440,0.05,7944,-0.4705,319,0.49395090341567993,0.001,19609
248,10.0,79480,0.05,7948,-0.46099999999999985,319,0.21520337462425232,0.001,19619
248,10.0,79520,0.05,7952,-0.4215,319,0.9185627698898315,0.001,19629
248,10.0,79560,0.05,7956,-0.3899999999999999,320,0.1184309795498848,0.001,19639
248,10.0,79600,0.05,7960,-0.374,320,0.1086273342370987,0.001,19649
248,10.0,79640,0.05,7964,-0.3839999999999999,320,0.7603076100349426,0.001,19659
248,10.0,79680,0.05,7968,-0.41,320,0.10713542252779007,0.001,19669
248,10.0,79720,0.05,7972,-0.44199999999999995,320,0.20388677716255188,0.001,19679
248,10.0,79760,0.05,7976,-0.3219999999999999,320,0.11064837872982025,0.001,19689
248,10.0,79800,0.05,7980,-0.4364999999999999,321,1.1052160263061523,0.001,19699
248,10.0,79840,0.05,7984,-0.396,321,0.24952146410942078,0.001,19709
248,10.0,79880,0.05,7988,-0.37,321,0.24136178195476532,0.001,19719
248,10.0,79920,0.05,7992,-0.42599999999999993,321,0.7331944704055786,0.001,19729
248,10.0,79960,0.05,7996,-0.43449999999999994,321,1.1327970027923584,0.001,19739
248,10.0,80000,0.05,8000,-0.40349999999999997,321,0.45857730507850647,0.001,19749
248,10.0,80040,0.05,8004,-0.37099999999999994,322,0.44291579723358154,0.001,19759
248,10.0,80080,0.05,8008,-0.282,322,0.13617664575576782,0.001,19769
248,10.0,80120,0.05,8012,-0.244,322,0.25662001967430115,0.001,19779
248,10.0,80160,0.05,8016,-0.2529999999999999,322,0.2701272666454315,0.001,19789
248,10.0,80200,0.05,8020,-0.35350000000000004,322,0.23874583840370178,0.001,19799
248,10.0,80240,0.05,8024,-0.43199999999999994,322,0.9885462522506714,0.001,19809
248,10.0,80280,0.05,8028,-0.2444999999999999,322,0.25288957357406616,0.001,19819
248,10.0,80320,0.05,8032,-0.309,323,0.08715682476758957,0.001,19829
248,10.0,80360,0.05,8036,-0.441,323,0.22977562248706818,0.001,19839
248,10.0,80400,0.05,8040,-0.46449999999999997,323,0.893520712852478,0.001,19849
248,10.0,80440,0.05,8044,-0.488,323,0.13618719577789307,0.001,19859
248,10.0,80480,0.05,8048,-0.45,324,0.7015756964683533,0.001,19869
248,10.0,80520,0.05,8052,-0.4894999999999999,324,2.0974135398864746,0.001,19879
247,10.0,80560,0.05,8056,-0.57,325,0.13150663673877716,0.001,19889
247,10.0,80600,0.05,8060,-0.543,325,0.2085476666688919,0.001,19899
247,10.0,80640,0.05,8064,-0.6070000000000001,325,0.14949765801429749,0.001,19909
247,10.0,80680,0.05,8068,-0.5775000000000001,326,0.7521541714668274,0.001,19919
247,10.0,80720,0.05,8072,-0.5485000000000001,326,0.3786446154117584,0.001,19929
246,10.0,80760,0.05,8076,-0.6315000000000001,327,0.3085032105445862,0.001,19939
246,10.0,80800,0.05,8080,-0.6745,327,0.1266735941171646,0.001,19949
246,10.0,80840,0.05,8084,-0.48650000000000015,327,1.176231861114502,0.001,19959
246,10.0,80880,0.05,8088,-0.44500000000000006,328,0.4054050147533417,0.001,19969
246,10.0,80920,0.05,8092,-0.40550000000000014,328,0.5629696249961853,0.001,19979
246,10.0,80960,0.05,8096,-0.4495,328,0.1570407748222351,0.001,19989
246,10.0,81000,0.05,8100,-0.5170000000000001,328,0.2744362950325012,0.001,19999
246,10.0,81040,0.05,8104,-0.6194999999999999,328,0.19313740730285645,0.001,20009
246,10.0,81080,0.05,8108,-0.7295,328,0.18382064998149872,0.001,20019
246,10.0,81120,0.05,8112,-0.721,329,0.09826769679784775,0.001,20029
246,10.0,81160,0.05,8116,-0.7000000000000002,329,0.16169635951519012,0.001,20039
246,10.0,81200,0.05,8120,-0.618,329,0.09613877534866333,0.001,20049
246,10.0,81240,0.05,8124,-0.5944999999999999,329,0.10833987593650818,0.001,20059
246,10.0,81280,0.05,8128,-0.7615000000000001,329,0.0711095780134201,0.001,20069
246,10.0,81320,0.05,8132,-0.7755,329,0.08744701743125916,0.001,20079
246,10.0,81360,0.05,8136,-0.664,330,0.17323362827301025,0.001,20089
246,10.0,81400,0.05,8140,-0.6249999999999999,330,0.13818073272705078,0.001,20099
246,10.0,81440,0.05,8144,-0.6725,330,0.22624777257442474,0.001,20109
246,10.0,81480,0.05,8148,-0.652,330,0.1481659710407257,0.001,20119
246,10.0,81520,0.05,8152,-0.5209999999999999,331,0.09891195595264435,0.001,20129
246,10.0,81560,0.05,8156,-0.48350000000000004,331,0.20452061295509338,0.001,20139
246,10.0,81600,0.05,8160,-0.49499999999999994,331,0.346297949552536,0.001,20149
246,10.0,81640,0.05,8164,-0.418,331,0.5022805333137512,0.001,20159
246,10.0,81680,0.05,8168,-0.3735000000000001,331,0.17004647850990295,0.001,20169
246,10.0,81720,0.05,8172,-0.35800000000000004,331,0.16275626420974731,0.001,20179
246,10.0,81760,0.05,8176,-0.33449999999999996,332,0.2957119047641754,0.001,20189
246,10.0,81800,0.05,8180,-0.283,332,0.6916676759719849,0.001,20199
246,10.0,81840,0.05,8184,-0.3945,332,0.412887305021286,0.001,20209
246,10.0,81880,0.05,8188,-0.434,332,0.34929269552230835,0.001,20219
246,10.0,81920,0.05,8192,-0.43199999999999994,332,0.5507321953773499,0.001,20229
246,10.0,81960,0.05,8196,-0.44100000000000006,332,0.6962983012199402,0.001,20239
246,10.0,82000,0.05,8200,-0.29100000000000015,333,0.31689682602882385,0.001,20249
246,10.0,82040,0.05,8204,-0.21600000000000003,333,1.3755840063095093,0.001,20259
246,10.0,82080,0.05,8208,-0.09849999999999999,333,0.3715839982032776,0.001,20269
246,10.0,82120,0.05,8212,-0.11299999999999999,333,0.1895727664232254,0.001,20279
246,10.0,82160,0.05,8216,-0.1425,333,0.36191678047180176,0.001,20289
246,10.0,82200,0.05,8220,-0.0715,333,0.3687403202056885,0.001,20299
246,10.0,82240,0.05,8224,-0.1085,333,0.5285339951515198,0.001,20309
246,10.0,82280,0.05,8228,-0.05700000000000001,334,0.11636566370725632,0.001,20319
246,10.0,82320,0.05,8232,-0.056999999999999995,334,0.3412165939807892,0.001,20329
246,10.0,82360,0.05,8236,-0.09000000000000002,334,0.10024561733007431,0.001,20339
246,10.0,82400,0.05,8240,-0.10650000000000003,334,0.39104050397872925,0.001,20349
246,10.0,82440,0.05,8244,-0.04099999999999999,334,0.4755162298679352,0.001,20359
246,10.0,82480,0.05,8248,-0.052999999999999936,335,0.1803876757621765,0.001,20369
246,10.0,82520,0.05,8252,-0.18399999999999994,335,0.38272345066070557,0.001,20379
246,10.0,82560,0.05,8256,-0.22899999999999998,335,0.12300341576337814,0.001,20389
246,10.0,82600,0.05,8260,-0.20650000000000002,335,0.4657445251941681,0.001,20399
246,10.0,82640,0.05,8264,-0.28950000000000004,335,0.11282434314489365,0.001,20409
246,10.0,82680,0.05,8268,-0.32299999999999995,336,0.3110513389110565,0.001,20419
246,10.0,82720,0.05,8272,-0.31199999999999994,336,0.9752878546714783,0.001,20429
246,10.0,82760,0.05,8276,-0.3245,336,0.08641278743743896,0.001,20439
246,10.0,82800,0.05,8280,-0.239,336,0.4391151964664459,0.001,20449
246,10.0,82840,0.05,8284,-0.27349999999999997,336,0.28839677572250366,0.001,20459
245,10.0,82880,0.05,8288,-0.21699999999999992,336,0.25147438049316406,0.001,20469
245,10.0,82920,0.05,8292,-0.16199999999999995,337,0.11216709762811661,0.001,20479
245,10.0,82960,0.05,8296,-0.1675,337,0.09380172938108444,0.001,20489
245,10.0,83000,0.05,8300,-0.25849999999999995,337,0.2537848651409149,0.001,20499
245,10.0,83040,0.05,8304,-0.31199999999999994,337,0.32839640974998474,0.001,20509
245,10.0,83080,0.05,8308,-0.38349999999999995,337,0.14792941510677338,0.001,20519
245,10.0,83120,0.05,8312,-0.35200000000000004,337,0.3675196170806885,0.001,20529
245,10.0,83160,0.05,8316,-0.2825,338,0.5796918869018555,0.001,20539
245,10.0,83200,0.05,8320,-0.4485,338,0.11704690754413605,0.001,20549
245,10.0,83240,0.05,8324,-0.428,338,0.28388258814811707,0.001,20559
245,10.0,83280,0.05,8328,-0.4165,338,0.3693337142467499,0.001,20569
245,10.0,83320,0.05,8332,-0.387,339,0.8494192361831665,0.001,20579
245,10.0,83360,0.05,8336,-0.35400000000000015,339,0.10629916936159134,0.001,20589
245,10.0,83400,0.05,8340,-0.3725,339,0.20919016003608704,0.001,20599
245,10.0,83440,0.05,8344,-0.45649999999999996,340,0.29322895407676697,0.001,20609
245,10.0,83480,0.05,8348,-0.4005,340,0.1193007081747055,0.001,20619
244,10.0,83520,0.05,8352,-0.21999999999999997,341,0.5729858875274658,0.001,20629
244,10.0,83560,0.05,8356,-0.12700000000000003,341,0.8957772254943848,0.001,20639
244,10.0,83600,0.05,8360,-0.16599999999999998,341,0.4235509932041168,0.001,20649
244,10.0,83640,0.05,8364,-0.07300000000000004,342,0.09220891445875168,0.001,20659
244,10.0,83680,0.05,8368,-0.16700000000000004,342,0.8691824078559875,0.001,20669
244,10.0,83720,0.05,8372,-0.20450000000000002,342,0.11217597872018814,0.001,20679
244,10.0,83760,0.05,8376,-0.18300000000000005,343,0.1714940071105957,0.001,20689
243,10.0,83800,0.05,8380,-0.24549999999999997,343,0.21136581897735596,0.001,20699
243,10.0,83840,0.05,8384,-0.26799999999999996,343,0.33657515048980713,0.001,20709
243,10.0,83880,0.05,8388,-0.2695,344,0.552787721157074,0.001,20719
243,10.0,83920,0.05,8392,-0.3015,344,0.10982033610343933,0.001,20729
243,10.0,83960,0.05,8396,-0.192,344,0.07910776138305664,0.001,20739
243,10.0,84000,0.05,8400,-0.20100000000000004,344,0.2053714394569397,0.001,20749
243,10.0,84040,0.05,8404,-0.14750000000000005,344,0.08371683210134506,0.001,20759
243,10.0,84080,0.05,8408,-0.18400000000000005,344,0.5687801837921143,0.001,20769
243,10.0,84120,0.05,8412,-0.26099999999999995,344,0.1451614946126938,0.001,20779
243,10.0,84160,0.05,8416,-0.4079999999999999,345,0.1339707374572754,0.001,20789
243,10.0,84200,0.05,8420,-0.3095,345,0.05585857480764389,0.001,20799
243,10.0,84240,0.05,8424,-0.3289999999999999,345,0.11568128317594528,0.001,20809
243,10.0,84280,0.05,8428,-0.3484999999999999,345,0.8618682622909546,0.001,20819
243,10.0,84320,0.05,8432,-0.357,345,1.9124478101730347,0.001,20829
243,10.0,84360,0.05,8436,-0.34850000000000003,346,0.38736075162887573,0.001,20839
243,10.0,84400,0.05,8440,-0.4050000000000001,346,1.0550158023834229,0.001,20849
243,10.0,84440,0.05,8444,-0.3215,346,0.12419187277555466,0.001,20859
243,10.0,84480,0.05,8448,-0.347,346,0.36960113048553467,0.001,20869
243,10.0,84520,0.05,8452,-0.5445,346,0.49346259236335754,0.001,20879
243,10.0,84560,0.05,8456,-0.6715000000000001,346,0.4803037643432617,0.001,20889
243,10.0,84600,0.05,8460,-0.7184999999999999,346,0.47305142879486084,0.001,20899
243,10.0,84640,0.05,8464,-0.8080000000000002,346,0.19343134760856628,0.001,20909
244,10.0,84680,0.05,8468,-0.7650000000000001,347,0.10812525451183319,0.001,20919
244,10.0,84720,0.05,8472,-0.7879999999999999,347,0.09933359920978546,0.001,20929
244,10.0,84760,0.05,8476,-0.7674999999999998,347,0.9922270774841309,0.001,20939
244,10.0,84800,0.05,8480,-0.6970000000000001,347,0.5229611396789551,0.001,20949
244,10.0,84840,0.05,8484,-0.5910000000000001,347,0.15663069486618042,0.001,20959
244,10.0,84880,0.05,8488,-0.6365000000000001,347,0.0992426723241806,0.001,20969
244,10.0,84920,0.05,8492,-0.6665000000000001,347,0.4777846038341522,0.001,20979
244,10.0,84960,0.05,8496,-0.8130000000000002,348,0.143541157245636,0.001,20989
243,10.0,85000,0.05,8500,-0.8495000000000001,348,0.3905249834060669,0.001,20999
243,10.0,85040,0.05,8504,-0.8605000000000002,348,0.39101994037628174,0.001,21009
243,10.0,85080,0.05,8508,-0.9315000000000001,348,0.8023259043693542,0.001,21019
244,10.0,85120,0.05,8512,-0.9470000000000001,348,0.13901062309741974,0.001,21029
244,10.0,85160,0.05,8516,-0.8205,348,0.8710557818412781,0.001,21039
244,10.0,85200,0.05,8520,-0.792,349,0.3013516664505005,0.001,21049
244,10.0,85240,0.05,8524,-0.714,349,0.2274700254201889,0.001,21059
244,10.0,85280,0.05,8528,-0.6975,349,0.13959439098834991,0.001,21069
244,10.0,85320,0.05,8532,-0.731,349,0.11638128757476807,0.001,21079
244,10.0,85360,0.05,8536,-0.79,349,0.19455865025520325,0.001,21089
244,10.0,85400,0.05,8540,-0.6574999999999999,349,0.2995627522468567,0.001,21099
244,10.0,85440,0.05,8544,-0.6859999999999998,349,0.2891388535499573,0.001,21109
244,10.0,85480,0.05,8548,-0.7509999999999999,349,0.10071606189012527,0.001,21119
244,10.0,85520,0.05,8552,-0.7160000000000001,349,0.6994228959083557,0.001,21129
244,10.0,85560,0.05,8556,-0.6395000000000001,350,0.10902004688978195,0.001,21139
244,10.0,85600,0.05,8560,-0.4875,350,1.3129189014434814,0.001,21149
244,10.0,85640,0.05,8564,-0.3595000000000001,350,0.11016811430454254,0.001,21159
244,10.0,85680,0.05,8568,-0.30300000000000005,350,0.08607084304094315,0.001,21169
244,10.0,85720,0.05,8572,-0.25150000000000006,350,0.08519624918699265,0.001,21179
244,10.0,85760,0.05,8576,-0.36,350,0.10930884629487991,0.001,21189
244,10.0,85800,0.05,8580,-0.37450000000000006,350,0.14463844895362854,0.001,21199
244,10.0,85840,0.05,8584,-0.36750000000000005,350,0.3541671931743622,0.001,21209
244,10.0,85880,0.05,8588,-0.322,351,0.562029242515564,0.001,21219
244,10.0,85920,0.05,8592,-0.24149999999999994,351,0.11397596448659897,0.001,21229
244,10.0,85960,0.05,8596,-0.19449999999999995,351,0.8015865087509155,0.001,21239
244,10.0,86000,0.05,8600,-0.11350000000000005,351,0.09219133108854294,0.001,21249
244,10.0,86040,0.05,8604,-0.13850000000000007,351,0.15206950902938843,0.001,21259
244,10.0,86080,0.05,8608,-0.016500000000000035,351,0.1500694900751114,0.001,21269
244,10.0,86120,0.05,8612,-0.04450000000000005,351,0.4472801387310028,0.001,21279
244,10.0,86160,0.05,8616,-0.12600000000000006,351,0.38038021326065063,0.001,21289
244,10.0,86200,0.05,8620,-0.13800000000000004,352,0.2786388099193573,0.001,21299
244,10.0,86240,0.05,8624,-0.20450000000000007,352,0.2144528329372406,0.001,21309
244,10.0,86280,0.05,8628,-0.22149999999999997,352,0.7261068224906921,0.001,21319
244,10.0,86320,0.05,8632,-0.2645,352,0.4435941278934479,0.001,21329
245,10.0,86360,0.05,8636,-0.16400000000000003,352,0.13959284126758575,0.001,21339
245,10.0,86400,0.05,8640,-0.14300000000000002,352,0.9406647086143494,0.001,21349
245,10.0,86440,0.05,8644,-0.07150000000000006,352,0.12582489848136902,0.001,21359
245,10.0,86480,0.05,8648,-0.04400000000000006,352,0.17463058233261108,0.001,21369
245,10.0,86520,0.05,8652,-0.06950000000000003,352,0.13690069317817688,0.001,21379
245,10.0,86560,0.05,8656,-0.10300000000000001,353,0.13384541869163513,0.001,21389
245,10.0,86600,0.05,8660,-0.165,353,0.11779418587684631,0.001,21399
245,10.0,86640,0.05,8664,-0.3215,353,0.4518192410469055,0.001,21409
245,10.0,86680,0.05,8668,-0.29,353,0.2608765959739685,0.001,21419
245,10.0,86720,0.05,8672,-0.35800000000000004,353,0.6219892501831055,0.001,21429
245,10.0,86760,0.05,8676,-0.32900000000000007,353,0.4183006286621094,0.001,21439
245,10.0,86800,0.05,8680,-0.3655,353,0.22720874845981598,0.001,21449
245,10.0,86840,0.05,8684,-0.4585000000000001,353,0.2702198922634125,0.001,21459
245,10.0,86880,0.05,8688,-0.5150000000000001,353,0.07560107856988907,0.001,21469
245,10.0,86920,0.05,8692,-0.5795,354,0.07960529625415802,0.001,21479
245,10.0,86960,0.05,8696,-0.5805,354,0.12449796497821808,0.001,21489
245,10.0,87000,0.05,8700,-0.6080000000000001,354,0.09368016570806503,0.001,21499
245,10.0,87040,0.05,8704,-0.6065,354,0.3611955940723419,0.001,21509
245,10.0,87080,0.05,8708,-0.585,354,0.12484227120876312,0.001,21519
245,10.0,87120,0.05,8712,-0.48149999999999993,354,0.12651483714580536,0.001,21529
245,10.0,87160,0.05,8716,-0.47150000000000003,354,0.5807711482048035,0.001,21539
245,10.0,87200,0.05,8720,-0.47800000000000004,354,0.11421563476324081,0.001,21549
245,10.0,87240,0.05,8724,-0.368,354,0.08489759266376495,0.001,21559
245,10.0,87280,0.05,8728,-0.349,355,0.6802112460136414,0.001,21569
245,10.0,87320,0.05,8732,-0.2225,355,0.3045245409011841,0.001,21579
245,10.0,87360,0.05,8736,-0.491,355,0.366688072681427,0.001,21589
245,10.0,87400,0.05,8740,-0.536,355,0.19727467000484467,0.001,21599
245,10.0,87440,0.05,8744,-0.5700000000000001,356,0.25915780663490295,0.001,21609
245,10.0,87480,0.05,8748,-0.5604999999999999,356,0.08749785274267197,0.001,21619
245,10.0,87520,0.05,8752,-0.5239999999999999,356,0.06987995654344559,0.001,21629
245,10.0,87560,0.05,8756,-0.48949999999999994,356,0.49625951051712036,0.001,21639
245,10.0,87600,0.05,8760,-0.591,357,0.4030269980430603,0.001,21649
245,10.0,87640,0.05,8764,-0.5160000000000001,357,0.1183113157749176,0.001,21659
244,10.0,87680,0.05,8768,-0.5830000000000001,357,0.15241989493370056,0.001,21669
244,10.0,87720,0.05,8772,-0.5055,358,0.2896670699119568,0.001,21679
244,10.0,87760,0.05,8776,-0.449,358,0.2749582529067993,0.001,21689
244,10.0,87800,0.05,8780,-0.42949999999999994,358,0.09599147737026215,0.001,21699
244,10.0,87840,0.05,8784,-0.39949999999999997,358,0.126048281788826,0.001,21709
244,10.0,87880,0.05,8788,-0.3675,358,0.09609907120466232,0.001,21719
245,10.0,87920,0.05,8792,-0.33299999999999996,358,0.5361840128898621,0.001,21729
245,10.0,87960,0.05,8796,-0.3465,358,0.1060284972190857,0.001,21739
245,10.0,88000,0.05,8800,-0.43249999999999994,359,0.28891435265541077,0.001,21749
245,10.0,88040,0.05,8804,-0.312,359,0.17083120346069336,0.001,21759
245,10.0,88080,0.05,8808,-0.3615,359,0.10068848729133606,0.001,21769
245,10.0,88120,0.05,8812,-0.4425,359,0.11959359049797058,0.001,21779
245,10.0,88160,0.05,8816,-0.40099999999999997,359,0.5995972752571106,0.001,21789
245,10.0,88200,0.05,8820,-0.42800000000000005,359,0.17532798647880554,0.001,21799
245,10.0,88240,0.05,8824,-0.43399999999999994,359,0.2160690426826477,0.001,21809
245,10.0,88280,0.05,8828,-0.408,360,0.7368745803833008,0.001,21819
245,10.0,88320,0.05,8832,-0.4535,360,0.4488288164138794,0.001,21829
245,10.0,88360,0.05,8836,-0.209,360,0.1633618026971817,0.001,21839
245,10.0,88400,0.05,8840,-0.27,360,0.5740971565246582,0.001,21849
245,10.0,88440,0.05,8844,-0.23249999999999996,360,0.09910500794649124,0.001,21859
245,10.0,88480,0.05,8848,-0.2025,360,0.11402647197246552,0.001,21869
245,10.0,88520,0.05,8852,-0.2775000000000001,360,0.5782703161239624,0.001,21879
245,10.0,88560,0.05,8856,-0.2730000000000001,360,0.489053338766098,0.001,21889
245,10.0,88600,0.05,8860,-0.2745000000000001,360,0.12070572376251221,0.001,21899
245,10.0,88640,0.05,8864,-0.2735000000000001,361,0.09971049427986145,0.001,21909
245,10.0,88680,0.05,8868,-0.21950000000000003,361,0.10583338141441345,0.001,21919
245,10.0,88720,0.05,8872,-0.23050000000000004,361,0.3303091526031494,0.001,21929
245,10.0,88760,0.05,8876,-0.175,361,0.06810498982667923,0.001,21939
245,10.0,88800,0.05,8880,-0.146,361,0.10078458487987518,0.001,21949
245,10.0,88840,0.05,8884,-0.177,361,0.2497134804725647,0.001,21959
245,10.0,88880,0.05,8888,-0.2720000000000001,361,0.10864154994487762,0.001,21969
245,10.0,88920,0.05,8892,-0.279,361,0.0752243772149086,0.001,21979
245,10.0,88960,0.05,8896,-0.2855,361,0.07764708250761032,0.001,21989
245,10.0,89000,0.05,8900,-0.2545,362,0.9574568271636963,0.001,21999
245,10.0,89040,0.05,8904,-0.3845,362,0.5295533537864685,0.001,22009
245,10.0,89080,0.05,8908,-0.3675,362,0.24562354385852814,0.001,22019
245,10.0,89120,0.05,8912,-0.35350000000000004,362,0.3754873275756836,0.001,22029
245,10.0,89160,0.05,8916,-0.326,362,0.3830953538417816,0.001,22039
246,10.0,89200,0.05,8920,-0.26099999999999995,362,0.21251223981380463,0.001,22049
246,10.0,89240,0.05,8924,-0.32800000000000007,362,0.13236691057682037,0.001,22059
246,10.0,89280,0.05,8928,-0.297,362,0.4885934293270111,0.001,22069
246,10.0,89320,0.05,8932,-0.35850000000000004,362,0.12462901324033737,0.001,22079
246,10.0,89360,0.05,8936,-0.34149999999999997,363,0.8103413581848145,0.001,22089
246,10.0,89400,0.05,8940,-0.28900000000000003,363,0.13968586921691895,0.001,22099
246,10.0,89440,0.05,8944,-0.3325,363,0.11810535192489624,0.001,22109
246,10.0,89480,0.05,8948,-0.35050000000000003,363,0.2304067313671112,0.001,22119
246,10.0,89520,0.05,8952,-0.24299999999999997,363,1.029091238975525,0.001,22129
246,10.0,89560,0.05,8956,-0.24799999999999997,363,0.4622347056865692,0.001,22139
246,10.0,89600,0.05,8960,-0.13649999999999998,363,0.23959310352802277,0.001,22149
246,10.0,89640,0.05,8964,-0.149,363,0.5402463674545288,0.001,22159
246,10.0,89680,0.05,8968,-0.145,363,0.08687068521976471,0.001,22169
246,10.0,89720,0.05,8972,-0.1255,363,2.274472236633301,0.001,22179
246,10.0,89760,0.05,8976,-0.1745,364,1.4273420572280884,0.001,22189
246,10.0,89800,0.05,8980,-0.25799999999999995,364,0.07279106229543686,0.001,22199
246,10.0,89840,0.05,8984,-0.3189999999999999,364,0.1134151741862297,0.001,22209
246,10.0,89880,0.05,8988,-0.18200000000000002,364,0.31775814294815063,0.001,22219
246,10.0,89920,0.05,8992,-0.20199999999999999,364,0.09143505245447159,0.001,22229
246,10.0,89960,0.05,8996,-0.13350000000000006,364,0.11139251291751862,0.001,22239
246,10.0,90000,0.05,9000,-0.10500000000000005,364,0.8430764675140381,0.001,22249
246,10.0,90040,0.05,9004,-0.135,364,0.11560946702957153,0.001,22259
246,10.0,90080,0.05,9008,-0.04750000000000003,364,0.11301151663064957,0.001,22269
246,10.0,90120,0.05,9012,-0.006000000000000028,365,0.1589285135269165,0.001,22279
246,10.0,90160,0.05,9016,-0.14049999999999999,365,0.4000217914581299,0.001,22289
246,10.0,90200,0.05,9020,-0.14299999999999996,365,0.06523491442203522,0.001,22299
246,10.0,90240,0.05,9024,-0.18849999999999997,365,0.10426034778356552,0.001,22309
247,10.0,90280,0.05,9028,-0.20749999999999996,365,1.2425267696380615,0.001,22319
247,10.0,90320,0.05,9032,-0.09949999999999998,365,0.3523010015487671,0.001,22329
247,10.0,90360,0.05,9036,-0.147,365,0.11852271109819412,0.001,22339
247,10.0,90400,0.05,9040,-0.18099999999999997,365,0.4684041738510132,0.001,22349
247,10.0,90440,0.05,9044,-0.1925,365,0.4081619381904602,0.001,22359
247,10.0,90480,0.05,9048,-0.1855,366,0.6594696640968323,0.001,22369
247,10.0,90520,0.05,9052,-0.16499999999999995,366,0.1627696007490158,0.001,22379
247,10.0,90560,0.05,9056,-0.18299999999999997,366,0.8303894400596619,0.001,22389
247,10.0,90600,0.05,9060,-0.13700000000000004,366,0.09972786158323288,0.001,22399
247,10.0,90640,0.05,9064,-0.09500000000000001,366,0.09638907015323639,0.001,22409
247,10.0,90680,0.05,9068,-0.06049999999999998,366,0.19284650683403015,0.001,22419
247,10.0,90720,0.05,9072,-0.06449999999999997,366,0.10246875137090683,0.001,22429
247,10.0,90760,0.05,9076,0.01149999999999998,366,0.25426074862480164,0.001,22439
247,10.0,90800,0.05,9080,0.04800000000000001,366,0.28931012749671936,0.001,22449
247,10.0,90840,0.05,9084,0.12000000000000005,367,0.10809694230556488,0.001,22459
247,10.0,90880,0.05,9088,-0.035500000000000004,367,0.09604997932910919,0.001,22469
247,10.0,90920,0.05,9092,-0.016499999999999945,367,0.1137077659368515,0.001,22479
247,10.0,90960,0.05,9096,-0.14199999999999993,367,0.1097530722618103,0.001,22489
247,10.0,91000,0.05,9100,-0.15599999999999994,367,0.1166679784655571,0.001,22499
247,10.0,91040,0.05,9104,-0.07549999999999998,367,0.14947167038917542,0.001,22509
247,10.0,91080,0.05,9108,-0.1295,367,0.33147022128105164,0.001,22519
247,10.0,91120,0.05,9112,-0.12949999999999998,367,0.08661045134067535,0.001,22529
247,10.0,91160,0.05,9116,-0.12299999999999998,367,0.09831099212169647,0.001,22539
247,10.0,91200,0.05,9120,-0.17850000000000002,368,0.15142343938350677,0.001,22549
247,10.0,91240,0.05,9124,-0.148,368,0.8428640365600586,0.001,22559
247,10.0,91280,0.05,9128,-0.1475,368,0.1397966742515564,0.001,22569
247,10.0,91320,0.05,9132,-0.15849999999999997,368,0.42484965920448303,0.001,22579
247,10.0,91360,0.05,9136,-0.18,368,0.08562256395816803,0.001,22589
247,10.0,91400,0.05,9140,-0.12899999999999995,368,0.14493583142757416,0.001,22599
247,10.0,91440,0.05,9144,-0.17699999999999996,368,0.2687280476093292,0.001,22609
247,10.0,91480,0.05,9148,-0.15699999999999995,368,0.31068530678749084,0.001,22619
248,10.0,91520,0.05,9152,-0.16700000000000004,369,0.07707206159830093,0.001,22629
248,10.0,91560,0.05,9156,-0.1899999999999999,369,0.26785820722579956,0.001,22639
248,10.0,91600,0.05,9160,-0.24099999999999994,369,0.6895800828933716,0.001,22649
248,10.0,91640,0.05,9164,-0.2795,369,0.09690754115581512,0.001,22659
248,10.0,91680,0.05,9168,-0.3505,369,0.11946941912174225,0.001,22669
248,10.0,91720,0.05,9172,-0.39150000000000007,369,0.20682299137115479,0.001,22679
248,10.0,91760,0.05,9176,-0.6179999999999999,369,0.12502911686897278,0.001,22689
248,10.0,91800,0.05,9180,-0.6064999999999999,369,0.38203680515289307,0.001,22699
248,10.0,91840,0.05,9184,-0.5665,369,0.567635178565979,0.001,22709
248,10.0,91880,0.05,9188,-0.4635,370,0.3682025372982025,0.001,22719
248,10.0,91920,0.05,9192,-0.4720000000000001,370,0.29746052622795105,0.001,22729
248,10.0,91960,0.05,9196,-0.40000000000000013,370,0.6375443339347839,0.001,22739
248,10.0,92000,0.05,9200,-0.3660000000000001,370,0.1301400363445282,0.001,22749
248,10.0,92040,0.05,9204,-0.39550000000000013,370,0.0975930243730545,0.001,22759
248,10.0,92080,0.05,9208,-0.4860000000000001,370,0.11999686062335968,0.001,22769
248,10.0,92120,0.05,9212,-0.4635,370,0.09934783726930618,0.001,22779
248,10.0,92160,0.05,9216,-0.31550000000000006,371,0.36192405223846436,0.001,22789
248,10.0,92200,0.05,9220,-0.24599999999999994,371,0.10976576805114746,0.001,22799
248,10.0,92240,0.05,9224,-0.24049999999999996,371,0.17926372587680817,0.001,22809
248,10.0,92280,0.05,9228,-0.4100000000000001,371,0.2383389174938202,0.001,22819
248,10.0,92320,0.05,9232,-0.41800000000000004,372,0.13604193925857544,0.001,22829
248,10.0,92360,0.05,9236,-0.2675,372,0.20730996131896973,0.001,22839
248,10.0,92400,0.05,9240,-0.2345,372,0.08750185370445251,0.001,22849
248,10.0,92440,0.05,9244,-0.16950000000000004,372,0.07583581656217575,0.001,22859
248,10.0,92480,0.05,9248,-0.24750000000000003,372,0.5653155446052551,0.001,22869
247,10.0,92520,0.05,9252,-0.387,373,0.8931791186332703,0.001,22879
247,10.0,92560,0.05,9256,-0.3975,373,0.177843376994133,0.001,22889
247,10.0,92600,0.05,9260,-0.4175,373,0.22257408499717712,0.001,22899
247,10.0,92640,0.05,9264,-0.4570000000000001,373,0.21570810675621033,0.001,22909
247,10.0,92680,0.05,9268,-0.413,374,0.11755307018756866,0.001,22919
247,10.0,92720,0.05,9272,-0.4000000000000001,374,0.08646254241466522,0.001,22929
247,10.0,92760,0.05,9276,-0.335,374,0.6241586208343506,0.001,22939
247,10.0,92800,0.05,9280,-0.34049999999999997,374,0.2908370792865753,0.001,22949
247,10.0,92840,0.05,9284,-0.4599999999999999,374,0.16120703518390656,0.001,22959
247,10.0,92880,0.05,9288,-0.4925,375,0.10899163782596588,0.001,22969
247,10.0,92920,0.05,9292,-0.43900000000000006,375,0.112576425075531,0.001,22979
247,10.0,92960,0.05,9296,-0.38699999999999996,375,0.05787171423435211,0.001,22989
247,10.0,93000,0.05,9300,-0.44400000000000006,375,0.4710662364959717,0.001,22999
247,10.0,93040,0.05,9304,-0.4385,375,0.13579002022743225,0.001,23009
247,10.0,93080,0.05,9308,-0.311,375,0.13745452463626862,0.001,23019
247,10.0,93120,0.05,9312,-0.3315000000000001,376,0.45891010761260986,0.001,23029
247,10.0,93160,0.05,9316,-0.3575000000000001,376,0.8035385608673096,0.001,23039
247,10.0,93200,0.05,9320,-0.42099999999999993,376,0.48529085516929626,0.001,23049
247,10.0,93240,0.05,9324,-0.42899999999999994,376,0.14093250036239624,0.001,23059
247,10.0,93280,0.05,9328,-0.28,376,0.2781180739402771,0.001,23069
247,10.0,93320,0.05,9332,-0.39149999999999996,376,0.18919159471988678,0.001,23079
247,10.0,93360,0.05,9336,-0.44550000000000006,376,0.6806537508964539,0.001,23089
247,10.0,93400,0.05,9340,-0.44349999999999995,377,0.7367368340492249,0.001,23099
247,10.0,93440,0.05,9344,-0.425,377,0.17871558666229248,0.001,23109
247,10.0,93480,0.05,9348,-0.29300000000000015,377,0.496270090341568,0.001,23119
247,10.0,93520,0.05,9352,-0.20100000000000004,377,0.3911888003349304,0.001,23129
247,10.0,93560,0.05,9356,-0.18600000000000003,377,0.1587727963924408,0.001,23139
247,10.0,93600,0.05,9360,-0.327,377,0.19142663478851318,0.001,23149
247,10.0,93640,0.05,9364,-0.32900000000000007,377,0.17655935883522034,0.001,23159
247,10.0,93680,0.05,9368,-0.3420000000000001,378,0.08850537985563278,0.001,23169
247,10.0,93720,0.05,9372,-0.3294999999999999,378,0.10165069997310638,0.001,23179
247,10.0,93760,0.05,9376,-0.3065,378,0.7900204062461853,0.001,23189
247,10.0,93800,0.05,9380,-0.25300000000000006,378,0.09918621927499771,0.001,23199
247,10.0,93840,0.05,9384,-0.13400000000000004,378,0.143314391374588,0.001,23209
247,10.0,93880,0.05,9388,-0.0885,378,0.16118121147155762,0.001,23219
247,10.0,93920,0.05,9392,-0.17249999999999996,378,0.09316623210906982,0.001,23229
247,10.0,93960,0.05,9396,-0.293,378,0.14418858289718628,0.001,23239
247,10.0,94000,0.05,9400,-0.184,379,2.0527725219726562,0.001,23249
248,10.0,94040,0.05,9404,-0.19949999999999996,379,0.08236077427864075,0.001,23259
248,10.0,94080,0.05,9408,-0.256,379,0.7717487812042236,0.001,23269
248,10.0,94120,0.05,9412,-0.3274999999999999,379,0.18985708057880402,0.001,23279
248,10.0,94160,0.05,9416,-0.3765,379,0.5510081648826599,0.001,23289
248,10.0,94200,0.05,9420,-0.31299999999999994,379,0.2866772413253784,0.001,23299
248,10.0,94240,0.05,9424,-0.3225,379,0.095854751765728,0.001,23309
248,10.0,94280,0.05,9428,-0.31799999999999995,379,0.3255142271518707,0.001,23319
248,10.0,94320,0.05,9432,-0.23249999999999996,380,0.12208665907382965,0.001,23329
248,10.0,94360,0.05,9436,-0.2925,380,0.2087988406419754,0.001,23339
248,10.0,94400,0.05,9440,-0.38799999999999996,380,0.6103026866912842,0.001,23349
248,10.0,94440,0.05,9444,-0.485,380,0.08210093528032303,0.001,23359
248,10.0,94480,0.05,9448,-0.5564999999999999,380,0.5810629725456238,0.001,23369
248,10.0,94520,0.05,9452,-0.6275,380,0.10488883405923843,0.001,23379
248,10.0,94560,0.05,9456,-0.597,380,0.1059304028749466,0.001,23389
248,10.0,94600,0.05,9460,-0.4419999999999999,381,0.09944815933704376,0.001,23399
248,10.0,94640,0.05,9464,-0.30549999999999994,381,0.15615330636501312,0.001,23409
248,10.0,94680,0.05,9468,-0.33349999999999985,381,0.11841928213834763,0.001,23419
248,10.0,94720,0.05,9472,-0.31850000000000006,381,0.10441689193248749,0.001,23429
248,10.0,94760,0.05,9476,-0.266,381,0.11794043332338333,0.001,23439
248,10.0,94800,0.05,9480,-0.28300000000000003,381,0.16600191593170166,0.001,23449
248,10.0,94840,0.05,9484,-0.30950000000000005,381,0.1389157772064209,0.001,23459
248,10.0,94880,0.05,9488,-0.2745,381,0.5638816356658936,0.001,23469
248,10.0,94920,0.05,9492,-0.3145,381,0.48625534772872925,0.001,23479
248,10.0,94960,0.05,9496,-0.2605,382,0.07845432311296463,0.001,23489
248,10.0,95000,0.05,9500,-0.28200000000000003,382,0.11142463982105255,0.001,23499
248,10.0,95040,0.05,9504,-0.33100000000000007,382,0.6125671863555908,0.001,23509
248,10.0,95080,0.05,9508,-0.36650000000000005,382,0.13024093210697174,0.001,23519
248,10.0,95120,0.05,9512,-0.31050000000000005,382,0.1987815946340561,0.001,23529
248,10.0,95160,0.05,9516,-0.32250000000000006,382,0.10799189656972885,0.001,23539
248,10.0,95200,0.05,9520,-0.34300000000000014,382,0.16183432936668396,0.001,23549
248,10.0,95240,0.05,9524,-0.375,382,0.4182356595993042,0.001,23559
248,10.0,95280,0.05,9528,-0.3685,383,0.12832099199295044,0.001,23569
248,10.0,95320,0.05,9532,-0.38349999999999995,383,0.27913257479667664,0.001,23579
248,10.0,95360,0.05,9536,-0.5365,383,0.16541334986686707,0.001,23589
248,10.0,95400,0.05,9540,-0.5504999999999999,383,0.1208764985203743,0.001,23599
248,10.0,95440,0.05,9544,-0.48749999999999993,383,0.13085462152957916,0.001,23609
248,10.0,95480,0.05,9548,-0.4235,383,1.1823983192443848,0.001,23619
248,10.0,95520,0.05,9552,-0.41700000000000004,383,0.365365207195282,0.001,23629
248,10.0,95560,0.05,9556,-0.396,383,0.11452414840459824,0.001,23639
248,10.0,95600,0.05,9560,-0.4305,384,0.2829373776912689,0.001,23649
248,10.0,95640,0.05,9564,-0.5529999999999999,384,0.19318966567516327,0.001,23659
249,10.0,95680,0.05,9568,-0.4594999999999999,384,0.16989807784557343,0.001,23669
249,10.0,95720,0.05,9572,-0.5844999999999999,384,0.1048816666007042,0.001,23679
249,10.0,95760,0.05,9576,-0.5710000000000001,384,0.2221715897321701,0.001,23689
249,10.0,95800,0.05,9580,-0.6680000000000001,384,0.8014216423034668,0.001,23699
249,10.0,95840,0.05,9584,-0.6890000000000001,384,0.29592984914779663,0.001,23709
249,10.0,95880,0.05,9588,-0.7075,384,0.32374778389930725,0.001,23719
249,10.0,95920,0.05,9592,-0.6739999999999999,384,0.15539060533046722,0.001,23729
249,10.0,95960,0.05,9596,-0.669,385,0.10580435395240784,0.001,23739
249,10.0,96000,0.05,9600,-0.7010000000000001,385,0.3895151615142822,0.001,23749
249,10.0,96040,0.05,9604,-0.8315,385,0.37607213854789734,0.001,23759
249,10.0,96080,0.05,9608,-0.7809999999999999,385,0.20584072172641754,0.001,23769
249,10.0,96120,0.05,9612,-0.7954999999999999,385,0.6167872548103333,0.001,23779
249,10.0,96160,0.05,9616,-0.7020000000000001,385,0.1674223244190216,0.001,23789
249,10.0,96200,0.05,9620,-0.6785000000000001,385,0.10706911981105804,0.001,23799
249,10.0,96240,0.05,9624,-0.5870000000000001,385,0.24156977236270905,0.001,23809
249,10.0,96280,0.05,9628,-0.6215000000000002,386,0.30580970644950867,0.001,23819
249,10.0,96320,0.05,9632,-0.5970000000000001,386,0.2195284217596054,0.001,23829
249,10.0,96360,0.05,9636,-0.3979999999999999,386,0.39598146080970764,0.001,23839
249,10.0,96400,0.05,9640,-0.26400000000000007,386,0.4517800807952881,0.001,23849
249,10.0,96440,0.05,9644,-0.2925000000000001,386,0.09013262391090393,0.001,23859
249,10.0,96480,0.05,9648,-0.4245000000000001,386,0.566840410232544,0.001,23869
249,10.0,96520,0.05,9652,-0.377,386,0.10930144041776657,0.001,23879
249,10.0,96560,0.05,9656,-0.41900000000000015,386,0.9691920876502991,0.001,23889
249,10.0,96600,0.05,9660,-0.5150000000000001,387,0.5484314560890198,0.001,23899
249,10.0,96640,0.05,9664,-0.4515000000000002,387,0.5883585214614868,0.001,23909
249,10.0,96680,0.05,9668,-0.5655,387,0.827102541923523,0.001,23919
249,10.0,96720,0.05,9672,-0.5049999999999999,387,0.08895512670278549,0.001,23929
249,10.0,96760,0.05,9676,-0.5775,387,0.18340063095092773,0.001,23939
249,10.0,96800,0.05,9680,-0.5625,388,0.6040899157524109,0.001,23949
249,10.0,96840,0.05,9684,-0.617,388,0.09753365814685822,0.001,23959
249,10.0,96880,0.05,9688,-0.6125,388,2.0738534927368164,0.001,23969
249,10.0,96920,0.05,9692,-0.6325,388,0.30178606510162354,0.001,23979
249,10.0,96960,0.05,9696,-0.824,388,0.3267024755477905,0.001,23989
249,10.0,97000,0.05,9700,-0.8909999999999999,388,0.13665692508220673,0.001,23999
249,10.0,97040,0.05,9704,-0.801,389,0.40173113346099854,0.001,24009
249,10.0,97080,0.05,9708,-0.8340000000000001,389,0.6714173555374146,0.001,24019
249,10.0,97120,0.05,9712,-0.8614999999999999,389,0.5910110473632812,0.001,24029
249,10.0,97160,0.05,9716,-0.8439999999999999,389,0.45491668581962585,0.001,24039
249,10.0,97200,0.05,9720,-0.8975,390,0.3227837085723877,0.001,24049
249,10.0,97240,0.05,9724,-0.9944999999999999,390,0.11376766860485077,0.001,24059
249,10.0,97280,0.05,9728,-1.0345,390,0.21977274119853973,0.001,24069
249,10.0,97320,0.05,9732,-1.0465,390,0.0935821384191513,0.001,24079
249,10.0,97360,0.05,9736,-1.2005,390,0.6082649827003479,0.001,24089
249,10.0,97400,0.05,9740,-1.3210000000000002,391,0.09816146641969681,0.001,24099
249,10.0,97440,0.05,9744,-1.3129999999999997,391,0.10190100967884064,0.001,24109
249,10.0,97480,0.05,9748,-1.1915,391,0.1278047114610672,0.001,24119
249,10.0,97520,0.05,9752,-1.1570000000000003,391,0.5558059215545654,0.001,24129
248,10.0,97560,0.05,9756,-1.1710000000000003,391,0.38653069734573364,0.001,24139
248,10.0,97600,0.05,9760,-1.0575,392,0.34106454253196716,0.001,24149
248,10.0,97640,0.05,9764,-1.1055000000000001,392,0.14000940322875977,0.001,24159
248,10.0,97680,0.05,9768,-1.0590000000000002,392,0.42648473381996155,0.001,24169
248,10.0,97720,0.05,9772,-0.9965,392,0.2640780210494995,0.001,24179
248,10.0,97760,0.05,9776,-1.0065,392,0.12176521122455597,0.001,24189
248,10.0,97800,0.05,9780,-0.9555000000000001,393,0.3258574604988098,0.001,24199
248,10.0,97840,0.05,9784,-0.8454999999999999,393,0.21267744898796082,0.001,24209
248,10.0,97880,0.05,9788,-0.843,393,0.16173338890075684,0.001,24219
248,10.0,97920,0.05,9792,-0.7885000000000001,393,0.11041887104511261,0.001,24229
248,10.0,97960,0.05,9796,-0.5874999999999999,393,0.46939051151275635,0.001,24239
248,10.0,98000,0.05,9800,-0.47499999999999987,394,0.17687110602855682,0.001,24249
248,10.0,98040,0.05,9804,-0.33000000000000007,394,0.3235955238342285,0.001,24259
248,10.0,98080,0.05,9808,-0.26300000000000007,394,0.2053852081298828,0.001,24269
248,10.0,98120,0.05,9812,-0.16750000000000007,394,0.49084481596946716,0.001,24279
248,10.0,98160,0.05,9816,-0.1955,394,0.6076357364654541,0.001,24289
248,10.0,98200,0.05,9820,-0.14300000000000002,395,0.09943519532680511,0.001,24299
248,10.0,98240,0.05,9824,-0.215,395,1.0586243867874146,0.001,24309
248,10.0,98280,0.05,9828,-0.24550000000000008,395,0.30732521414756775,0.001,24319
248,10.0,98320,0.05,9832,-0.17450000000000002,395,0.3999580144882202,0.001,24329
248,10.0,98360,0.05,9836,-0.06649999999999999,395,0.3893692195415497,0.001,24339
248,10.0,98400,0.05,9840,0.015999999999999983,396,0.07757986336946487,0.001,24349
248,10.0,98440,0.05,9844,0.08200000000000002,396,0.6163478493690491,0.001,24359
248,10.0,98480,0.05,9848,0.10700000000000003,396,0.3105147182941437,0.001,24369
248,10.0,98520,0.05,9852,0.13199999999999995,396,0.09790317714214325,0.001,24379
248,10.0,98560,0.05,9856,0.18899999999999995,396,0.12984073162078857,0.001,24389
248,10.0,98600,0.05,9860,0.2309999999999999,396,0.12370115518569946,0.001,24399
248,10.0,98640,0.05,9864,0.31199999999999994,397,0.150090754032135,0.001,24409
248,10.0,98680,0.05,9868,0.33949999999999997,397,0.09510112553834915,0.001,24419
248,10.0,98720,0.05,9872,0.34049999999999997,397,0.4045881927013397,0.001,24429
248,10.0,98760,0.05,9876,0.3375,397,0.757137656211853,0.001,24439
248,10.0,98800,0.05,9880,0.33349999999999996,397,0.10020486265420914,0.001,24449
248,10.0,98840,0.05,9884,0.249,398,0.4351049065589905,0.001,24459
248,10.0,98880,0.05,9888,0.25299999999999995,398,0.09807828813791275,0.001,24469
248,10.0,98920,0.05,9892,0.2915,398,0.11122743040323257,0.001,24479
248,10.0,98960,0.05,9896,0.295,398,0.19064751267433167,0.001,24489
248,10.0,99000,0.05,9900,0.16899999999999996,398,0.1613038033246994,0.001,24499
248,10.0,99040,0.05,9904,0.08349999999999996,399,0.18976990878582,0.001,24509
248,10.0,99080,0.05,9908,0.02149999999999996,399,0.16914159059524536,0.001,24519
248,10.0,99120,0.05,9912,-0.109,399,0.5229204297065735,0.001,24529
248,10.0,99160,0.05,9916,-0.17200000000000004,399,0.11346059292554855,0.001,24539
248,10.0,99200,0.05,9920,-0.18050000000000005,399,0.6057693958282471,0.001,24549
248,10.0,99240,0.05,9924,-0.124,400,0.3869609534740448,0.001,24559
248,10.0,99280,0.05,9928,-0.024000000000000035,400,0.12822367250919342,0.001,24569
248,10.0,99320,0.05,9932,-0.1635,400,0.44813230633735657,0.001,24579
248,10.0,99360,0.05,9936,-0.242,400,0.2395208477973938,0.001,24589
248,10.0,99400,0.05,9940,-0.2845,400,0.5007612705230713,0.001,24599
248,10.0,99440,0.05,9944,-0.2885,400,0.10553079843521118,0.001,24609
247,10.0,99480,0.05,9948,-0.4355,401,0.1145753264427185,0.001,24619
247,10.0,99520,0.05,9952,-0.529,401,0.5184898376464844,0.001,24629
247,10.0,99560,0.05,9956,-0.562,401,0.14568105340003967,0.001,24639
247,10.0,99600,0.05,9960,-0.5540000000000002,401,0.12224267423152924,0.001,24649
247,10.0,99640,0.05,9964,-0.7290000000000001,401,0.0952732190489769,0.001,24659
247,10.0,99680,0.05,9968,-0.805,401,0.13724617660045624,0.001,24669
247,10.0,99720,0.05,9972,-0.835,402,0.4649864435195923,0.001,24679
247,10.0,99760,0.05,9976,-0.774,402,0.5897015929222107,0.001,24689
247,10.0,99800,0.05,9980,-0.7535,402,0.24413076043128967,0.001,24699
247,10.0,99840,0.05,9984,-0.7030000000000001,402,0.11950340867042542,0.001,24709
247,10.0,99880,0.05,9988,-0.8150000000000002,402,0.10582803934812546,0.001,24719
247,10.0,99920,0.05,9992,-0.95,403,0.4557726979255676,0.001,24729
247,10.0,99960,0.05,9996,-0.9345,403,0.18760894238948822,0.001,24739
247,10.0,100000,0.05,10000,-0.9610000000000001,403,0.10529695451259613,0.001,24749
247,10.0,100040,0.05,10004,-0.8795000000000002,404,0.1335836499929428,0.001,24759
247,10.0,100080,0.05,10008,-0.9375,404,0.11300400644540787,0.001,24769
247,10.0,100120,0.05,10012,-0.8150000000000002,404,0.30480262637138367,0.001,24779
247,10.0,100160,0.05,10016,-0.7765,405,0.0811372920870781,0.001,24789
247,10.0,100200,0.05,10020,-0.8415,405,0.21987402439117432,0.001,24799
247,10.0,100240,0.05,10024,-0.7955000000000001,405,0.10854102671146393,0.001,24809
246,10.0,100280,0.05,10028,-0.733,406,0.11314049363136292,0.001,24819
246,10.0,100320,0.05,10032,-0.6755000000000001,407,0.06306328624486923,0.001,24829
246,10.0,100360,0.05,10036,-0.6015,407,0.4137668013572693,0.001,24839
246,10.0,100400,0.05,10040,-0.541,407,0.39133134484291077,0.001,24849
246,10.0,100440,0.05,10044,-0.5549999999999999,408,0.34597012400627136,0.001,24859
246,10.0,100480,0.05,10048,-0.413,408,0.12407097965478897,0.001,24869
246,10.0,100520,0.05,10052,-0.37199999999999994,408,0.14920714497566223,0.001,24879
246,10.0,100560,0.05,10056,-0.3414999999999999,408,0.1332414448261261,0.001,24889
246,10.0,100600,0.05,10060,-0.43199999999999994,408,0.804902195930481,0.001,24899
246,10.0,100640,0.05,10064,-0.30050000000000004,408,0.2595760226249695,0.001,24909
246,10.0,100680,0.05,10068,-0.3340000000000001,409,1.1065479516983032,0.001,24919
246,10.0,100720,0.05,10072,-0.2980000000000001,409,0.09277641773223877,0.001,24929
245,10.0,100760,0.05,10076,-0.24200000000000002,409,0.18757569789886475,0.001,24939
245,10.0,100800,0.05,10080,-0.2425,409,0.3656177818775177,0.001,24949
245,10.0,100840,0.05,10084,-0.22149999999999997,409,0.15811482071876526,0.001,24959
245,10.0,100880,0.05,10088,-0.19500000000000006,410,0.1144358441233635,0.001,24969
245,10.0,100920,0.05,10092,-0.09750000000000006,410,0.13996621966362,0.001,24979
246,10.0,100960,0.05,10096,-0.1,410,0.19648484885692596,0.001,24989
246,10.0,101000,0.05,10100,0.08299999999999998,410,0.13055430352687836,0.001,24999
245,10.0,101040,0.05,10104,0.07599999999999996,410,0.7444683909416199,0.001,25009
245,10.0,101080,0.05,10108,0.21799999999999997,410,0.20648819208145142,0.001,25019
245,10.0,101120,0.05,10112,0.07599999999999998,411,0.11045746505260468,0.001,25029
245,10.0,101160,0.05,10116,0.08349999999999996,411,0.12851287424564362,0.001,25039
245,10.0,101200,0.05,10120,0.081,411,0.14312013983726501,0.001,25049
245,10.0,101240,0.05,10124,0.11100000000000002,411,0.13684679567813873,0.001,25059
245,10.0,101280,0.05,10128,0.039000000000000014,411,0.3571905195713043,0.001,25069
245,10.0,101320,0.05,10132,0.07150000000000004,411,0.10155157744884491,0.001,25079
245,10.0,101360,0.05,10136,0.08200000000000003,412,0.07710293680429459,0.001,25089
245,10.0,101400,0.05,10140,0.007000000000000049,412,0.6148328185081482,0.001,25099
245,10.0,101440,0.05,10144,0.010000000000000054,412,0.10534952580928802,0.001,25109
245,10.0,101480,0.05,10148,-0.0965,412,1.291151523590088,0.001,25119
245,10.0,101520,0.05,10152,-0.09100000000000001,412,0.22463174164295197,0.001,25129
245,10.0,101560,0.05,10156,-0.0365,412,0.10950882732868195,0.001,25139
245,10.0,101600,0.05,10160,-0.102,413,0.3660341203212738,0.001,25149
245,10.0,101640,0.05,10164,-0.1525,413,0.10093723237514496,0.001,25159
245,10.0,101680,0.05,10168,-0.003000000000000029,413,0.3260706961154938,0.001,25169
245,10.0,101720,0.05,10172,0.021499999999999967,413,0.3988923728466034,0.001,25179
245,10.0,101760,0.05,10176,-0.028000000000000042,413,0.09448184072971344,0.001,25189
245,10.0,101800,0.05,10180,-0.03100000000000003,413,0.18368156254291534,0.001,25199
245,10.0,101840,0.05,10184,-0.04,414,0.1217196136713028,0.001,25209
245,10.0,101880,0.05,10188,0.032499999999999994,414,0.6819953322410583,0.001,25219
245,10.0,101920,0.05,10192,0.029999999999999968,414,0.07851194590330124,0.001,25229
245,10.0,101960,0.05,10196,0.04449999999999999,414,0.10087916254997253,0.001,25239
245,10.0,102000,0.05,10200,-0.02500000000000001,414,0.3184501528739929,0.001,25249
245,10.0,102040,0.05,10204,-0.05250000000000005,415,0.08688107132911682,0.001,25259
245,10.0,102080,0.05,10208,-0.01950000000000005,415,0.5266396999359131,0.001,25269
245,10.0,102120,0.05,10212,0.09049999999999994,415,0.08002477884292603,0.001,25279
245,10.0,102160,0.05,10216,0.08799999999999995,415,0.0700443685054779,0.001,25289
245,10.0,102200,0.05,10220,0.18350000000000002,415,0.10918233543634415,0.001,25299
245,10.0,102240,0.05,10224,0.24400000000000002,416,0.08666573464870453,0.001,25309
245,10.0,102280,0.05,10228,0.23649999999999996,416,0.10292977839708328,0.001,25319
245,10.0,102320,0.05,10232,0.18999999999999997,416,0.11653239279985428,0.001,25329
245,10.0,102360,0.05,10236,0.20649999999999996,416,0.5731449723243713,0.001,25339
245,10.0,102400,0.05,10240,0.2905,416,0.11661388725042343,0.001,25349
245,10.0,102440,0.05,10244,0.29499999999999993,416,0.1511181741952896,0.001,25359
245,10.0,102480,0.05,10248,0.29349999999999987,417,0.1311664581298828,0.001,25369
245,10.0,102520,0.05,10252,0.3069999999999999,417,0.49803632497787476,0.001,25379
245,10.0,102560,0.05,10256,0.21,417,0.15710198879241943,0.001,25389
245,10.0,102600,0.05,10260,0.36200000000000004,417,0.2301488220691681,0.001,25399
245,10.0,102640,0.05,10264,0.3559999999999999,417,0.33994555473327637,0.001,25409
245,10.0,102680,0.05,10268,0.29600000000000004,418,0.24085266888141632,0.001,25419
245,10.0,102720,0.05,10272,0.21100000000000002,418,0.10975185036659241,0.001,25429
245,10.0,102760,0.05,10276,0.19949999999999998,418,0.16114658117294312,0.001,25439
245,10.0,102800,0.05,10280,0.16000000000000003,418,0.08267100900411606,0.001,25449
245,10.0,102840,0.05,10284,0.15649999999999997,418,0.061541538685560226,0.001,25459
245,10.0,102880,0.05,10288,0.13050000000000003,418,0.2353450059890747,0.001,25469
245,10.0,102920,0.05,10292,0.18300000000000005,419,0.3452022075653076,0.001,25479
245,10.0,102960,0.05,10296,0.165,419,0.3467833697795868,0.001,25489
245,10.0,103000,0.05,10300,0.154,419,0.47918644547462463,0.001,25499
245,10.0,103040,0.05,10304,0.12600000000000006,419,0.1893264353275299,0.001,25509
245,10.0,103080,0.05,10308,-0.12499999999999996,420,0.1999272257089615,0.001,25519
245,10.0,103120,0.05,10312,-0.17949999999999997,420,0.12355189025402069,0.001,25529
245,10.0,103160,0.05,10316,-0.24649999999999994,420,0.09891878068447113,0.001,25539
245,10.0,103200,0.05,10320,-0.23199999999999998,420,0.14646828174591064,0.001,25549
245,10.0,103240,0.05,10324,-0.30899999999999994,421,0.6433472633361816,0.001,25559
245,10.0,103280,0.05,10328,-0.33299999999999985,421,0.19540870189666748,0.001,25569
245,10.0,103320,0.05,10332,-0.33149999999999996,421,0.11105728894472122,0.001,25579
244,10.0,103360,0.05,10336,-0.38599999999999995,421,0.10802820324897766,0.001,25589
244,10.0,103400,0.05,10340,-0.49949999999999994,422,0.2778209447860718,0.001,25599
244,10.0,103440,0.05,10344,-0.5519999999999999,422,0.3534526228904724,0.001,25609
244,10.0,103480,0.05,10348,-0.5385,422,0.1037302315235138,0.001,25619
244,10.0,103520,0.05,10352,-0.49450000000000005,423,0.2681083083152771,0.001,25629
244,10.0,103560,0.05,10356,-0.46,423,0.6218331456184387,0.001,25639
244,10.0,103600,0.05,10360,-0.508,423,0.24701379239559174,0.001,25649
244,10.0,103640,0.05,10364,-0.47149999999999986,424,0.08442740887403488,0.001,25659
244,10.0,103680,0.05,10368,-0.5775000000000001,424,0.11516434699296951,0.001,25669
244,10.0,103720,0.05,10372,-0.5980000000000001,424,0.7587283253669739,0.001,25679
244,10.0,103760,0.05,10376,-0.5574999999999999,424,0.09091061353683472,0.001,25689
244,10.0,103800,0.05,10380,-0.6465000000000001,424,0.1026865616440773,0.001,25699
244,10.0,103840,0.05,10384,-0.7060000000000001,424,0.6136299967765808,0.001,25709
244,10.0,103880,0.05,10388,-0.6940000000000001,425,0.1028880923986435,0.001,25719
244,10.0,103920,0.05,10392,-0.6904999999999998,425,0.47844037413597107,0.001,25729
244,10.0,103960,0.05,10396,-0.672,425,0.09770935028791428,0.001,25739
244,10.0,104000,0.05,10400,-0.7964999999999998,425,0.07993738353252411,0.001,25749
244,10.0,104040,0.05,10404,-0.7019999999999998,426,0.17399448156356812,0.001,25759
244,10.0,104080,0.05,10408,-0.4860000000000001,426,0.09652268886566162,0.001,25769
244,10.0,104120,0.05,10412,-0.4170000000000001,426,0.0867500826716423,0.001,25779
244,10.0,104160,0.05,10416,-0.39349999999999996,426,0.12376555800437927,0.001,25789
244,10.0,104200,0.05,10420,-0.4124999999999999,426,0.08100610971450806,0.001,25799
244,10.0,104240,0.05,10424,-0.3025,426,0.11288552731275558,0.001,25809
244,10.0,104280,0.05,10428,-0.25249999999999995,427,0.1548323780298233,0.001,25819
244,10.0,104320,0.05,10432,-0.252,427,0.08761031925678253,0.001,25829
244,10.0,104360,0.05,10436,-0.2385,427,0.13465797901153564,0.001,25839
244,10.0,104400,0.05,10440,-0.217,427,0.07987566292285919,0.001,25849
244,10.0,104440,0.05,10444,-0.16499999999999995,427,0.22339949011802673,0.001,25859
244,10.0,104480,0.05,10448,-0.1779999999999999,427,0.19171810150146484,0.001,25869
244,10.0,104520,0.05,10452,-0.2054999999999999,428,0.1249983087182045,0.001,25879
244,10.0,104560,0.05,10456,-0.1574999999999999,428,0.3100636601448059,0.001,25889
244,10.0,104600,0.05,10460,-0.16049999999999998,428,0.08494715392589569,0.001,25899
244,10.0,104640,0.05,10464,-0.12649999999999997,428,0.08794602751731873,0.001,25909
244,10.0,104680,0.05,10468,0.014000000000000018,428,0.4266209602355957,0.001,25919
244,10.0,104720,0.05,10472,-0.03199999999999995,429,0.05465571954846382,0.001,25929
244,10.0,104760,0.05,10476,-0.07049999999999997,429,0.19273421168327332,0.001,25939
244,10.0,104800,0.05,10480,-0.01600000000000001,429,0.08797948807477951,0.001,25949
244,10.0,104840,0.05,10484,-0.03299999999999996,429,0.06944246590137482,0.001,25959
244,10.0,104880,0.05,10488,-0.032499999999999994,429,0.09739355742931366,0.001,25969
244,10.0,104920,0.05,10492,-0.11200000000000006,429,0.07980000972747803,0.001,25979
244,10.0,104960,0.05,10496,-0.12400000000000005,430,0.28368526697158813,0.001,25989
244,10.0,105000,0.05,10500,0.04099999999999997,430,0.0868661105632782,0.001,25999
244,10.0,105040,0.05,10504,-0.07449999999999997,430,0.14022554457187653,0.001,26009
244,10.0,105080,0.05,10508,-0.08799999999999995,430,0.10357766598463058,0.001,26019
244,10.0,105120,0.05,10512,-0.12549999999999994,430,0.16019605100154877,0.001,26029
244,10.0,105160,0.05,10516,-0.014999999999999973,430,0.4131595194339752,0.001,26039
244,10.0,105200,0.05,10520,-0.063,431,0.24548989534378052,0.001,26049
243,10.0,105240,0.05,10524,-0.15250000000000002,431,0.11036382615566254,0.001,26059
243,10.0,105280,0.05,10528,-0.12050000000000004,431,0.1015857458114624,0.001,26069
243,10.0,105320,0.05,10532,-0.09999999999999996,431,0.10334442555904388,0.001,26079
243,10.0,105360,0.05,10536,-0.12299999999999998,431,0.16136763989925385,0.001,26089
243,10.0,105400,0.05,10540,-0.11900000000000001,432,0.08639403432607651,0.001,26099
243,10.0,105440,0.05,10544,-0.1575,432,0.14143790304660797,0.001,26109
243,10.0,105480,0.05,10548,-0.146,432,0.09713531285524368,0.001,26119
243,10.0,105520,0.05,10552,-0.16250000000000003,432,0.34033071994781494,0.001,26129
243,10.0,105560,0.05,10556,-0.25000000000000006,432,0.11848362535238266,0.001,26139
243,10.0,105600,0.05,10560,-0.23000000000000004,433,0.1988828480243683,0.001,26149
243,10.0,105640,0.05,10564,-0.2975000000000001,433,0.06594496220350266,0.001,26159
243,10.0,105680,0.05,10568,-0.42900000000000005,433,0.3314758539199829,0.001,26169
243,10.0,105720,0.05,10572,-0.301,433,0.0726066455245018,0.001,26179
243,10.0,105760,0.05,10576,-0.23500000000000004,433,0.7609907984733582,0.001,26189
243,10.0,105800,0.05,10580,-0.2125,433,0.12125233560800552,0.001,26199
243,10.0,105840,0.05,10584,-0.1555,434,0.07629019021987915,0.001,26209
243,10.0,105880,0.05,10588,-0.1285,434,0.09630303084850311,0.001,26219
243,10.0,105920,0.05,10592,-0.10800000000000001,434,0.10330474376678467,0.001,26229
243,10.0,105960,0.05,10596,-0.1105,434,0.11189278960227966,0.001,26239
243,10.0,106000,0.05,10600,-0.2465,434,0.11401829868555069,0.001,26249
243,10.0,106040,0.05,10604,-0.1595,435,0.4922425448894501,0.001,26259
243,10.0,106080,0.05,10608,-0.172,435,0.07158686220645905,0.001,26269
243,10.0,106120,0.05,10612,-0.22400000000000003,435,0.16471002995967865,0.001,26279
243,10.0,106160,0.05,10616,-0.28550000000000003,436,0.1118086576461792,0.001,26289
243,10.0,106200,0.05,10620,-0.26850000000000007,436,0.11622058600187302,0.001,26299
243,10.0,106240,0.05,10624,-0.31100000000000005,436,0.1181132048368454,0.001,26309
243,10.0,106280,0.05,10628,-0.289,437,0.4894936680793762,0.001,26319
243,10.0,106320,0.05,10632,-0.2854999999999999,437,0.8401186466217041,0.001,26329
242,10.0,106360,0.05,10636,-0.292,437,0.26992055773735046,0.001,26339
242,10.0,106400,0.05,10640,-0.24649999999999994,438,0.309251070022583,0.001,26349
242,10.0,106440,0.05,10644,-0.217,438,0.11147555708885193,0.001,26359
242,10.0,106480,0.05,10648,-0.2615,438,0.0894617959856987,0.001,26369
242,10.0,106520,0.05,10652,-0.25000000000000006,439,0.38960200548171997,0.001,26379
242,10.0,106560,0.05,10656,-0.2285,439,0.12955385446548462,0.001,26389
242,10.0,106600,0.05,10660,-0.1555,439,0.10040360689163208,0.001,26399
242,10.0,106640,0.05,10664,-0.0805,440,0.3481726348400116,0.001,26409
242,10.0,106680,0.05,10668,0.08399999999999996,440,0.10351303219795227,0.001,26419
242,10.0,106720,0.05,10672,0.08149999999999995,440,0.10340561717748642,0.001,26429
242,10.0,106760,0.05,10676,0.026999999999999972,440,0.12638628482818604,0.001,26439
242,10.0,106800,0.05,10680,0.08699999999999998,440,0.3429698944091797,0.001,26449
242,10.0,106840,0.05,10684,0.13199999999999995,441,0.12741871178150177,0.001,26459
242,10.0,106880,0.05,10688,0.039,441,0.4222128689289093,0.001,26469
242,10.0,106920,0.05,10692,0.05149999999999997,441,0.5148168802261353,0.001,26479
242,10.0,106960,0.05,10696,0.07449999999999996,441,0.07996203750371933,0.001,26489
242,10.0,107000,0.05,10700,0.13999999999999996,441,0.15220297873020172,0.001,26499
242,10.0,107040,0.05,10704,0.16000000000000003,442,0.09740665555000305,0.001,26509
242,10.0,107080,0.05,10708,0.13700000000000004,442,0.1758085936307907,0.001,26519
242,10.0,107120,0.05,10712,0.18050000000000005,442,0.12200641632080078,0.001,26529
242,10.0,107160,0.05,10716,0.087,442,0.3774586319923401,0.001,26539
242,10.0,107200,0.05,10720,-0.056999999999999995,442,0.16723254323005676,0.001,26549
242,10.0,107240,0.05,10724,-0.08349999999999996,442,0.09378006309270859,0.001,26559
242,10.0,107280,0.05,10728,-0.18349999999999997,442,0.13059094548225403,0.001,26569
242,10.0,107320,0.05,10732,-0.1849999999999999,443,0.0860077291727066,0.001,26579
242,10.0,107360,0.05,10736,-0.18700000000000003,443,0.1375182867050171,0.001,26589
242,10.0,107400,0.05,10740,-0.23650000000000002,443,0.20694515109062195,0.001,26599
242,10.0,107440,0.05,10744,-0.4395000000000001,443,0.4119681119918823,0.001,26609
242,10.0,107480,0.05,10748,-0.38800000000000007,443,0.2609606981277466,0.001,26619
242,10.0,107520,0.05,10752,-0.38100000000000006,443,0.09842316806316376,0.001,26629
242,10.0,107560,0.05,10756,-0.38699999999999996,443,0.2470063865184784,0.001,26639
242,10.0,107600,0.05,10760,-0.5075,443,0.36779850721359253,0.001,26649
242,10.0,107640,0.05,10764,-0.5614999999999999,444,0.0839911699295044,0.001,26659
242,10.0,107680,0.05,10768,-0.679,444,0.10384853929281235,0.001,26669
242,10.0,107720,0.05,10772,-0.7440000000000001,444,0.12896224856376648,0.001,26679
242,10.0,107760,0.05,10776,-0.7845,444,0.07373994588851929,0.001,26689
242,10.0,107800,0.05,10780,-0.7915000000000002,444,0.1088637262582779,0.001,26699
242,10.0,107840,0.05,10784,-0.7975,444,0.09612138569355011,0.001,26709
242,10.0,107880,0.05,10788,-0.722,444,0.11375117301940918,0.001,26719
242,10.0,107920,0.05,10792,-0.799,445,0.1346387416124344,0.001,26729
242,10.0,107960,0.05,10796,-0.8135000000000002,445,0.11940854042768478,0.001,26739
242,10.0,108000,0.05,10800,-0.7295000000000001,445,0.11717324703931808,0.001,26749
242,10.0,108040,0.05,10804,-0.8045,445,0.08653652667999268,0.001,26759
242,10.0,108080,0.05,10808,-0.7805000000000001,445,0.4204389750957489,0.001,26769
242,10.0,108120,0.05,10812,-0.7265000000000001,445,0.09308159351348877,0.001,26779
242,10.0,108160,0.05,10816,-0.635,445,0.2250354140996933,0.001,26789
242,10.0,108200,0.05,10820,-0.535,446,0.10679459571838379,0.001,26799
242,10.0,108240,0.05,10824,-0.502,446,0.23806193470954895,0.001,26809
242,10.0,108280,0.05,10828,-0.5049999999999999,446,0.0963975191116333,0.001,26819
242,10.0,108320,0.05,10832,-0.49050000000000005,446,0.27652209997177124,0.001,26829
242,10.0,108360,0.05,10836,-0.4375,446,0.10637124627828598,0.001,26839
242,10.0,108400,0.05,10840,-0.4335,446,0.3815969228744507,0.001,26849
242,10.0,108440,0.05,10844,-0.335,446,0.11149897426366806,0.001,26859
242,10.0,108480,0.05,10848,-0.2844999999999999,446,0.4160686135292053,0.001,26869
242,10.0,108520,0.05,10852,-0.2934999999999999,447,0.2726038098335266,0.001,26879
242,10.0,108560,0.05,10856,-0.2905,447,0.16552391648292542,0.001,26889
242,10.0,108600,0.05,10860,-0.3025,447,0.10385831445455551,0.001,26899
242,10.0,108640,0.05,10864,-0.30150000000000005,447,0.12785708904266357,0.001,26909
242,10.0,108680,0.05,10868,-0.3610000000000001,447,0.08696132898330688,0.001,26919
242,10.0,108720,0.05,10872,-0.33649999999999997,447,0.06669874489307404,0.001,26929
242,10.0,108760,0.05,10876,-0.3864999999999999,447,0.20247098803520203,0.001,26939
242,10.0,108800,0.05,10880,-0.3625,448,0.2249329686164856,0.001,26949
242,10.0,108840,0.05,10884,-0.47200000000000003,448,0.11949937790632248,0.001,26959
242,10.0,108880,0.05,10888,-0.5489999999999999,448,0.11413705348968506,0.001,26969
242,10.0,108920,0.05,10892,-0.4825,448,0.08936424553394318,0.001,26979
242,10.0,108960,0.05,10896,-0.523,448,0.18022814393043518,0.001,26989
242,10.0,109000,0.05,10900,-0.5329999999999999,448,0.08718205988407135,0.001,26999
242,10.0,109040,0.05,10904,-0.45500000000000007,449,0.3771200180053711,0.001,27009
242,10.0,109080,0.05,10908,-0.4475,449,0.26028183102607727,0.001,27019
242,10.0,109120,0.05,10912,-0.5085000000000001,449,0.08842785656452179,0.001,27029
242,10.0,109160,0.05,10916,-0.5710000000000001,449,0.12530113756656647,0.001,27039
242,10.0,109200,0.05,10920,-0.581,449,0.10345059633255005,0.001,27049
242,10.0,109240,0.05,10924,-0.46550000000000014,449,0.4325566589832306,0.001,27059
242,10.0,109280,0.05,10928,-0.3500000000000001,449,0.4332435131072998,0.001,27069
242,10.0,109320,0.05,10932,-0.3735000000000001,450,0.08210998773574829,0.001,27079
242,10.0,109360,0.05,10936,-0.37949999999999995,450,0.28695350885391235,0.001,27089
242,10.0,109400,0.05,10940,-0.30099999999999993,450,0.07943927496671677,0.001,27099
242,10.0,109440,0.05,10944,-0.31249999999999994,450,0.08145681023597717,0.001,27109
242,10.0,109480,0.05,10948,-0.3554999999999999,450,0.24824857711791992,0.001,27119
242,10.0,109520,0.05,10952,-0.41950000000000004,450,0.05239918455481529,0.001,27129
242,10.0,109560,0.05,10956,-0.34049999999999997,450,0.09792181849479675,0.001,27139
242,10.0,109600,0.05,10960,-0.3524999999999999,451,0.1186615526676178,0.001,27149
242,10.0,109640,0.05,10964,-0.369,451,0.08236585557460785,0.001,27159
242,10.0,109680,0.05,10968,-0.21800000000000008,451,0.5894177556037903,0.001,27169
242,10.0,109720,0.05,10972,-0.17900000000000002,451,0.08927296847105026,0.001,27179
242,10.0,109760,0.05,10976,-0.06,452,0.11000657081604004,0.001,27189
242,10.0,109800,0.05,10980,-0.09,452,0.31995195150375366,0.001,27199
242,10.0,109840,0.05,10984,-0.062000000000000034,452,0.07505572587251663,0.001,27209
242,10.0,109880,0.05,10988,0.010499999999999945,453,0.5667704939842224,0.001,27219
242,10.0,109920,0.05,10992,-0.03649999999999997,453,0.12338997423648834,0.001,27229
242,10.0,109960,0.05,10996,0.02,453,0.09630732238292694,0.001,27239
242,10.0,110000,0.05,11000,-0.026500000000000013,454,0.0721200481057167,0.001,27249
242,10.0,110040,0.05,11004,-0.09149999999999998,454,0.09641411155462265,0.001,27259
242,10.0,110080,0.05,11008,-0.12499999999999996,454,0.10055406391620636,0.001,27269
241,10.0,110120,0.05,11012,-0.11150000000000002,455,0.13069382309913635,0.001,27279
241,10.0,110160,0.05,11016,-0.16700000000000004,455,0.07633914053440094,0.001,27289
241,10.0,110200,0.05,11020,-0.19899999999999998,455,0.0917581245303154,0.001,27299
241,10.0,110240,0.05,11024,-0.26050000000000006,456,0.1640150249004364,0.001,27309
241,10.0,110280,0.05,11028,-0.34049999999999997,456,0.11108306795358658,0.001,27319
241,10.0,110320,0.05,11032,-0.31899999999999995,456,0.4587237238883972,0.001,27329
241,10.0,110360,0.05,11036,-0.3439999999999999,456,0.2895466983318329,0.001,27339
241,10.0,110400,0.05,11040,-0.3839999999999999,456,0.09956957399845123,0.001,27349
241,10.0,110440,0.05,11044,-0.3365000000000001,456,0.09246011823415756,0.001,27359
241,10.0,110480,0.05,11048,-0.34700000000000003,456,0.3983437120914459,0.001,27369
241,10.0,110520,0.05,11052,-0.26499999999999996,456,0.10326516628265381,0.001,27379
241,10.0,110560,0.05,11056,-0.39099999999999996,457,0.20712997019290924,0.001,27389
241,10.0,110600,0.05,11060,-0.29799999999999993,457,0.10608230531215668,0.001,27399
241,10.0,110640,0.05,11064,-0.2515,457,0.1375974416732788,0.001,27409
241,10.0,110680,0.05,11068,-0.37199999999999994,457,0.2022983878850937,0.001,27419
241,10.0,110720,0.05,11072,-0.31449999999999995,457,0.11079894751310349,0.001,27429
241,10.0,110760,0.05,11076,-0.2595,457,0.08430608361959457,0.001,27439
242,10.0,110800,0.05,11080,-0.25549999999999995,457,0.08298379182815552,0.001,27449
242,10.0,110840,0.05,11084,-0.19149999999999995,457,0.06391629576683044,0.001,27459
242,10.0,110880,0.05,11088,-0.2085,458,0.18675467371940613,0.001,27469
242,10.0,110920,0.05,11092,-0.184,458,0.4171721637248993,0.001,27479
242,10.0,110960,0.05,11096,-0.2275,458,0.18108512461185455,0.001,27489
242,10.0,111000,0.05,11100,-0.17350000000000004,458,0.09748148918151855,0.001,27499
242,10.0,111040,0.05,11104,-0.11749999999999997,458,0.128378227353096,0.001,27509
242,10.0,111080,0.05,11108,-0.11849999999999997,458,0.10671573877334595,0.001,27519
242,10.0,111120,0.05,11112,-0.15999999999999995,458,0.0919516533613205,0.001,27529
242,10.0,111160,0.05,11116,-0.14849999999999994,458,0.137795552611351,0.001,27539
242,10.0,111200,0.05,11120,-0.041499999999999954,459,0.2783944606781006,0.001,27549
242,10.0,111240,0.05,11124,-0.11399999999999996,459,0.08131737262010574,0.001,27559
242,10.0,111280,0.05,11128,-0.20149999999999998,459,0.14336681365966797,0.001,27569
242,10.0,111320,0.05,11132,-0.207,459,0.3361962139606476,0.001,27579
242,10.0,111360,0.05,11136,-0.19349999999999995,459,0.09370408952236176,0.001,27589
242,10.0,111400,0.05,11140,-0.17199999999999996,459,0.09649103879928589,0.001,27599
242,10.0,111440,0.05,11144,-0.27349999999999997,459,0.12249179929494858,0.001,27609
242,10.0,111480,0.05,11148,-0.39199999999999996,459,0.07797165215015411,0.001,27619
242,10.0,111520,0.05,11152,-0.4235,459,0.2127077877521515,0.001,27629
242,10.0,111560,0.05,11156,-0.41450000000000004,460,0.09851225465536118,0.001,27639
242,10.0,111600,0.05,11160,-0.5325,460,0.10999631136655807,0.001,27649
242,10.0,111640,0.05,11164,-0.6869999999999998,460,0.10470753908157349,0.001,27659
242,10.0,111680,0.05,11168,-0.6114999999999999,460,0.09272237867116928,0.001,27669
242,10.0,111720,0.05,11172,-0.6884999999999999,460,0.09615173935890198,0.001,27679
242,10.0,111760,0.05,11176,-0.7545000000000001,460,0.10928447544574738,0.001,27689
242,10.0,111800,0.05,11180,-0.8314999999999999,460,0.0892944186925888,0.001,27699
242,10.0,111840,0.05,11184,-0.8255,460,0.2729663848876953,0.001,27709
242,10.0,111880,0.05,11188,-0.8695,461,0.2668052911758423,0.001,27719
242,10.0,111920,0.05,11192,-0.8114999999999999,461,0.14085686206817627,0.001,27729
242,10.0,111960,0.05,11196,-0.802,461,0.10603342205286026,0.001,27739
242,10.0,112000,0.05,11200,-0.8704999999999998,461,0.5283842086791992,0.001,27749
242,10.0,112040,0.05,11204,-0.9359999999999998,461,0.15741859376430511,0.001,27759
242,10.0,112080,0.05,11208,-0.9684999999999998,461,0.10277162492275238,0.001,27769
242,10.0,112120,0.05,11212,-0.902,461,0.09049873054027557,0.001,27779
242,10.0,112160,0.05,11216,-0.8570000000000002,461,0.09563618898391724,0.001,27789
242,10.0,112200,0.05,11220,-0.8845000000000001,462,0.41075989603996277,0.001,27799
242,10.0,112240,0.05,11224,-0.8775,462,0.066747285425663,0.001,27809
242,10.0,112280,0.05,11228,-0.8255000000000001,462,0.11199071258306503,0.001,27819
242,10.0,112320,0.05,11232,-0.8030000000000002,462,0.14440231025218964,0.001,27829
242,10.0,112360,0.05,11236,-0.8395,462,0.12545469403266907,0.001,27839
242,10.0,112400,0.05,11240,-0.9139999999999999,462,0.09685405343770981,0.001,27849
242,10.0,112440,0.05,11244,-0.6950000000000002,462,0.1104554757475853,0.001,27859
243,10.0,112480,0.05,11248,-0.5545,462,0.08323526382446289,0.001,27869
243,10.0,112520,0.05,11252,-0.5225,462,0.14036643505096436,0.001,27879
243,10.0,112560,0.05,11256,-0.5220000000000001,463,0.1602063924074173,0.001,27889
243,10.0,112600,0.05,11260,-0.43900000000000006,463,0.7073336243629456,0.001,27899
243,10.0,112640,0.05,11264,-0.2445,463,0.3079336881637573,0.001,27909
243,10.0,112680,0.05,11268,-0.281,463,0.26902881264686584,0.001,27919
243,10.0,112720,0.05,11272,-0.19000000000000003,463,0.3563923239707947,0.001,27929
243,10.0,112760,0.05,11276,-0.23100000000000004,463,0.3339509665966034,0.001,27939
243,10.0,112800,0.05,11280,-0.21600000000000005,463,0.08649850636720657,0.001,27949
243,10.0,112840,0.05,11284,-0.199,463,0.402268648147583,0.001,27959
243,10.0,112880,0.05,11288,-0.15150000000000005,464,0.07792051136493683,0.001,27969
243,10.0,112920,0.05,11292,-0.1665000000000001,464,0.3262706398963928,0.001,27979
243,10.0,112960,0.05,11296,-0.17250000000000007,464,0.20144681632518768,0.001,27989
243,10.0,113000,0.05,11300,-0.25800000000000006,464,0.12279107421636581,0.001,27999
243,10.0,113040,0.05,11304,-0.23250000000000004,464,0.14644545316696167,0.001,28009
243,10.0,113080,0.05,11308,-0.1015,464,0.10458339750766754,0.001,28019
243,10.0,113120,0.05,11312,-0.10250000000000002,464,0.10125631093978882,0.001,28029
243,10.0,113160,0.05,11316,-0.08249999999999998,465,0.10611943155527115,0.001,28039
243,10.0,113200,0.05,11320,-0.10250000000000005,465,0.4409373700618744,0.001,28049
243,10.0,113240,0.05,11324,-0.041000000000000016,465,0.31406456232070923,0.001,28059
243,10.0,113280,0.05,11328,0.004500000000000021,465,0.11825801432132721,0.001,28069
243,10.0,113320,0.05,11332,-0.01349999999999999,465,0.10656619817018509,0.001,28079
243,10.0,113360,0.05,11336,0.05399999999999999,465,0.2395773082971573,0.001,28089
243,10.0,113400,0.05,11340,0.1725,465,0.11167379468679428,0.001,28099
243,10.0,113440,0.05,11344,0.134,465,0.18087971210479736,0.001,28109
243,10.0,113480,0.05,11348,-0.005999999999999989,465,0.19616280496120453,0.001,28119
243,10.0,113520,0.05,11352,-0.05449999999999997,466,0.10151344537734985,0.001,28129
243,10.0,113560,0.05,11356,0.05,466,0.06467895954847336,0.001,28139
243,10.0,113600,0.05,11360,0.17249999999999996,466,0.2087508887052536,0.001,28149
243,10.0,113640,0.05,11364,0.20649999999999996,466,0.24355469644069672,0.001,28159
243,10.0,113680,0.05,11368,0.2565,466,0.07332469522953033,0.001,28169
243,10.0,113720,0.05,11372,0.1945,466,0.08352377265691757,0.001,28179
243,10.0,113760,0.05,11376,0.20800000000000002,466,0.11002246290445328,0.001,28189
243,10.0,113800,0.05,11380,0.253,466,0.0931064784526825,0.001,28199
243,10.0,113840,0.05,11384,0.307,467,0.06350167840719223,0.001,28209
243,10.0,113880,0.05,11388,0.318,467,0.10573048889636993,0.001,28219
243,10.0,113920,0.05,11392,0.24450000000000002,467,0.08068741112947464,0.001,28229
243,10.0,113960,0.05,11396,0.21200000000000002,467,0.2658260762691498,0.001,28239
243,10.0,114000,0.05,11400,0.366,467,0.0939333587884903,0.001,28249
243,10.0,114040,0.05,11404,0.31199999999999994,468,0.1060650572180748,0.001,28259
243,10.0,114080,0.05,11408,0.29099999999999987,468,0.08743114024400711,0.001,28269
243,10.0,114120,0.05,11412,0.2084999999999999,468,0.17739619314670563,0.001,28279
243,10.0,114160,0.05,11416,0.1735,468,0.10297680646181107,0.001,28289
243,10.0,114200,0.05,11420,0.16899999999999996,468,0.09705521166324615,0.001,28299
243,10.0,114240,0.05,11424,0.1025,469,0.5255452394485474,0.001,28309
243,10.0,114280,0.05,11428,0.1525,469,0.5003731846809387,0.001,28319
243,10.0,114320,0.05,11432,0.16849999999999996,469,0.09355556964874268,0.001,28329
243,10.0,114360,0.05,11436,0.2015,469,0.15200412273406982,0.001,28339
243,10.0,114400,0.05,11440,0.0055000000000000274,470,0.1145617738366127,0.001,28349
243,10.0,114440,0.05,11444,0.014000000000000018,470,0.11377625167369843,0.001,28359
243,10.0,114480,0.05,11448,0.153,470,0.27940061688423157,0.001,28369
243,10.0,114520,0.05,11452,0.196,470,0.10009340196847916,0.001,28379
243,10.0,114560,0.05,11456,0.1385,470,0.4198245704174042,0.001,28389
243,10.0,114600,0.05,11460,0.048,471,0.10776052623987198,0.001,28399
243,10.0,114640,0.05,11464,-0.0565,471,0.08031875640153885,0.001,28409
243,10.0,114680,0.05,11468,-0.02549999999999997,471,0.3715210258960724,0.001,28419
243,10.0,114720,0.05,11472,-0.08649999999999995,471,0.07508082687854767,0.001,28429
243,10.0,114760,0.05,11476,-0.16299999999999998,471,0.12886810302734375,0.001,28439
243,10.0,114800,0.05,11480,-0.12249999999999998,471,0.5321447849273682,0.001,28449
243,10.0,114840,0.05,11484,-0.20699999999999996,472,0.09088584035634995,0.001,28459
243,10.0,114880,0.05,11488,-0.22650000000000003,472,0.10842657834291458,0.001,28469
243,10.0,114920,0.05,11492,-0.13850000000000004,472,0.10499584674835205,0.001,28479
243,10.0,114960,0.05,11496,-0.07500000000000001,472,0.38169851899147034,0.001,28489
243,10.0,115000,0.05,11500,-0.19699999999999998,472,0.4235350489616394,0.001,28499
243,10.0,115040,0.05,11504,-0.0825,472,0.06936101615428925,0.001,28509
243,10.0,115080,0.05,11508,-0.21950000000000006,472,0.1212298721075058,0.001,28519
243,10.0,115120,0.05,11512,-0.08700000000000001,472,0.07310818880796432,0.001,28529
243,10.0,115160,0.05,11516,-0.02699999999999999,473,0.08704855293035507,0.001,28539
243,10.0,115200,0.05,11520,-0.01400000000000002,473,0.0786546990275383,0.001,28549
243,10.0,115240,0.05,11524,0.09349999999999996,473,0.159984290599823,0.001,28559
243,10.0,115280,0.05,11528,0.04399999999999992,473,0.20624768733978271,0.001,28569
243,10.0,115320,0.05,11532,-0.022500000000000055,473,0.1584772914648056,0.001,28579
243,10.0,115360,0.05,11536,-0.083,473,0.11505294591188431,0.001,28589
243,10.0,115400,0.05,11540,0.06699999999999998,473,0.10659521818161011,0.001,28599
243,10.0,115440,0.05,11544,0.0325,473,0.1162157952785492,0.001,28609
243,10.0,115480,0.05,11548,0.066,473,0.06841567158699036,0.001,28619
243,10.0,115520,0.05,11552,0.008499999999999973,474,0.14252811670303345,0.001,28629
243,10.0,115560,0.05,11556,-0.0019999999999999922,474,0.11032569408416748,0.001,28639
243,10.0,115600,0.05,11560,-0.059000000000000025,474,0.0699126273393631,0.001,28649
243,10.0,115640,0.05,11564,0.045499999999999964,474,0.22244572639465332,0.001,28659
243,10.0,115680,0.05,11568,-0.01800000000000001,474,0.08559194952249527,0.001,28669
243,10.0,115720,0.05,11572,0.07199999999999998,474,0.29626765847206116,0.001,28679
243,10.0,115760,0.05,11576,0.142,474,0.11759256571531296,0.001,28689
243,10.0,115800,0.05,11580,-0.004000000000000039,474,0.1394118219614029,0.001,28699
243,10.0,115840,0.05,11584,0.07950000000000002,475,0.10914325714111328,0.001,28709
243,10.0,115880,0.05,11588,0.08600000000000005,475,0.09021153301000595,0.001,28719
243,10.0,115920,0.05,11592,0.131,475,0.09701211005449295,0.001,28729
243,10.0,115960,0.05,11596,0.14949999999999994,475,0.10022146999835968,0.001,28739
243,10.0,116000,0.05,11600,0.11799999999999997,475,0.2008909285068512,0.001,28749
243,10.0,116040,0.05,11604,0.07899999999999995,475,0.26016965508461,0.001,28759
244,10.0,116080,0.05,11608,0.15750000000000003,475,0.08748923987150192,0.001,28769
244,10.0,116120,0.05,11612,0.013499999999999977,475,0.11464736610651016,0.001,28779
244,10.0,116160,0.05,11616,-0.033500000000000044,475,0.09682238847017288,0.001,28789
244,10.0,116200,0.05,11620,-0.032000000000000035,476,0.09814273566007614,0.001,28799
244,10.0,116240,0.05,11624,-0.04900000000000003,476,0.10676473379135132,0.001,28809
244,10.0,116280,0.05,11628,-0.06300000000000006,476,0.08319218456745148,0.001,28819
244,10.0,116320,0.05,11632,-0.05300000000000003,476,0.10150449723005295,0.001,28829
244,10.0,116360,0.05,11636,-0.016000000000000025,476,0.08749958872795105,0.001,28839
244,10.0,116400,0.05,11640,-0.10950000000000003,476,0.11965488642454147,0.001,28849
244,10.0,116440,0.05,11644,-0.1,476,0.05498049035668373,0.001,28859
244,10.0,116480,0.05,11648,-0.14850000000000002,476,0.10645458847284317,0.001,28869
244,10.0,116520,0.05,11652,-0.09700000000000003,477,0.42369168996810913,0.001,28879
244,10.0,116560,0.05,11656,-0.06850000000000003,477,0.0691789761185646,0.001,28889
244,10.0,116600,0.05,11660,-0.02000000000000004,477,0.07018397748470306,0.001,28899
244,10.0,116640,0.05,11664,-0.031000000000000028,477,0.08462897688150406,0.001,28909
244,10.0,116680,0.05,11668,-0.0475,477,0.07436951249837875,0.001,28919
244,10.0,116720,0.05,11672,-0.09749999999999998,477,0.11466345936059952,0.001,28929
244,10.0,116760,0.05,11676,-0.14750000000000002,477,0.06687232851982117,0.001,28939
244,10.0,116800,0.05,11680,-0.02950000000000003,477,0.10255321860313416,0.001,28949
244,10.0,116840,0.05,11684,-0.175,477,0.08860719203948975,0.001,28959
244,10.0,116880,0.05,11688,-0.11200000000000003,478,0.0902516171336174,0.001,28969
244,10.0,116920,0.05,11692,-0.16700000000000004,478,0.07459757477045059,0.001,28979
244,10.0,116960,0.05,11696,-0.15800000000000003,478,0.06618774682283401,0.001,28989
244,10.0,117000,0.05,11700,-0.053500000000000034,478,0.12347741425037384,0.001,28999
244,10.0,117040,0.05,11704,-0.19250000000000003,478,0.1399848759174347,0.001,29009
244,10.0,117080,0.05,11708,-0.13100000000000006,478,0.18234091997146606,0.001,29019
244,10.0,117120,0.05,11712,-0.0005000000000000471,478,0.09652812033891678,0.001,29029
244,10.0,117160,0.05,11716,0.07499999999999998,478,0.2159668505191803,0.001,29039
244,10.0,117200,0.05,11720,0.0975,479,0.3450573980808258,0.001,29049
244,10.0,117240,0.05,11724,0.09599999999999997,479,0.09661644697189331,0.001,29059
244,10.0,117280,0.05,11728,0.12499999999999993,479,0.08966895937919617,0.001,29069
244,10.0,117320,0.05,11732,0.18699999999999992,479,0.20892386138439178,0.001,29079
244,10.0,117360,0.05,11736,0.19149999999999995,479,1.0856417417526245,0.001,29089
244,10.0,117400,0.05,11740,0.30400000000000005,479,0.12794381380081177,0.001,29099
244,10.0,117440,0.05,11744,0.3215,479,0.10520344972610474,0.001,29109
244,10.0,117480,0.05,11748,0.36300000000000004,480,0.16613024473190308,0.001,29119
244,10.0,117520,0.05,11752,0.37449999999999994,480,0.09798680990934372,0.001,29129
244,10.0,117560,0.05,11756,0.37199999999999994,480,0.38887396454811096,0.001,29139
244,10.0,117600,0.05,11760,0.35050000000000003,480,0.06166061758995056,0.001,29149
244,10.0,117640,0.05,11764,0.29250000000000004,480,0.07322028279304504,0.001,29159
244,10.0,117680,0.05,11768,0.28099999999999997,480,0.09118911623954773,0.001,29169
244,10.0,117720,0.05,11772,0.281,480,0.08092409372329712,0.001,29179
244,10.0,117760,0.05,11776,0.4379999999999999,480,0.18054907023906708,0.001,29189
244,10.0,117800,0.05,11780,0.4734999999999999,480,0.11585499346256256,0.001,29199
244,10.0,117840,0.05,11784,0.5185,481,0.11051835119724274,0.001,29209
244,10.0,117880,0.05,11788,0.4754999999999999,481,0.062471140176057816,0.001,29219
244,10.0,117920,0.05,11792,0.446,481,0.09807456284761429,0.001,29229
245,10.0,117960,0.05,11796,0.36800000000000005,481,0.2877829670906067,0.001,29239
245,10.0,118000,0.05,11800,0.36749999999999994,481,0.10757683962583542,0.001,29249
245,10.0,118040,0.05,11804,0.389,481,0.08280472457408905,0.001,29259
245,10.0,118080,0.05,11808,0.22149999999999997,481,0.12614688277244568,0.001,29269
245,10.0,118120,0.05,11812,0.25949999999999995,481,0.07002101093530655,0.001,29279
245,10.0,118160,0.05,11816,0.22150000000000003,482,0.7523272037506104,0.001,29289
245,10.0,118200,0.05,11820,0.254,482,0.21883684396743774,0.001,29299
245,10.0,118240,0.05,11824,0.19599999999999998,482,0.07266014814376831,0.001,29309
245,10.0,118280,0.05,11828,0.21050000000000002,482,0.4669288396835327,0.001,29319
245,10.0,118320,0.05,11832,0.10550000000000001,482,0.10668069124221802,0.001,29329
245,10.0,118360,0.05,11836,0.19,482,0.0931495875120163,0.001,29339
245,10.0,118400,0.05,11840,0.171,482,0.26106658577919006,0.001,29349
245,10.0,118440,0.05,11844,0.11900000000000002,482,0.10839427262544632,0.001,29359
245,10.0,118480,0.05,11848,-0.008499999999999997,482,0.07547138631343842,0.001,29369
245,10.0,118520,0.05,11852,0.07550000000000004,483,0.07542900741100311,0.001,29379
245,10.0,118560,0.05,11856,0.04800000000000006,483,0.11960278451442719,0.001,29389
245,10.0,118600,0.05,11860,0.11449999999999999,483,0.06986953318119049,0.001,29399
245,10.0,118640,0.05,11864,0.16499999999999995,483,0.08587731420993805,0.001,29409
245,10.0,118680,0.05,11868,0.18699999999999994,483,0.08821932226419449,0.001,29419
245,10.0,118720,0.05,11872,0.18699999999999994,484,0.10729262977838516,0.001,29429
245,10.0,118760,0.05,11876,0.11799999999999995,484,0.14456483721733093,0.001,29439
245,10.0,118800,0.05,11880,0.036499999999999935,484,0.11490826308727264,0.001,29449
245,10.0,118840,0.05,11884,0.0020000000000000074,484,0.07477613538503647,0.001,29459
245,10.0,118880,0.05,11888,-0.052499999999999956,484,0.08118646591901779,0.001,29469
245,10.0,118920,0.05,11892,-0.05950000000000002,484,0.1294606626033783,0.001,29479
245,10.0,118960,0.05,11896,0.02299999999999996,484,0.14992530643939972,0.001,29489
245,10.0,119000,0.05,11900,0.10549999999999991,485,0.11709900200366974,0.001,29499
245,10.0,119040,0.05,11904,0.21499999999999994,485,0.097508504986763,0.001,29509
245,10.0,119080,0.05,11908,0.2865,485,0.1297145038843155,0.001,29519
245,10.0,119120,0.05,11912,0.14400000000000002,485,0.0723312646150589,0.001,29529
245,10.0,119160,0.05,11916,0.09850000000000005,486,0.0781724601984024,0.001,29539
245,10.0,119200,0.05,11920,0.09949999999999999,486,0.09478260576725006,0.001,29549
245,10.0,119240,0.05,11924,0.06549999999999992,486,0.20647381246089935,0.001,29559
245,10.0,119280,0.05,11928,-0.007000000000000062,486,0.14082594215869904,0.001,29569
245,10.0,119320,0.05,11932,0.014000000000000004,486,0.10319351404905319,0.001,29579
245,10.0,119360,0.05,11936,-0.1225,486,0.09218034148216248,0.001,29589
245,10.0,119400,0.05,11940,-0.2225,487,0.07640344649553299,0.001,29599
245,10.0,119440,0.05,11944,-0.15150000000000002,487,0.10143391042947769,0.001,29609
245,10.0,119480,0.05,11948,-0.1705,487,0.08804045617580414,0.001,29619
245,10.0,119520,0.05,11952,-0.24250000000000005,487,0.14178839325904846,0.001,29629
245,10.0,119560,0.05,11956,-0.1405,487,0.13246941566467285,0.001,29639
245,10.0,119600,0.05,11960,-0.18649999999999994,487,0.5124874114990234,0.001,29649
245,10.0,119640,0.05,11964,-0.16150000000000003,488,0.0852651372551918,0.001,29659
245,10.0,119680,0.05,11968,-0.25250000000000006,488,0.10270597785711288,0.001,29669
245,10.0,119720,0.05,11972,-0.29150000000000004,488,0.08071908354759216,0.001,29679
245,10.0,119760,0.05,11976,-0.3439999999999999,488,0.11392515897750854,0.001,29689
245,10.0,119800,0.05,11980,-0.3649999999999999,488,0.09820953756570816,0.001,29699
245,10.0,119840,0.05,11984,-0.359,488,0.11412221938371658,0.001,29709
245,10.0,119880,0.05,11988,-0.3964999999999999,488,0.10087856650352478,0.001,29719
245,10.0,119920,0.05,11992,-0.4549999999999999,489,0.07347344607114792,0.001,29729
245,10.0,119960,0.05,11996,-0.47200000000000003,489,0.09239162504673004,0.001,29739
245,10.0,120000,0.05,12000,-0.47850000000000004,489,0.12191018462181091,0.001,29749
