time/fps,rollout/ep_len_mean,time/total_timesteps,rollout/exploration_rate,time/episodes,rollout/ep_rew_mean,time/time_elapsed,train/loss,train/learning_rate,train/n_updates
2560,10.0,40,0.9989444444444445,4,-0.5374999999999999,0,,,
3061,10.0,80,0.9978888888888888,8,-0.71875,0,,,
3792,10.0,120,0.9968333333333333,12,-0.6166666666666666,0,,,
3384,10.0,160,0.9957777777777779,16,-0.471875,0,,,
3180,10.0,200,0.9947222222222221,20,-0.225,0,,,
3056,10.0,240,0.9936666666666667,24,-0.02708333333333333,0,,,
3566,10.0,280,0.9926111111111112,28,0.033928571428571426,0,,,
3399,10.0,320,0.9915555555555554,32,-0.0828125,0,,,
3279,10.0,360,0.9904999999999999,36,-0.13333333333333333,0,,,
3164,10.0,400,0.9894444444444446,40,-0.22999999999999998,0,,,
3111,10.0,440,0.9883888888888888,44,-0.25227272727272726,0,,,
3394,10.0,480,0.9873333333333333,48,-0.25,0,,,
2889,10.0,520,0.9862777777777779,52,-0.30192307692307696,0,,,
2915,10.0,560,0.9852222222222221,56,-0.2857142857142857,0,,,
2940,10.0,600,0.9841666666666666,60,-0.32499999999999996,0,,,
3106,10.0,640,0.9831111111111113,64,-0.3484375,0,,,
2999,10.0,680,0.9820555555555555,68,-0.40882352941176464,0,,,
3028,10.0,720,0.981,72,-0.33541666666666664,0,,,
2999,10.0,760,0.9799444444444445,76,-0.37236842105263157,0,,,
2974,10.0,800,0.9788888888888887,80,-0.355,0,,,
3123,10.0,840,0.9778333333333333,84,-0.3619047619047619,0,,,
3092,10.0,880,0.9767777777777779,88,-0.31875,0,,,
3064,10.0,920,0.975722222222222,92,-0.2896739130434782,0,,,
3039,10.0,960,0.9746666666666667,96,-0.29322916666666665,0,,,
3013,10.0,1000,0.9736111111111112,100,-0.2955,0,,,
1890,10.0,1040,0.9725555555555554,104,-0.2935,0,0.08695333451032639,0.001,9
1617,10.0,1080,0.9715,108,-0.25999999999999995,0,0.04173819720745087,0.001,19
1366,10.0,1120,0.9704444444444446,112,-0.2535,0,0.026945794001221657,0.001,29
1277,10.0,1160,0.9693888888888887,116,-0.265,0,0.061314210295677185,0.001,39
1111,10.0,1200,0.9683333333333333,120,-0.33549999999999996,1,0.03546588867902756,0.001,49
675,10.0,1240,0.9672777777777779,124,-0.42200000000000004,1,0.0452643446624279,0.001,59
524,10.0,1280,0.9662222222222221,128,-0.4389999999999999,2,0.04029881954193115,0.001,69
485,10.0,1320,0.9651666666666666,132,-0.4414999999999999,2,0.03923402354121208,0.001,79
469,10.0,1360,0.9641111111111111,136,-0.42199999999999993,2,0.02279799059033394,0.001,89
453,10.0,1400,0.9630555555555554,140,-0.31249999999999994,3,0.019441556185483932,0.001,99
448,10.0,1440,0.962,144,-0.2975,3,0.033693090081214905,0.001,109
447,10.0,1480,0.9609444444444445,148,-0.319,3,0.01715230569243431,0.001,119
440,10.0,1520,0.9598888888888888,152,-0.302,3,0.13929900527000427,0.001,129
432,10.0,1560,0.9588333333333333,156,-0.302,3,0.05854430049657822,0.001,139
421,10.0,1600,0.9577777777777778,160,-0.2790000000000001,3,0.04758134111762047,0.001,149
416,10.0,1640,0.956722222222222,164,-0.2325,3,0.025116361677646637,0.001,159
415,10.0,1680,0.9556666666666667,168,-0.15849999999999997,4,0.01860312558710575,0.001,169
412,10.0,1720,0.9546111111111112,172,-0.14450000000000002,4,0.025057997554540634,0.001,179
410,10.0,1760,0.9535555555555554,176,-0.11200000000000002,4,0.021438024938106537,0.001,189
408,10.0,1800,0.9524999999999999,180,-0.1545,4,0.018601760268211365,0.001,199
405,10.0,1840,0.9514444444444445,184,-0.1675,4,0.02236139588057995,0.001,209
404,10.0,1880,0.9503888888888887,188,-0.20550000000000002,4,0.020882245153188705,0.001,219
402,10.0,1920,0.9493333333333333,192,-0.26049999999999995,4,0.01798277162015438,0.001,229
400,10.0,1960,0.9482777777777779,196,-0.22649999999999995,4,0.03029528260231018,0.001,239
395,10.0,2000,0.9472222222222221,200,-0.2035,5,0.03237525373697281,0.001,249
392,10.0,2040,0.9461666666666666,204,-0.18849999999999997,5,0.08140985667705536,0.001,259
393,10.0,2080,0.9451111111111111,208,-0.19349999999999998,5,0.033612098544836044,0.001,269
392,10.0,2120,0.9440555555555554,212,-0.20900000000000002,5,0.024157315492630005,0.001,279
391,10.0,2160,0.943,216,-0.228,5,0.03819398581981659,0.001,289
392,10.0,2200,0.9419444444444445,220,-0.18599999999999994,5,0.02503795549273491,0.001,299
393,10.0,2240,0.9408888888888888,224,-0.09849999999999999,5,0.030865659937262535,0.001,309
396,10.0,2280,0.9398333333333333,228,-0.0995,5,0.03177693486213684,0.001,319
398,10.0,2320,0.9387777777777778,232,-0.12800000000000003,5,0.025323690846562386,0.001,329
401,10.0,2360,0.937722222222222,236,-0.13049999999999998,5,0.015805553644895554,0.001,339
402,10.0,2400,0.9366666666666666,240,-0.23249999999999996,5,0.028974397107958794,0.001,349
404,10.0,2440,0.9356111111111112,244,-0.27049999999999996,6,0.01920897327363491,0.001,359
402,10.0,2480,0.9345555555555557,248,-0.226,6,0.024463998153805733,0.001,369
401,10.0,2520,0.9335,252,-0.24099999999999994,6,0.060377590358257294,0.001,379
400,10.0,2560,0.9324444444444445,256,-0.24099999999999994,6,0.07454904913902283,0.001,389
400,10.0,2600,0.9313888888888887,260,-0.19749999999999995,6,0.07787083834409714,0.001,399
401,10.0,2640,0.9303333333333332,264,-0.24799999999999997,6,0.04847625643014908,0.001,409
402,10.0,2680,0.9292777777777779,268,-0.3085,6,0.03423226997256279,0.001,419
403,10.0,2720,0.9282222222222224,272,-0.33649999999999997,6,0.019990505650639534,0.001,429
405,10.0,2760,0.9271666666666666,276,-0.3404999999999999,6,0.04041944816708565,0.001,439
407,10.0,2800,0.9261111111111111,280,-0.29450000000000004,6,0.04790280759334564,0.001,449
408,10.0,2840,0.9250555555555557,284,-0.30700000000000005,6,0.03139091655611992,0.001,459
409,10.0,2880,0.9239999999999999,288,-0.2745,7,0.040365997701883316,0.001,469
412,10.0,2920,0.9229444444444445,292,-0.24450000000000002,7,0.02579595521092415,0.001,479
413,10.0,2960,0.9218888888888891,296,-0.26550000000000007,7,0.05473548173904419,0.001,489
416,10.0,3000,0.9208333333333333,300,-0.25350000000000006,7,0.02209416590631008,0.001,499
415,10.0,3040,0.9197777777777778,304,-0.25799999999999995,7,0.11849364638328552,0.001,509
417,10.0,3080,0.9187222222222224,308,-0.2705,7,0.07266291230916977,0.001,519
419,10.0,3120,0.9176666666666666,312,-0.24800000000000005,7,0.047269728034734726,0.001,529
419,10.0,3160,0.9166111111111112,316,-0.1975,7,0.04587782546877861,0.001,539
418,10.0,3200,0.9155555555555557,320,-0.19399999999999995,7,0.0665992870926857,0.001,549
419,10.0,3240,0.9144999999999999,324,-0.2445,7,0.02802380546927452,0.001,559
421,10.0,3280,0.9134444444444445,328,-0.26349999999999996,7,0.0447746142745018,0.001,569
422,10.0,3320,0.912388888888889,332,-0.20550000000000002,7,0.039541687816381454,0.001,579
424,10.0,3360,0.9113333333333332,336,-0.2245,7,0.027081286534667015,0.001,589
426,10.0,3400,0.9102777777777779,340,-0.22349999999999998,7,0.04599694535136223,0.001,599
427,10.0,3440,0.9092222222222224,344,-0.16349999999999998,8,0.024641096591949463,0.001,609
429,10.0,3480,0.9081666666666666,348,-0.21150000000000002,8,0.03519396111369133,0.001,619
431,10.0,3520,0.9071111111111112,352,-0.21900000000000003,8,0.07165386527776718,0.001,629
432,10.0,3560,0.9060555555555557,356,-0.22949999999999998,8,0.08581705391407013,0.001,639
433,10.0,3600,0.9049999999999999,360,-0.24350000000000002,8,0.036682214587926865,0.001,649
430,10.0,3640,0.9039444444444444,364,-0.22849999999999995,8,0.042039696127176285,0.001,659
427,10.0,3680,0.9028888888888891,368,-0.20250000000000004,8,0.05391612648963928,0.001,669
426,10.0,3720,0.9018333333333333,372,-0.26700000000000007,8,0.06374050676822662,0.001,679
426,10.0,3760,0.9007777777777778,376,-0.21000000000000005,8,0.05655331909656525,0.001,689
428,10.0,3800,0.8997222222222223,380,-0.22849999999999998,8,0.025634929537773132,0.001,699
428,10.0,3840,0.8986666666666666,384,-0.21699999999999997,8,0.05327446758747101,0.001,709
429,10.0,3880,0.8976111111111111,388,-0.24700000000000003,9,0.029366128146648407,0.001,719
430,10.0,3920,0.8965555555555557,392,-0.272,9,0.04164956510066986,0.001,729
432,10.0,3960,0.8955,396,-0.2245,9,0.028995811939239502,0.001,739
433,10.0,4000,0.8944444444444445,400,-0.24049999999999996,9,0.034191589802503586,0.001,749
434,10.0,4040,0.893388888888889,404,-0.25399999999999995,9,0.06549303978681564,0.001,759
434,10.0,4080,0.8923333333333332,408,-0.25799999999999995,9,0.0763900876045227,0.001,769
433,10.0,4120,0.8912777777777778,412,-0.27199999999999996,9,0.0823698565363884,0.001,779
435,10.0,4160,0.8902222222222224,416,-0.2920000000000001,9,0.06919451802968979,0.001,789
435,10.0,4200,0.8891666666666665,420,-0.2775,9,0.04294154420495033,0.001,799
436,10.0,4240,0.8881111111111111,424,-0.20300000000000004,9,0.040808167308568954,0.001,809
436,10.0,4280,0.8870555555555557,428,-0.198,9,0.04256834089756012,0.001,819
435,10.0,4320,0.8859999999999999,432,-0.16949999999999998,9,0.06434988230466843,0.001,829
434,10.0,4360,0.8849444444444444,436,-0.17249999999999996,10,0.04105518385767937,0.001,839
434,10.0,4400,0.8838888888888891,440,-0.1675,10,0.04700881242752075,0.001,849
433,10.0,4440,0.8828333333333332,444,-0.17850000000000002,10,0.053242411464452744,0.001,859
431,10.0,4480,0.8817777777777778,448,-0.188,10,0.056821808218955994,0.001,869
428,10.0,4520,0.8807222222222224,452,-0.17749999999999996,10,0.09460070729255676,0.001,879
420,10.0,4560,0.8796666666666666,456,-0.18499999999999997,10,0.07535746693611145,0.001,889
418,10.0,4600,0.8786111111111111,460,-0.2085,10,0.07155703008174896,0.001,899
418,10.0,4640,0.8775555555555556,464,-0.199,11,0.05028950795531273,0.001,909
417,10.0,4680,0.8764999999999998,468,-0.19949999999999998,11,0.06902269273996353,0.001,919
417,10.0,4720,0.8754444444444445,472,-0.193,11,0.052536316215991974,0.001,929
417,10.0,4760,0.874388888888889,476,-0.243,11,0.041939109563827515,0.001,939
416,10.0,4800,0.8733333333333332,480,-0.23650000000000004,11,0.06705130636692047,0.001,949
416,10.0,4840,0.8722777777777777,484,-0.22849999999999998,11,0.053859010338783264,0.001,959
416,10.0,4880,0.8712222222222223,488,-0.22499999999999998,11,0.05624464154243469,0.001,969
416,10.0,4920,0.8701666666666665,492,-0.19649999999999995,11,0.04187562316656113,0.001,979
417,10.0,4960,0.8691111111111112,496,-0.234,11,0.05642671138048172,0.001,989
418,10.0,5000,0.8680555555555557,500,-0.23749999999999996,11,0.06599923968315125,0.001,999
419,10.0,5040,0.8669999999999999,504,-0.26199999999999996,12,0.07076811045408249,0.001,1009
420,10.0,5080,0.8659444444444444,508,-0.22399999999999995,12,0.056376416236162186,0.001,1019
420,10.0,5120,0.864888888888889,512,-0.18149999999999994,12,0.06138833612203598,0.001,1029
420,10.0,5160,0.8638333333333332,516,-0.21599999999999997,12,0.0691235214471817,0.001,1039
420,10.0,5200,0.8627777777777778,520,-0.23550000000000001,12,0.04926567152142525,0.001,1049
419,10.0,5240,0.8617222222222223,524,-0.26700000000000007,12,0.03607624024152756,0.001,1059
418,10.0,5280,0.8606666666666665,528,-0.2605,12,0.08198215067386627,0.001,1069
418,10.0,5320,0.8596111111111111,532,-0.28850000000000003,12,0.04193424805998802,0.001,1079
417,10.0,5360,0.8585555555555556,536,-0.2835,12,0.06961210072040558,0.001,1089
419,10.0,5400,0.8574999999999999,540,-0.20600000000000004,12,0.047250956296920776,0.001,1099
419,10.0,5440,0.8564444444444445,544,-0.18750000000000003,12,0.04083772748708725,0.001,1109
420,10.0,5480,0.855388888888889,548,-0.13550000000000004,13,0.02899489551782608,0.001,1119
421,10.0,5520,0.8543333333333332,552,-0.11000000000000004,13,0.13653242588043213,0.001,1129
422,10.0,5560,0.8532777777777778,556,-0.09700000000000002,13,0.09419276565313339,0.001,1139
422,10.0,5600,0.8522222222222223,560,-0.07000000000000002,13,0.14701782166957855,0.001,1149
422,10.0,5640,0.8511666666666665,564,-0.03599999999999999,13,0.11012120544910431,0.001,1159
421,10.0,5680,0.850111111111111,568,-0.007999999999999991,13,0.07792598754167557,0.001,1169
421,10.0,5720,0.8490555555555557,572,0.006,13,0.08690638840198517,0.001,1179
421,10.0,5760,0.8479999999999999,576,-0.00849999999999999,13,0.06329337507486343,0.001,1189
419,10.0,5800,0.8469444444444445,580,-0.06349999999999997,13,0.060649048537015915,0.001,1199
418,10.0,5840,0.845888888888889,584,-0.03849999999999997,13,0.07375948131084442,0.001,1209
416,10.0,5880,0.8448333333333332,588,-0.08199999999999998,14,0.04225125163793564,0.001,1219
416,10.0,5920,0.8437777777777777,592,-0.11199999999999999,14,0.036145079880952835,0.001,1229
415,10.0,5960,0.8427222222222224,596,-0.12450000000000001,14,0.0671161562204361,0.001,1239
415,10.0,6000,0.8416666666666666,600,-0.14800000000000002,14,0.050569504499435425,0.001,1249
414,10.0,6040,0.8406111111111111,604,-0.1385,14,0.10844328254461288,0.001,1259
414,10.0,6080,0.8395555555555556,608,-0.1745,14,0.09378217905759811,0.001,1269
414,10.0,6120,0.8384999999999998,612,-0.20800000000000002,14,0.10611747205257416,0.001,1279
414,10.0,6160,0.8374444444444444,616,-0.21749999999999992,14,0.07395246624946594,0.001,1289
413,10.0,6200,0.836388888888889,620,-0.24299999999999997,14,0.07531233876943588,0.001,1299
413,10.0,6240,0.8353333333333332,624,-0.3299999999999999,15,0.04945554956793785,0.001,1309
413,10.0,6280,0.8342777777777778,628,-0.3455,15,0.041252922266721725,0.001,1319
414,10.0,6320,0.8332222222222223,632,-0.342,15,0.0700298473238945,0.001,1329
414,10.0,6360,0.8321666666666665,636,-0.31749999999999995,15,0.058665625751018524,0.001,1339
415,10.0,6400,0.8311111111111111,640,-0.3654999999999999,15,0.04322286695241928,0.001,1349
416,10.0,6440,0.8300555555555557,644,-0.3939999999999999,15,0.07250254601240158,0.001,1359
417,10.0,6480,0.8289999999999998,648,-0.4205,15,0.05222194641828537,0.001,1369
418,10.0,6520,0.8279444444444444,652,-0.38900000000000007,15,0.12371918559074402,0.001,1379
418,10.0,6560,0.826888888888889,656,-0.3314999999999999,15,0.1385752111673355,0.001,1389
419,10.0,6600,0.8258333333333332,660,-0.309,15,0.1699608564376831,0.001,1399
419,10.0,6640,0.8247777777777777,664,-0.2595,15,0.07662838697433472,0.001,1409
420,10.0,6680,0.8237222222222222,668,-0.291,15,0.08115000277757645,0.001,1419
421,10.0,6720,0.8226666666666665,672,-0.26049999999999995,15,0.10421431064605713,0.001,1429
421,10.0,6760,0.8216111111111111,676,-0.237,16,0.07308804243803024,0.001,1439
422,10.0,6800,0.8205555555555556,680,-0.19999999999999996,16,0.05499507114291191,0.001,1449
422,10.0,6840,0.8194999999999999,684,-0.226,16,0.040894586592912674,0.001,1459
422,10.0,6880,0.8184444444444444,688,-0.14650000000000002,16,0.050708021968603134,0.001,1469
423,10.0,6920,0.8173888888888889,692,-0.146,16,0.0781923234462738,0.001,1479
424,10.0,6960,0.8163333333333331,696,-0.20149999999999998,16,0.0636325255036354,0.001,1489
424,10.0,7000,0.8152777777777778,700,-0.14199999999999993,16,0.07077404111623764,0.001,1499
425,10.0,7040,0.8142222222222223,704,-0.13399999999999995,16,0.11266828328371048,0.001,1509
426,10.0,7080,0.8131666666666668,708,-0.17699999999999996,16,0.08088662475347519,0.001,1519
427,10.0,7120,0.812111111111111,712,-0.252,16,0.13544951379299164,0.001,1529
427,10.0,7160,0.8110555555555556,716,-0.2455,16,0.09531012177467346,0.001,1539
428,10.0,7200,0.8099999999999998,720,-0.23149999999999996,16,0.09127781540155411,0.001,1549
428,10.0,7240,0.8089444444444444,724,-0.14449999999999993,16,0.08400418609380722,0.001,1559
429,10.0,7280,0.8078888888888889,728,-0.11049999999999997,16,0.06543207913637161,0.001,1569
429,10.0,7320,0.8068333333333335,732,-0.1435,17,0.055188532918691635,0.001,1579
429,10.0,7360,0.8057777777777777,736,-0.17199999999999996,17,0.04987679049372673,0.001,1589
428,10.0,7400,0.8047222222222223,740,-0.19449999999999992,17,0.0756172239780426,0.001,1599
429,10.0,7440,0.8036666666666665,744,-0.19299999999999998,17,0.07208983600139618,0.001,1609
429,10.0,7480,0.802611111111111,748,-0.165,17,0.04557439684867859,0.001,1619
429,10.0,7520,0.8015555555555556,752,-0.19399999999999995,17,0.151193767786026,0.001,1629
430,10.0,7560,0.8005000000000002,756,-0.2619999999999999,17,0.1402161419391632,0.001,1639
429,10.0,7600,0.7994444444444444,760,-0.34099999999999986,17,0.11805365979671478,0.001,1649
429,10.0,7640,0.7983888888888889,764,-0.4600000000000001,17,0.10739579051733017,0.001,1659
428,10.0,7680,0.7973333333333332,768,-0.4575,17,0.07352082431316376,0.001,1669
428,10.0,7720,0.7962777777777778,772,-0.4310000000000001,18,0.07817917317152023,0.001,1679
426,10.0,7760,0.7952222222222223,776,-0.47700000000000004,18,0.0727076455950737,0.001,1689
426,10.0,7800,0.7941666666666669,780,-0.4530000000000001,18,0.09913990646600723,0.001,1699
425,10.0,7840,0.7931111111111111,784,-0.4635000000000001,18,0.10805322974920273,0.001,1709
425,10.0,7880,0.7920555555555556,788,-0.47950000000000004,18,0.04562152549624443,0.001,1719
425,10.0,7920,0.7909999999999998,792,-0.49599999999999994,18,0.09362427890300751,0.001,1729
424,10.0,7960,0.7899444444444443,796,-0.41550000000000004,18,0.08615677803754807,0.001,1739
423,10.0,8000,0.788888888888889,800,-0.484,18,0.035325393080711365,0.001,1749
423,10.0,8040,0.7878333333333335,804,-0.45400000000000007,18,0.19101068377494812,0.001,1759
423,10.0,8080,0.7867777777777777,808,-0.402,19,0.1123664453625679,0.001,1769
422,10.0,8120,0.7857222222222222,812,-0.3515,19,0.12685029208660126,0.001,1779
421,10.0,8160,0.7846666666666664,816,-0.3705,19,0.0899304673075676,0.001,1789
421,10.0,8200,0.783611111111111,820,-0.42749999999999994,19,0.09336824715137482,0.001,1799
420,10.0,8240,0.7825555555555556,824,-0.47599999999999987,19,0.08075881004333496,0.001,1809
419,10.0,8280,0.7815000000000001,828,-0.5150000000000001,19,0.08826108276844025,0.001,1819
418,10.0,8320,0.7804444444444444,832,-0.49450000000000005,19,0.08628027141094208,0.001,1829
418,10.0,8360,0.7793888888888889,836,-0.468,19,0.08750671148300171,0.001,1839
417,10.0,8400,0.7783333333333331,840,-0.45549999999999996,20,0.06705931574106216,0.001,1849
417,10.0,8440,0.7772777777777777,844,-0.423,20,0.07583553344011307,0.001,1859
416,10.0,8480,0.7762222222222223,848,-0.4344999999999999,20,0.06213631108403206,0.001,1869
415,10.0,8520,0.7751666666666668,852,-0.49699999999999994,20,0.2271953821182251,0.001,1879
415,10.0,8560,0.7741111111111111,856,-0.47949999999999987,20,0.13642853498458862,0.001,1889
416,10.0,8600,0.7730555555555556,860,-0.493,20,0.08684594929218292,0.001,1899
416,10.0,8640,0.7720000000000001,864,-0.42199999999999993,20,0.1024918407201767,0.001,1909
416,10.0,8680,0.7709444444444443,868,-0.4724999999999999,20,0.06474170833826065,0.001,1919
417,10.0,8720,0.769888888888889,872,-0.5765,20,0.07506880164146423,0.001,1929
416,10.0,8760,0.7688333333333335,876,-0.556,21,0.08299762010574341,0.001,1939
416,10.0,8800,0.7677777777777777,880,-0.5710000000000001,21,0.0659051239490509,0.001,1949
414,10.0,8840,0.7667222222222222,884,-0.47400000000000014,21,0.07665108144283295,0.001,1959
413,10.0,8880,0.7656666666666668,888,-0.5145000000000001,21,0.08436430245637894,0.001,1969
412,10.0,8920,0.764611111111111,892,-0.5115000000000002,21,0.04183562844991684,0.001,1979
411,10.0,8960,0.7635555555555555,896,-0.611,21,0.074288509786129,0.001,1989
411,10.0,9000,0.7625000000000002,900,-0.645,21,0.05181454122066498,0.001,1999
411,10.0,9040,0.7614444444444444,904,-0.6884999999999999,21,0.19487036764621735,0.001,2009
411,10.0,9080,0.7603888888888889,908,-0.7134999999999999,22,0.1224944218993187,0.001,2019
412,10.0,9120,0.7593333333333334,912,-0.7415,22,0.07422992587089539,0.001,2029
412,10.0,9160,0.7582777777777777,916,-0.696,22,0.09457895904779434,0.001,2039
412,10.0,9200,0.7572222222222222,920,-0.6950000000000002,22,0.07017254829406738,0.001,2049
413,10.0,9240,0.7561666666666669,924,-0.71,22,0.11569643765687943,0.001,2059
413,10.0,9280,0.7551111111111111,928,-0.723,22,0.08951441943645477,0.001,2069
413,10.0,9320,0.7540555555555556,932,-0.7085000000000001,22,0.10472778230905533,0.001,2079
413,10.0,9360,0.7530000000000001,936,-0.7204999999999998,22,0.07888394594192505,0.001,2089
414,10.0,9400,0.7519444444444443,940,-0.7610000000000001,22,0.06788461655378342,0.001,2099
414,10.0,9440,0.7508888888888889,944,-0.8240000000000002,22,0.054973069578409195,0.001,2109
414,10.0,9480,0.7498333333333335,948,-0.8290000000000001,22,0.09906666725873947,0.001,2119
414,10.0,9520,0.7487777777777777,952,-0.8185000000000001,22,0.12580257654190063,0.001,2129
414,10.0,9560,0.7477222222222222,956,-0.8670000000000002,23,0.15913169085979462,0.001,2139
415,10.0,9600,0.7466666666666668,960,-0.8025000000000001,23,0.12869761884212494,0.001,2149
415,10.0,9640,0.745611111111111,964,-0.9245000000000002,23,0.1161697506904602,0.001,2159
415,10.0,9680,0.7445555555555555,968,-0.8795000000000001,23,0.08286614716053009,0.001,2169
415,10.0,9720,0.7435,972,-0.877,23,0.12326378375291824,0.001,2179
415,10.0,9760,0.7424444444444444,976,-0.9214999999999999,23,0.1369234174489975,0.001,2189
415,10.0,9800,0.7413888888888889,980,-0.9180000000000001,23,0.086067795753479,0.001,2199
416,10.0,9840,0.7403333333333335,984,-1.0165,23,0.1185910552740097,0.001,2209
416,10.0,9880,0.7392777777777777,988,-1.0839999999999999,23,0.1025518998503685,0.001,2219
416,10.0,9920,0.7382222222222222,992,-1.0995000000000001,23,0.09718804806470871,0.001,2229
417,10.0,9960,0.7371666666666667,996,-1.018,23,0.07203039526939392,0.001,2239
416,10.0,10000,0.7361111111111109,1000,-0.9855000000000002,23,0.07091043889522552,0.001,2249
416,10.0,10040,0.7350555555555556,1004,-0.9475,24,0.0817473754286766,0.001,2259
417,10.0,10080,0.7340000000000001,1008,-1.0184999999999997,24,0.1448652744293213,0.001,2269
417,10.0,10120,0.7329444444444444,1012,-0.9804999999999998,24,0.06716306507587433,0.001,2279
417,10.0,10160,0.7318888888888888,1016,-0.9884999999999999,24,0.0724736899137497,0.001,2289
418,10.0,10200,0.7308333333333334,1020,-0.905,24,0.0856103003025055,0.001,2299
418,10.0,10240,0.7297777777777776,1024,-0.9555000000000001,24,0.1362481713294983,0.001,2309
419,10.0,10280,0.7287222222222223,1028,-0.9425,24,0.1060619056224823,0.001,2319
419,10.0,10320,0.7276666666666667,1032,-0.9754999999999999,24,0.07735948264598846,0.001,2329
420,10.0,10360,0.726611111111111,1036,-0.9724999999999998,24,0.10159717500209808,0.001,2339
420,10.0,10400,0.7255555555555555,1040,-0.963,24,0.11877942830324173,0.001,2349
421,10.0,10440,0.7245000000000001,1044,-0.877,24,0.08956829458475113,0.001,2359
421,10.0,10480,0.7234444444444443,1048,-0.8980000000000001,24,0.09642656147480011,0.001,2369
421,10.0,10520,0.7223888888888889,1052,-0.897,24,0.1796295940876007,0.001,2379
422,10.0,10560,0.7213333333333334,1056,-0.9045000000000001,25,0.11222963035106659,0.001,2389
422,10.0,10600,0.7202777777777776,1060,-0.9535000000000001,25,0.11029282957315445,0.001,2399
422,10.0,10640,0.7192222222222222,1064,-0.8889999999999999,25,0.10592243075370789,0.001,2409
422,10.0,10680,0.7181666666666667,1068,-0.9155000000000001,25,0.07268088310956955,0.001,2419
423,10.0,10720,0.717111111111111,1072,-0.9329999999999999,25,0.11433440446853638,0.001,2429
423,10.0,10760,0.7160555555555556,1076,-0.8775000000000002,25,0.09203087538480759,0.001,2439
424,10.0,10800,0.7150000000000001,1080,-0.8910000000000001,25,0.08864665031433105,0.001,2449
424,10.0,10840,0.7139444444444443,1084,-0.9359999999999999,25,0.12238083779811859,0.001,2459
425,10.0,10880,0.7128888888888889,1088,-0.8595,25,0.08309298753738403,0.001,2469
425,10.0,10920,0.7118333333333334,1092,-0.8369999999999999,25,0.08842774480581284,0.001,2479
425,10.0,10960,0.7107777777777777,1096,-0.8444999999999999,25,0.0643346756696701,0.001,2489
426,10.0,11000,0.7097222222222221,1100,-0.8314999999999999,25,0.09413052350282669,0.001,2499
425,10.0,11040,0.7086666666666668,1104,-0.8420000000000001,25,0.17085197567939758,0.001,2509
425,10.0,11080,0.707611111111111,1108,-0.858,26,0.10949961096048355,0.001,2519
425,10.0,11120,0.7065555555555556,1112,-0.8950000000000002,26,0.08299301564693451,0.001,2529
424,10.0,11160,0.7055,1116,-0.8919999999999999,26,0.09044312685728073,0.001,2539
423,10.0,11200,0.7044444444444442,1120,-0.9545000000000001,26,0.0982632040977478,0.001,2549
423,10.0,11240,0.7033888888888888,1124,-0.8995000000000002,26,0.09060616791248322,0.001,2559
423,10.0,11280,0.7023333333333335,1128,-0.8844999999999998,26,0.05569465458393097,0.001,2569
422,10.0,11320,0.7012777777777777,1132,-0.8734999999999999,26,0.10384085029363632,0.001,2579
421,10.0,11360,0.7002222222222222,1136,-0.9245000000000002,26,0.10972904413938522,0.001,2589
421,10.0,11400,0.6991666666666667,1140,-0.8935,27,0.10190291702747345,0.001,2599
421,10.0,11440,0.6981111111111109,1144,-0.9675,27,0.07758292555809021,0.001,2609
422,10.0,11480,0.6970555555555555,1148,-0.975,27,0.10320726782083511,0.001,2619
422,10.0,11520,0.6960000000000001,1152,-0.9810000000000001,27,0.14852195978164673,0.001,2629
423,10.0,11560,0.6949444444444444,1156,-0.9610000000000002,27,0.10446324944496155,0.001,2639
423,10.0,11600,0.6938888888888889,1160,-0.9584999999999999,27,0.1306518018245697,0.001,2649
423,10.0,11640,0.6928333333333334,1164,-0.9975,27,0.10333926975727081,0.001,2659
423,10.0,11680,0.691777777777778,1168,-0.9899999999999999,27,0.07451775670051575,0.001,2669
423,10.0,11720,0.6907222222222222,1172,-0.9340000000000002,27,0.1384643018245697,0.001,2679
423,10.0,11760,0.6896666666666668,1176,-0.941,27,0.10207649320363998,0.001,2689
423,10.0,11800,0.688611111111111,1180,-0.9395,27,0.1225249320268631,0.001,2699
423,10.0,11840,0.6875555555555555,1184,-0.9145,27,0.1135963648557663,0.001,2709
423,10.0,11880,0.6865000000000001,1188,-0.9425,28,0.10112212598323822,0.001,2719
423,10.0,11920,0.6854444444444446,1192,-0.9355000000000001,28,0.1259830892086029,0.001,2729
424,10.0,11960,0.6843888888888888,1196,-1.0325000000000002,28,0.10272765159606934,0.001,2739
424,10.0,12000,0.6833333333333333,1200,-1.0530000000000002,28,0.06954397261142731,0.001,2749
424,10.0,12040,0.6822777777777775,1204,-1.0870000000000002,28,0.14403168857097626,0.001,2759
424,10.0,12080,0.6812222222222222,1208,-0.9935,28,0.09138967096805573,0.001,2769
425,10.0,12120,0.6801666666666667,1212,-1.0010000000000001,28,0.09553005546331406,0.001,2779
425,10.0,12160,0.6791111111111112,1216,-1.0214999999999999,28,0.07904012501239777,0.001,2789
425,10.0,12200,0.6780555555555555,1220,-0.97,28,0.09551616758108139,0.001,2799
425,10.0,12240,0.677,1224,-0.9754999999999999,28,0.0696023479104042,0.001,2809
425,10.0,12280,0.6759444444444442,1228,-1.063,28,0.1389692723751068,0.001,2819
426,10.0,12320,0.6748888888888889,1232,-1.11,28,0.101890429854393,0.001,2829
426,10.0,12360,0.6738333333333334,1236,-1.1509999999999998,28,0.1043471023440361,0.001,2839
426,10.0,12400,0.6727777777777779,1240,-1.1935,29,0.11689208447933197,0.001,2849
426,10.0,12440,0.6717222222222221,1244,-1.2850000000000004,29,0.11835823953151703,0.001,2859
426,10.0,12480,0.6706666666666667,1248,-1.3440000000000003,29,0.1058180034160614,0.001,2869
426,10.0,12520,0.6696111111111109,1252,-1.364,29,0.14236319065093994,0.001,2879
426,10.0,12560,0.6685555555555556,1256,-1.3944999999999999,29,0.10267698764801025,0.001,2889
426,10.0,12600,0.6675,1260,-1.4685000000000001,29,0.07459086924791336,0.001,2899
426,10.0,12640,0.6664444444444446,1264,-1.5255,29,0.08925289660692215,0.001,2909
427,10.0,12680,0.6653888888888888,1268,-1.5845000000000002,29,0.10687102377414703,0.001,2919
427,10.0,12720,0.6643333333333334,1272,-1.5860000000000003,29,0.1399695873260498,0.001,2929
428,10.0,12760,0.6632777777777776,1276,-1.5875000000000004,29,0.09129630774259567,0.001,2939
428,10.0,12800,0.6622222222222222,1280,-1.6165000000000003,29,0.06279300153255463,0.001,2949
428,10.0,12840,0.6611666666666667,1284,-1.5915000000000001,29,0.09561572968959808,0.001,2959
429,10.0,12880,0.6601111111111113,1288,-1.5315000000000005,29,0.12025199830532074,0.001,2969
429,10.0,12920,0.6590555555555555,1292,-1.605,30,0.09530896693468094,0.001,2979
429,10.0,12960,0.658,1296,-1.5745000000000002,30,0.10345640033483505,0.001,2989
429,10.0,13000,0.6569444444444443,1300,-1.568,30,0.09498032182455063,0.001,2999
429,10.0,13040,0.6558888888888889,1304,-1.5545000000000002,30,0.10663163661956787,0.001,3009
430,10.0,13080,0.6548333333333334,1308,-1.6205,30,0.1320507973432541,0.001,3019
430,10.0,13120,0.653777777777778,1312,-1.6239999999999997,30,0.113439179956913,0.001,3029
430,10.0,13160,0.6527222222222222,1316,-1.6525,30,0.13867568969726562,0.001,3039
430,10.0,13200,0.6516666666666667,1320,-1.7239999999999998,30,0.09569714218378067,0.001,3049
430,10.0,13240,0.6506111111111109,1324,-1.7124999999999997,30,0.09546319395303726,0.001,3059
431,10.0,13280,0.6495555555555554,1328,-1.6625,30,0.08385598659515381,0.001,3069
431,10.0,13320,0.6485000000000001,1332,-1.6019999999999999,30,0.10993514209985733,0.001,3079
432,10.0,13360,0.6474444444444446,1336,-1.5189999999999997,30,0.08476048707962036,0.001,3089
432,10.0,13400,0.6463888888888889,1340,-1.4845000000000002,30,0.09441253542900085,0.001,3099
432,10.0,13440,0.6453333333333333,1344,-1.3375,31,0.09814560413360596,0.001,3109
432,10.0,13480,0.644277777777778,1348,-1.2815000000000003,31,0.12750211358070374,0.001,3119
432,10.0,13520,0.6432222222222221,1352,-1.223,31,0.1427208036184311,0.001,3129
432,10.0,13560,0.6421666666666668,1356,-1.1689999999999998,31,0.08599059283733368,0.001,3139
432,10.0,13600,0.6411111111111112,1360,-1.0155,31,0.12632763385772705,0.001,3149
432,10.0,13640,0.6400555555555555,1364,-0.9345,31,0.08750126510858536,0.001,3159
433,10.0,13680,0.639,1368,-0.8475000000000001,31,0.14974983036518097,0.001,3169
433,10.0,13720,0.6379444444444446,1372,-0.887,31,0.09190478175878525,0.001,3179
433,10.0,13760,0.6368888888888888,1376,-0.9139999999999999,31,0.12157220393419266,0.001,3189
434,10.0,13800,0.6358333333333334,1380,-0.9424999999999999,31,0.06228993833065033,0.001,3199
434,10.0,13840,0.6347777777777779,1384,-0.9619999999999999,31,0.16232846677303314,0.001,3209
434,10.0,13880,0.6337222222222221,1388,-1.0434999999999997,31,0.10123187303543091,0.001,3219
434,10.0,13920,0.6326666666666667,1392,-1.0155,32,0.059353142976760864,0.001,3229
434,10.0,13960,0.6316111111111112,1396,-0.964,32,0.11083369702100754,0.001,3239
434,10.0,14000,0.6305555555555555,1400,-0.9350000000000002,32,0.1043434888124466,0.001,3249
433,10.0,14040,0.6295000000000001,1404,-0.9505000000000001,32,0.10265504568815231,0.001,3259
433,10.0,14080,0.6284444444444446,1408,-0.9295,32,0.11562290042638779,0.001,3269
434,10.0,14120,0.6273888888888888,1412,-0.8635,32,0.11498511582612991,0.001,3279
434,10.0,14160,0.6263333333333334,1416,-0.8170000000000002,32,0.10558880120515823,0.001,3289
434,10.0,14200,0.6252777777777779,1420,-0.8220000000000001,32,0.08428545296192169,0.001,3299
435,10.0,14240,0.6242222222222221,1424,-0.838,32,0.0713697150349617,0.001,3309
435,10.0,14280,0.6231666666666666,1428,-0.7855000000000001,32,0.06317818909883499,0.001,3319
435,10.0,14320,0.6221111111111113,1432,-0.769,32,0.15587414801120758,0.001,3329
435,10.0,14360,0.6210555555555555,1436,-0.7850000000000001,32,0.09666819870471954,0.001,3339
436,10.0,14400,0.62,1440,-0.8435000000000001,33,0.06990305334329605,0.001,3349
436,10.0,14440,0.6189444444444445,1444,-0.8185000000000001,33,0.07167915254831314,0.001,3359
436,10.0,14480,0.6178888888888887,1448,-0.8130000000000002,33,0.07182688266038895,0.001,3369
436,10.0,14520,0.6168333333333333,1452,-0.87,33,0.09576810151338577,0.001,3379
436,10.0,14560,0.6157777777777779,1456,-0.8420000000000001,33,0.07535804808139801,0.001,3389
437,10.0,14600,0.6147222222222222,1460,-0.9470000000000002,33,0.11330053955316544,0.001,3399
437,10.0,14640,0.6136666666666667,1464,-0.9999999999999999,33,0.07093045115470886,0.001,3409
436,10.0,14680,0.6126111111111112,1468,-1.052,33,0.12191639095544815,0.001,3419
436,10.0,14720,0.6115555555555554,1472,-0.9790000000000002,33,0.15385973453521729,0.001,3429
435,10.0,14760,0.6105,1476,-1.0315,33,0.09092765301465988,0.001,3439
434,10.0,14800,0.6094444444444446,1480,-1.0355,34,0.12381171435117722,0.001,3449
434,10.0,14840,0.6083888888888889,1484,-1.081,34,0.18455591797828674,0.001,3459
433,10.0,14880,0.6073333333333333,1488,-0.9904999999999998,34,0.0754980519413948,0.001,3469
433,10.0,14920,0.6062777777777779,1492,-0.9349999999999998,34,0.11957331001758575,0.001,3479
432,10.0,14960,0.6052222222222221,1496,-1.0660000000000003,34,0.12365671992301941,0.001,3489
432,10.0,15000,0.6041666666666667,1500,-1.068,34,0.1645526885986328,0.001,3499
431,10.0,15040,0.6031111111111112,1504,-1.151,34,0.04736746847629547,0.001,3509
431,10.0,15080,0.6020555555555553,1508,-1.1870000000000003,34,0.08339983224868774,0.001,3519
430,10.0,15120,0.601,1512,-1.2335,35,0.08082681894302368,0.001,3529
430,10.0,15160,0.5999444444444446,1516,-1.2705000000000002,35,0.06821328401565552,0.001,3539
429,10.0,15200,0.5988888888888888,1520,-1.2525,35,0.07788894325494766,0.001,3549
429,10.0,15240,0.5978333333333333,1524,-1.2425,35,0.11283721774816513,0.001,3559
427,10.0,15280,0.5967777777777779,1528,-1.2590000000000001,35,0.08622249960899353,0.001,3569
426,10.0,15320,0.595722222222222,1532,-1.295,35,0.10245655477046967,0.001,3579
426,10.0,15360,0.5946666666666667,1536,-1.2810000000000001,36,0.1302323043346405,0.001,3589
425,10.0,15400,0.5936111111111112,1540,-1.2215,36,0.08214564621448517,0.001,3599
425,10.0,15440,0.5925555555555555,1544,-1.3645000000000003,36,0.0914536789059639,0.001,3609
424,10.0,15480,0.5915,1548,-1.3685,36,0.13573205471038818,0.001,3619
423,10.0,15520,0.5904444444444445,1552,-1.3389999999999997,36,0.13413149118423462,0.001,3629
423,10.0,15560,0.5893888888888887,1556,-1.3670000000000002,36,0.06706919521093369,0.001,3639
422,10.0,15600,0.5883333333333334,1560,-1.4005,36,0.13269351422786713,0.001,3649
422,10.0,15640,0.5872777777777779,1564,-1.3570000000000002,37,0.08790689706802368,0.001,3659
421,10.0,15680,0.5862222222222221,1568,-1.3465,37,0.08566349744796753,0.001,3669
421,10.0,15720,0.5851666666666666,1572,-1.4014999999999997,37,0.10897544771432877,0.001,3679
421,10.0,15760,0.5841111111111112,1576,-1.3129999999999997,37,0.059943053871393204,0.001,3689
420,10.0,15800,0.5830555555555558,1580,-1.1859999999999997,37,0.10947105288505554,0.001,3699
419,10.0,15840,0.582,1584,-1.1684999999999999,37,0.14008677005767822,0.001,3709
418,10.0,15880,0.5809444444444445,1588,-1.3014999999999999,37,0.09903673827648163,0.001,3719
417,10.0,15920,0.5798888888888888,1592,-1.3495000000000001,38,0.1080491915345192,0.001,3729
417,10.0,15960,0.5788333333333333,1596,-1.238,38,0.10340221226215363,0.001,3739
417,10.0,16000,0.577777777777778,1600,-1.307,38,0.1389862596988678,0.001,3749
418,10.0,16040,0.5767222222222225,1604,-1.2060000000000002,38,0.08231797069311142,0.001,3759
418,10.0,16080,0.5756666666666667,1608,-1.1179999999999999,38,0.13034939765930176,0.001,3769
418,10.0,16120,0.5746111111111112,1612,-1.1575000000000002,38,0.08277712017297745,0.001,3779
418,10.0,16160,0.5735555555555554,1616,-1.1955,38,0.12699462473392487,0.001,3789
419,10.0,16200,0.5725,1620,-1.2614999999999998,38,0.08948599547147751,0.001,3799
419,10.0,16240,0.5714444444444445,1624,-1.2620000000000002,38,0.08783078193664551,0.001,3809
419,10.0,16280,0.5703888888888891,1628,-1.273,38,0.14231711626052856,0.001,3819
420,10.0,16320,0.5693333333333332,1632,-1.3235,38,0.09703084826469421,0.001,3829
420,10.0,16360,0.5682777777777779,1636,-1.37,38,0.09512311965227127,0.001,3839
420,10.0,16400,0.5672222222222221,1640,-1.456,38,0.11265946924686432,0.001,3849
420,10.0,16440,0.5661666666666666,1644,-1.4405,39,0.11599594354629517,0.001,3859
419,10.0,16480,0.5651111111111111,1648,-1.505,39,0.13261978328227997,0.001,3869
419,10.0,16520,0.5640555555555558,1652,-1.5755000000000001,39,0.1518557369709015,0.001,3879
419,10.0,16560,0.563,1656,-1.6079999999999999,39,0.12119882553815842,0.001,3889
419,10.0,16600,0.5619444444444446,1660,-1.6045000000000003,39,0.0625372901558876,0.001,3899
419,10.0,16640,0.5608888888888888,1664,-1.5880000000000003,39,0.1680627167224884,0.001,3909
420,10.0,16680,0.5598333333333333,1668,-1.597,39,0.09901590645313263,0.001,3919
420,10.0,16720,0.5587777777777778,1672,-1.6370000000000002,39,0.102983757853508,0.001,3929
420,10.0,16760,0.5577222222222225,1676,-1.7825000000000002,39,0.13231681287288666,0.001,3939
420,10.0,16800,0.5566666666666666,1680,-1.9435000000000002,39,0.1336347907781601,0.001,3949
420,10.0,16840,0.5556111111111112,1684,-1.9205000000000003,40,0.1740180402994156,0.001,3959
420,10.0,16880,0.5545555555555554,1688,-1.8560000000000003,40,0.0668976902961731,0.001,3969
420,10.0,16920,0.5534999999999999,1692,-1.8624999999999998,40,0.10211922973394394,0.001,3979
420,10.0,16960,0.5524444444444445,1696,-1.824,40,0.08737346529960632,0.001,3989
420,10.0,17000,0.551388888888889,1700,-1.7445000000000002,40,0.11825980246067047,0.001,3999
420,10.0,17040,0.5503333333333332,1704,-1.7775000000000005,40,0.08590168505907059,0.001,4009
420,10.0,17080,0.5492777777777778,1708,-1.906,40,0.08925066888332367,0.001,4019
421,10.0,17120,0.5482222222222222,1712,-1.9255000000000002,40,0.16268682479858398,0.001,4029
421,10.0,17160,0.5471666666666666,1716,-1.872,40,0.11949985474348068,0.001,4039
421,10.0,17200,0.5461111111111112,1720,-1.8555,40,0.10786210000514984,0.001,4049
422,10.0,17240,0.5450555555555558,1724,-1.9725000000000004,40,0.08798575401306152,0.001,4059
422,10.0,17280,0.544,1728,-2.043,40,0.07928720116615295,0.001,4069
422,10.0,17320,0.5429444444444445,1732,-2.1340000000000003,40,0.10960840433835983,0.001,4079
422,10.0,17360,0.5418888888888886,1736,-2.1875000000000004,41,0.11323881149291992,0.001,4089
422,10.0,17400,0.5408333333333333,1740,-2.1275000000000004,41,0.08825280517339706,0.001,4099
423,10.0,17440,0.5397777777777779,1744,-2.15,41,0.10077288001775742,0.001,4109
423,10.0,17480,0.5387222222222223,1748,-2.116,41,0.10446307808160782,0.001,4119
423,10.0,17520,0.5376666666666665,1752,-2.0845000000000002,41,0.12035154551267624,0.001,4129
423,10.0,17560,0.5366111111111111,1756,-2.11,41,0.10052519291639328,0.001,4139
423,10.0,17600,0.5355555555555553,1760,-2.0719999999999996,41,0.13107191026210785,0.001,4149
423,10.0,17640,0.5345,1764,-2.1005,41,0.10778149217367172,0.001,4159
423,10.0,17680,0.5334444444444444,1768,-2.1095,41,0.06559169292449951,0.001,4169
424,10.0,17720,0.532388888888889,1772,-2.0905,41,0.1438663899898529,0.001,4179
424,10.0,17760,0.5313333333333333,1776,-1.9445000000000001,41,0.12073308229446411,0.001,4189
424,10.0,17800,0.5302777777777778,1780,-1.821,41,0.13796085119247437,0.001,4199
424,10.0,17840,0.529222222222222,1784,-1.821,41,0.09532850235700607,0.001,4209
425,10.0,17880,0.5281666666666667,1788,-1.9304999999999999,42,0.06929340958595276,0.001,4219
425,10.0,17920,0.5271111111111112,1792,-1.8914999999999997,42,0.08381545543670654,0.001,4229
425,10.0,17960,0.5260555555555557,1796,-1.9974999999999996,42,0.1063804030418396,0.001,4239
425,10.0,18000,0.5249999999999999,1800,-2.0779999999999994,42,0.08560079336166382,0.001,4249
425,10.0,18040,0.5239444444444445,1804,-2.1895000000000002,42,0.11836547404527664,0.001,4259
425,10.0,18080,0.5228888888888887,1808,-2.1255,42,0.08167602121829987,0.001,4269
425,10.0,18120,0.5218333333333333,1812,-2.1040000000000005,42,0.14972996711730957,0.001,4279
425,10.0,18160,0.5207777777777778,1816,-2.106,42,0.10080324113368988,0.001,4289
426,10.0,18200,0.5197222222222224,1820,-2.0605,42,0.16372250020503998,0.001,4299
426,10.0,18240,0.5186666666666666,1824,-2.0615,42,0.07228696346282959,0.001,4309
426,10.0,18280,0.5176111111111111,1828,-1.9885,42,0.09123971313238144,0.001,4319
426,10.0,18320,0.5165555555555554,1832,-1.8379999999999999,42,0.1388300061225891,0.001,4329
426,10.0,18360,0.5155,1836,-1.8350000000000002,43,0.10678490251302719,0.001,4339
427,10.0,18400,0.5144444444444445,1840,-1.8715000000000002,43,0.14631357789039612,0.001,4349
427,10.0,18440,0.5133888888888891,1844,-1.879,43,0.13074159622192383,0.001,4359
427,10.0,18480,0.5123333333333333,1848,-1.8094999999999999,43,0.0962420105934143,0.001,4369
427,10.0,18520,0.5112777777777778,1852,-1.7315000000000003,43,0.10477861762046814,0.001,4379
427,10.0,18560,0.510222222222222,1856,-1.704,43,0.12055771052837372,0.001,4389
428,10.0,18600,0.5091666666666665,1860,-1.781,43,0.11323978006839752,0.001,4399
428,10.0,18640,0.5081111111111112,1864,-1.745,43,0.14304614067077637,0.001,4409
428,10.0,18680,0.5070555555555557,1868,-1.702,43,0.13673493266105652,0.001,4419
428,10.0,18720,0.5059999999999999,1872,-1.7220000000000002,43,0.11912567913532257,0.001,4429
428,10.0,18760,0.5049444444444444,1876,-1.7800000000000005,43,0.09774427115917206,0.001,4439
428,10.0,18800,0.5038888888888886,1880,-1.852,43,0.11229249089956284,0.001,4449
428,10.0,18840,0.5028333333333332,1884,-1.831,43,0.06550183147192001,0.001,4459
428,10.0,18880,0.5017777777777778,1888,-1.6999999999999997,44,0.09481365233659744,0.001,4469
429,10.0,18920,0.5007222222222223,1892,-1.7054999999999998,44,0.0979173481464386,0.001,4479
429,10.0,18960,0.4996666666666666,1896,-1.6634999999999998,44,0.11872869729995728,0.001,4489
429,10.0,19000,0.4986111111111111,1900,-1.6584999999999996,44,0.1176968663930893,0.001,4499
429,10.0,19040,0.4975555555555553,1904,-1.5354999999999999,44,0.14597541093826294,0.001,4509
429,10.0,19080,0.49649999999999994,1908,-1.4984999999999997,44,0.12752950191497803,0.001,4519
429,10.0,19120,0.49544444444444447,1912,-1.4445,44,0.11226563155651093,0.001,4529
430,10.0,19160,0.494388888888889,1916,-1.4629999999999999,44,0.128752201795578,0.001,4539
430,10.0,19200,0.4933333333333332,1920,-1.4569999999999999,44,0.09655683487653732,0.001,4549
430,10.0,19240,0.4922777777777778,1924,-1.3759999999999997,44,0.10098737478256226,0.001,4559
430,10.0,19280,0.491222222222222,1928,-1.3769999999999996,44,0.09568452090024948,0.001,4569
430,10.0,19320,0.49016666666666653,1932,-1.4739999999999995,44,0.13615603744983673,0.001,4579
429,10.0,19360,0.48911111111111105,1936,-1.4229999999999998,45,0.10267752408981323,0.001,4589
429,10.0,19400,0.4880555555555557,1940,-1.4205,45,0.09357064217329025,0.001,4599
429,10.0,19440,0.4869999999999999,1944,-1.4370000000000003,45,0.12052449584007263,0.001,4609
430,10.0,19480,0.4859444444444444,1948,-1.585,45,0.1105068251490593,0.001,4619
430,10.0,19520,0.4848888888888889,1952,-1.5870000000000004,45,0.12506628036499023,0.001,4629
430,10.0,19560,0.4838333333333332,1956,-1.6280000000000001,45,0.134627565741539,0.001,4639
430,10.0,19600,0.48277777777777786,1960,-1.6469999999999998,45,0.17115464806556702,0.001,4649
430,10.0,19640,0.4817222222222224,1964,-1.745,45,0.09331507980823517,0.001,4659
429,10.0,19680,0.4806666666666666,1968,-1.7620000000000002,45,0.07895689457654953,0.001,4669
429,10.0,19720,0.4796111111111111,1972,-1.729,45,0.11269746720790863,0.001,4679
429,10.0,19760,0.47855555555555573,1976,-1.7839999999999998,45,0.08610016107559204,0.001,4689
429,10.0,19800,0.4774999999999999,1980,-1.7420000000000002,46,0.08677197247743607,0.001,4699
428,10.0,19840,0.47644444444444445,1984,-1.7605000000000004,46,0.0858975350856781,0.001,4709
423,10.0,19880,0.47538888888888897,1988,-1.7545000000000002,46,0.13327953219413757,0.001,4719
423,10.0,19920,0.47433333333333316,1992,-1.7930000000000001,47,0.08694431930780411,0.001,4729
423,10.0,19960,0.4732777777777778,1996,-1.7465000000000002,47,0.1016542837023735,0.001,4739
423,10.0,20000,0.4722222222222223,2000,-1.7675,47,0.1433517038822174,0.001,4749
423,10.0,20040,0.4711666666666665,2004,-1.804,47,0.07195032387971878,0.001,4759
423,10.0,20080,0.47011111111111104,2008,-1.8869999999999998,47,0.11406153440475464,0.001,4769
423,10.0,20120,0.46905555555555567,2012,-2.0260000000000002,47,0.11196548491716385,0.001,4779
424,10.0,20160,0.46799999999999986,2016,-2.088,47,0.12709465622901917,0.001,4789
424,10.0,20200,0.4669444444444445,2020,-2.1430000000000002,47,0.10139483213424683,0.001,4799
424,10.0,20240,0.465888888888889,2024,-2.1675,47,0.08133894950151443,0.001,4809
424,10.0,20280,0.4648333333333332,2028,-2.222,47,0.11533818393945694,0.001,4819
424,10.0,20320,0.46377777777777773,2032,-2.1645000000000003,47,0.11126135289669037,0.001,4829
424,10.0,20360,0.46272222222222237,2036,-2.1835,47,0.06552642583847046,0.001,4839
424,10.0,20400,0.46166666666666656,2040,-2.1690000000000005,48,0.09640316665172577,0.001,4849
425,10.0,20440,0.4606111111111111,2044,-2.1494999999999997,48,0.1506204903125763,0.001,4859
425,10.0,20480,0.4595555555555556,2048,-2.1095,48,0.13010501861572266,0.001,4869
425,10.0,20520,0.4584999999999998,2052,-2.1205000000000003,48,0.15769042074680328,0.001,4879
425,10.0,20560,0.45744444444444443,2056,-2.125,48,0.12290948629379272,0.001,4889
425,10.0,20600,0.45638888888888896,2060,-2.1525,48,0.1180037185549736,0.001,4899
425,10.0,20640,0.4553333333333335,2064,-2.0784999999999996,48,0.09474386274814606,0.001,4909
426,10.0,20680,0.45427777777777767,2068,-2.1704999999999997,48,0.09512660652399063,0.001,4919
426,10.0,20720,0.4532222222222223,2072,-2.1485,48,0.1316494345664978,0.001,4929
426,10.0,20760,0.4521666666666666,2076,-2.126,48,0.07652590423822403,0.001,4939
426,10.0,20800,0.45111111111111113,2080,-2.1704999999999997,48,0.10835687816143036,0.001,4949
426,10.0,20840,0.45005555555555565,2084,-2.243,48,0.1466473937034607,0.001,4959
426,10.0,20880,0.4490000000000003,2088,-2.3235,48,0.10618804395198822,0.001,4969
426,10.0,20920,0.4479444444444445,2092,-2.3785,49,0.13119827210903168,0.001,4979
426,10.0,20960,0.446888888888889,2096,-2.492,49,0.10714699327945709,0.001,4989
426,10.0,21000,0.4458333333333332,2100,-2.538,49,0.06268060207366943,0.001,4999
426,10.0,21040,0.4447777777777777,2104,-2.494999999999999,49,0.11507252603769302,0.001,5009
426,10.0,21080,0.44372222222222235,2108,-2.506,49,0.11587764322757721,0.001,5019
427,10.0,21120,0.4426666666666669,2112,-2.4475,49,0.1140027716755867,0.001,5029
427,10.0,21160,0.44161111111111107,2116,-2.4284999999999997,49,0.10569864511489868,0.001,5039
426,10.0,21200,0.4405555555555556,2120,-2.3765000000000005,49,0.10716203600168228,0.001,5049
424,10.0,21240,0.4394999999999998,2124,-2.3515,49,0.16899365186691284,0.001,5059
424,10.0,21280,0.4384444444444444,2128,-2.455,50,0.1188720315694809,0.001,5069
423,10.0,21320,0.43738888888888894,2132,-2.508,50,0.13126212358474731,0.001,5079
423,10.0,21360,0.43633333333333346,2136,-2.495,50,0.1351679563522339,0.001,5089
423,10.0,21400,0.43527777777777776,2140,-2.466,50,0.10284462571144104,0.001,5099
423,10.0,21440,0.4342222222222223,2144,-2.3915,50,0.12348048388957977,0.001,5109
422,10.0,21480,0.4331666666666665,2148,-2.3695,50,0.0876539796590805,0.001,5119
422,10.0,21520,0.4321111111111111,2152,-2.4019999999999997,50,0.13737152516841888,0.001,5129
421,10.0,21560,0.43105555555555564,2156,-2.4120000000000004,51,0.14803990721702576,0.001,5139
421,10.0,21600,0.43000000000000016,2160,-2.319,51,0.14549925923347473,0.001,5149
420,10.0,21640,0.42894444444444435,2164,-2.3705,51,0.1368398815393448,0.001,5159
420,10.0,21680,0.427888888888889,2168,-2.32,51,0.12002069503068924,0.001,5169
419,10.0,21720,0.4268333333333332,2172,-2.3725,51,0.10488398373126984,0.001,5179
419,10.0,21760,0.4257777777777777,2176,-2.3405,51,0.12966465950012207,0.001,5189
418,10.0,21800,0.4247222222222222,2180,-2.352,52,0.09727159887552261,0.001,5199
417,10.0,21840,0.42366666666666686,2184,-2.3085,52,0.08947735279798508,0.001,5209
416,10.0,21880,0.42261111111111105,2188,-2.3085,52,0.12447218596935272,0.001,5219
415,10.0,21920,0.42155555555555557,2192,-2.286,52,0.1736002266407013,0.001,5229
415,10.0,21960,0.4204999999999999,2196,-2.249,52,0.09110766649246216,0.001,5239
415,10.0,22000,0.4194444444444444,2200,-2.189,52,0.12183038145303726,0.001,5249
415,10.0,22040,0.41838888888888903,2204,-2.2775000000000003,53,0.1701071560382843,0.001,5259
415,10.0,22080,0.41733333333333356,2208,-2.163,53,0.14541636407375336,0.001,5269
415,10.0,22120,0.41627777777777775,2212,-2.178,53,0.13751937448978424,0.001,5279
415,10.0,22160,0.41522222222222227,2216,-2.2185,53,0.12178495526313782,0.001,5289
415,10.0,22200,0.41416666666666646,2220,-2.3125,53,0.15633943676948547,0.001,5299
415,10.0,22240,0.4131111111111111,2224,-2.3865000000000003,53,0.17291828989982605,0.001,5309
415,10.0,22280,0.4120555555555556,2228,-2.282,53,0.08724109828472137,0.001,5319
414,10.0,22320,0.41100000000000014,2232,-2.3165000000000004,53,0.11857989430427551,0.001,5329
414,10.0,22360,0.40994444444444433,2236,-2.3135000000000003,53,0.09341616928577423,0.001,5339
413,10.0,22400,0.40888888888888897,2240,-2.3469999999999995,54,0.11098258197307587,0.001,5349
413,10.0,22440,0.40783333333333316,2244,-2.438,54,0.14083586633205414,0.001,5359
413,10.0,22480,0.4067777777777777,2248,-2.5185000000000004,54,0.12536576390266418,0.001,5369
413,10.0,22520,0.4057222222222223,2252,-2.6305,54,0.12103085219860077,0.001,5379
413,10.0,22560,0.40466666666666684,2256,-2.6395,54,0.10714621841907501,0.001,5389
413,10.0,22600,0.40361111111111103,2260,-2.7140000000000004,54,0.15945762395858765,0.001,5399
413,10.0,22640,0.40255555555555567,2264,-2.721,54,0.06698506325483322,0.001,5409
414,10.0,22680,0.40149999999999986,2268,-2.6489999999999996,54,0.11731541156768799,0.001,5419
414,10.0,22720,0.4004444444444444,2272,-2.691,54,0.12665189802646637,0.001,5429
414,10.0,22760,0.3993888888888889,2276,-2.6699999999999995,54,0.11284161359071732,0.001,5439
414,10.0,22800,0.39833333333333354,2280,-2.6095000000000006,55,0.11262107640504837,0.001,5449
414,10.0,22840,0.39727777777777773,2284,-2.56,55,0.10781216621398926,0.001,5459
414,10.0,22880,0.39622222222222225,2288,-2.5745,55,0.14159756898880005,0.001,5469
414,10.0,22920,0.39516666666666644,2292,-2.6409999999999996,55,0.08152730762958527,0.001,5479
414,10.0,22960,0.39411111111111097,2296,-2.603,55,0.10690270364284515,0.001,5489
414,10.0,23000,0.3930555555555556,2300,-2.6205000000000003,55,0.09588535875082016,0.001,5499
414,10.0,23040,0.3920000000000001,2304,-2.5975,55,0.10926797240972519,0.001,5509
414,10.0,23080,0.39094444444444443,2308,-2.6225,55,0.13272367417812347,0.001,5519
415,10.0,23120,0.38988888888888895,2312,-2.6180000000000003,55,0.08658478409051895,0.001,5529
415,10.0,23160,0.38883333333333314,2316,-2.521,55,0.09618054330348969,0.001,5539
415,10.0,23200,0.3877777777777778,2320,-2.546,55,0.12254365533590317,0.001,5549
415,10.0,23240,0.3867222222222223,2324,-2.504,55,0.10640767216682434,0.001,5559
415,10.0,23280,0.3856666666666668,2328,-2.45,55,0.12628288567066193,0.001,5569
415,10.0,23320,0.384611111111111,2332,-2.504,56,0.11159659177064896,0.001,5579
416,10.0,23360,0.38355555555555565,2336,-2.582,56,0.14866933226585388,0.001,5589
416,10.0,23400,0.38249999999999984,2340,-2.682499999999999,56,0.11440664529800415,0.001,5599
416,10.0,23440,0.38144444444444436,2344,-2.691,56,0.13456133008003235,0.001,5609
416,10.0,23480,0.3803888888888889,2348,-2.608,56,0.1063096672296524,0.001,5619
416,10.0,23520,0.3793333333333335,2352,-2.4785000000000004,56,0.16510026156902313,0.001,5629
416,10.0,23560,0.3782777777777777,2356,-2.5075,56,0.1242520660161972,0.001,5639
416,10.0,23600,0.37722222222222224,2360,-2.4999999999999996,56,0.12531320750713348,0.001,5649
416,10.0,23640,0.37616666666666654,2364,-2.5165,56,0.10063804686069489,0.001,5659
415,10.0,23680,0.37511111111111106,2368,-2.656,56,0.11128616333007812,0.001,5669
415,10.0,23720,0.3740555555555556,2372,-2.6534999999999997,57,0.1644282191991806,0.001,5679
415,10.0,23760,0.3730000000000002,2376,-2.6894999999999993,57,0.13164372742176056,0.001,5689
416,10.0,23800,0.3719444444444444,2380,-2.7425,57,0.1148388683795929,0.001,5699
416,10.0,23840,0.37088888888888893,2384,-2.8445000000000005,57,0.136549174785614,0.001,5709
416,10.0,23880,0.3698333333333331,2388,-2.7735000000000003,57,0.12320572137832642,0.001,5719
416,10.0,23920,0.36877777777777765,2392,-2.659,57,0.15258677303791046,0.001,5729
415,10.0,23960,0.3677222222222223,2396,-2.7135000000000002,57,0.10918968915939331,0.001,5739
416,10.0,24000,0.3666666666666668,2400,-2.6595,57,0.10052639245986938,0.001,5749
416,10.0,24040,0.365611111111111,2404,-2.62,57,0.17506928741931915,0.001,5759
416,10.0,24080,0.3645555555555555,2408,-2.7590000000000003,57,0.11009074002504349,0.001,5769
416,10.0,24120,0.3634999999999997,2412,-2.7699999999999996,57,0.1563485860824585,0.001,5779
416,10.0,24160,0.36244444444444435,2416,-2.8710000000000004,57,0.07470066100358963,0.001,5789
416,10.0,24200,0.36138888888888887,2420,-2.844,58,0.1209736317396164,0.001,5799
416,10.0,24240,0.3603333333333334,2424,-2.8525000000000005,58,0.11448444426059723,0.001,5809
416,10.0,24280,0.3592777777777777,2428,-2.905,58,0.12823651731014252,0.001,5819
416,10.0,24320,0.35822222222222233,2432,-2.9099999999999993,58,0.14007417857646942,0.001,5829
416,10.0,24360,0.3571666666666665,2436,-2.8569999999999993,58,0.09273982048034668,0.001,5839
416,10.0,24400,0.35611111111111104,2440,-2.71,58,0.13865981996059418,0.001,5849
415,10.0,24440,0.35505555555555557,2444,-2.7064999999999997,58,0.11415119469165802,0.001,5859
415,10.0,24480,0.3540000000000002,2448,-2.6905,58,0.1460876762866974,0.001,5869
415,10.0,24520,0.3529444444444444,2452,-2.7784999999999997,59,0.16969457268714905,0.001,5879
415,10.0,24560,0.3518888888888889,2456,-2.7310000000000003,59,0.09867505729198456,0.001,5889
415,10.0,24600,0.35083333333333344,2460,-2.674,59,0.11211110651493073,0.001,5899
415,10.0,24640,0.34977777777777763,2464,-2.591,59,0.08656484633684158,0.001,5909
415,10.0,24680,0.34872222222222227,2468,-2.5345,59,0.13401289284229279,0.001,5919
415,10.0,24720,0.3476666666666668,2472,-2.5530000000000004,59,0.09535219520330429,0.001,5929
415,10.0,24760,0.346611111111111,2476,-2.557,59,0.1498296856880188,0.001,5939
415,10.0,24800,0.3455555555555555,2480,-2.5825,59,0.08011519908905029,0.001,5949
415,10.0,24840,0.34450000000000014,2484,-2.5965,59,0.09086081385612488,0.001,5959
416,10.0,24880,0.34344444444444433,2488,-2.67,59,0.15254713594913483,0.001,5969
416,10.0,24920,0.34238888888888896,2492,-2.6845,59,0.14788055419921875,0.001,5979
416,10.0,24960,0.3413333333333335,2496,-2.6505,59,0.06738658249378204,0.001,5989
416,10.0,25000,0.3402777777777777,2500,-2.6195000000000004,60,0.1268841177225113,0.001,5999
416,10.0,25040,0.3392222222222222,2504,-2.783,60,0.13823559880256653,0.001,6009
416,10.0,25080,0.33816666666666684,2508,-2.6904999999999997,60,0.08489657938480377,0.001,6019
416,10.0,25120,0.33711111111111103,2512,-2.7144999999999997,60,0.1268264800310135,0.001,6029
416,10.0,25160,0.33605555555555555,2516,-2.612,60,0.11820165812969208,0.001,6039
416,10.0,25200,0.3350000000000001,2520,-2.5784999999999996,60,0.10722135752439499,0.001,6049
416,10.0,25240,0.33394444444444427,2524,-2.54,60,0.12462900578975677,0.001,6059
416,10.0,25280,0.3328888888888889,2528,-2.5209999999999995,60,0.08453546464443207,0.001,6069
416,10.0,25320,0.3318333333333334,2532,-2.33,60,0.16167974472045898,0.001,6079
416,10.0,25360,0.3307777777777776,2536,-2.3394999999999997,60,0.16491352021694183,0.001,6089
416,10.0,25400,0.32972222222222214,2540,-2.345,60,0.07802404463291168,0.001,6099
416,10.0,25440,0.3286666666666668,2544,-2.26,61,0.09177297353744507,0.001,6109
416,10.0,25480,0.3276111111111111,2548,-2.3609999999999998,61,0.10104595869779587,0.001,6119
417,10.0,25520,0.3265555555555556,2552,-2.2874999999999996,61,0.10664228349924088,0.001,6129
417,10.0,25560,0.3255000000000001,2556,-2.3,61,0.09244261682033539,0.001,6139
417,10.0,25600,0.3244444444444443,2560,-2.2935,61,0.138849675655365,0.001,6149
417,10.0,25640,0.32338888888888895,2564,-2.3205,61,0.17576029896736145,0.001,6159
417,10.0,25680,0.32233333333333347,2568,-2.3244999999999996,61,0.1328246146440506,0.001,6169
417,10.0,25720,0.321277777777778,2572,-2.218,61,0.12712273001670837,0.001,6179
417,10.0,25760,0.3202222222222222,2576,-2.2984999999999998,61,0.12771427631378174,0.001,6189
417,10.0,25800,0.3191666666666668,2580,-2.4095,61,0.11412127315998077,0.001,6199
417,10.0,25840,0.318111111111111,2584,-2.338,61,0.15644235908985138,0.001,6209
417,10.0,25880,0.31705555555555553,2588,-2.3085000000000004,61,0.1263236105442047,0.001,6219
417,10.0,25920,0.31600000000000006,2592,-2.2510000000000003,62,0.12544074654579163,0.001,6229
417,10.0,25960,0.3149444444444447,2596,-2.2685000000000004,62,0.09717713296413422,0.001,6239
417,10.0,26000,0.3138888888888889,2600,-2.3545,62,0.10223224759101868,0.001,6249
417,10.0,26040,0.3128333333333334,2604,-2.2195,62,0.21654869616031647,0.001,6259
417,10.0,26080,0.3117777777777777,2608,-2.107,62,0.19535285234451294,0.001,6269
417,10.0,26120,0.31072222222222223,2612,-2.078,62,0.10255876928567886,0.001,6279
417,10.0,26160,0.30966666666666676,2616,-2.2415,62,0.08970970660448074,0.001,6289
417,10.0,26200,0.3086111111111114,2620,-2.2744999999999997,62,0.14022059738636017,0.001,6299
417,10.0,26240,0.3075555555555556,2624,-2.3965,62,0.15134860575199127,0.001,6309
417,10.0,26280,0.3065000000000001,2628,-2.4135,62,0.1406632661819458,0.001,6319
417,10.0,26320,0.3054444444444443,2632,-2.4905000000000004,63,0.11545062065124512,0.001,6329
417,10.0,26360,0.3043888888888888,2636,-2.4965,63,0.09268808364868164,0.001,6339
417,10.0,26400,0.30333333333333345,2640,-2.61,63,0.08566651493310928,0.001,6349
417,10.0,26440,0.302277777777778,2644,-2.693,63,0.14921316504478455,0.001,6359
417,10.0,26480,0.30122222222222217,2648,-2.603,63,0.11789697408676147,0.001,6369
417,10.0,26520,0.3001666666666667,2652,-2.6470000000000002,63,0.09729164093732834,0.001,6379
417,10.0,26560,0.2991111111111109,2656,-2.6115000000000004,63,0.1055544763803482,0.001,6389
417,10.0,26600,0.2980555555555555,2660,-2.6359999999999997,63,0.12049491703510284,0.001,6399
417,10.0,26640,0.29700000000000004,2664,-2.6685,63,0.1321561634540558,0.001,6409
416,10.0,26680,0.29594444444444457,2668,-2.6434999999999995,63,0.12387381494045258,0.001,6419
416,10.0,26720,0.29488888888888887,2672,-2.752,64,0.08217915147542953,0.001,6429
416,10.0,26760,0.2938333333333335,2676,-2.719,64,0.13848614692687988,0.001,6439
416,10.0,26800,0.2927777777777777,2680,-2.635,64,0.09272757917642593,0.001,6449
416,10.0,26840,0.2917222222222222,2684,-2.735,64,0.13881514966487885,0.001,6459
416,10.0,26880,0.29066666666666674,2688,-2.7555,64,0.0861881673336029,0.001,6469
416,10.0,26920,0.2896111111111114,2692,-2.8194999999999992,64,0.15051302313804626,0.001,6479
416,10.0,26960,0.28855555555555557,2696,-2.8589999999999987,64,0.10439057648181915,0.001,6489
417,10.0,27000,0.2875000000000001,2700,-2.8424999999999994,64,0.09626877307891846,0.001,6499
417,10.0,27040,0.2864444444444443,2704,-2.8514999999999993,64,0.13386379182338715,0.001,6509
417,10.0,27080,0.2853888888888888,2708,-2.9735,64,0.14750656485557556,0.001,6519
417,10.0,27120,0.28433333333333344,2712,-2.940999999999999,65,0.14788493514060974,0.001,6529
417,10.0,27160,0.28327777777777796,2716,-2.840499999999999,65,0.12485101819038391,0.001,6539
417,10.0,27200,0.28222222222222215,2720,-2.782,65,0.10010872036218643,0.001,6549
416,10.0,27240,0.2811666666666667,2724,-2.6474999999999995,65,0.10301725566387177,0.001,6559
416,10.0,27280,0.280111111111111,2728,-2.6289999999999996,65,0.1041843369603157,0.001,6569
417,10.0,27320,0.2790555555555555,2732,-2.592,65,0.07687975466251373,0.001,6579
416,10.0,27360,0.27800000000000014,2736,-2.5500000000000007,65,0.13751770555973053,0.001,6589
416,10.0,27400,0.27694444444444466,2740,-2.5455,65,0.10088933259248734,0.001,6599
415,10.0,27440,0.27588888888888885,2744,-2.4925,65,0.1315133422613144,0.001,6609
415,10.0,27480,0.2748333333333334,2748,-2.5095000000000005,66,0.10755836963653564,0.001,6619
414,10.0,27520,0.27377777777777756,2752,-2.4844999999999997,66,0.13871416449546814,0.001,6629
414,10.0,27560,0.2727222222222222,2756,-2.5124999999999997,66,0.11660388112068176,0.001,6639
414,10.0,27600,0.2716666666666667,2760,-2.4925,66,0.09414038807153702,0.001,6649
414,10.0,27640,0.27061111111111125,2764,-2.4685,66,0.16309049725532532,0.001,6659
413,10.0,27680,0.26955555555555544,2768,-2.491,66,0.14289699494838715,0.001,6669
413,10.0,27720,0.26850000000000007,2772,-2.4440000000000004,66,0.14284741878509521,0.001,6679
413,10.0,27760,0.26744444444444426,2776,-2.5495,67,0.08510246872901917,0.001,6689
413,10.0,27800,0.2663888888888888,2780,-2.6165,67,0.10807853937149048,0.001,6699
412,10.0,27840,0.2653333333333333,2784,-2.511,67,0.10411569476127625,0.001,6709
412,10.0,27880,0.26427777777777794,2788,-2.5384999999999995,67,0.1029643714427948,0.001,6719
411,10.0,27920,0.26322222222222225,2792,-2.5265,67,0.1179317831993103,0.001,6729
411,10.0,27960,0.26216666666666677,2796,-2.541,67,0.089772067964077,0.001,6739
411,10.0,28000,0.26111111111111096,2800,-2.566,68,0.11274087429046631,0.001,6749
410,10.0,28040,0.2600555555555555,2804,-2.5374999999999996,68,0.11707118153572083,0.001,6759
409,10.0,28080,0.2590000000000001,2808,-2.61,68,0.09519300609827042,0.001,6769
409,10.0,28120,0.25794444444444464,2812,-2.6565000000000003,68,0.19101522862911224,0.001,6779
409,10.0,28160,0.25688888888888883,2816,-2.676499999999999,68,0.09458611905574799,0.001,6789
409,10.0,28200,0.25583333333333336,2820,-2.7165,68,0.15116633474826813,0.001,6799
408,10.0,28240,0.25477777777777755,2824,-2.7780000000000005,69,0.09634038805961609,0.001,6809
408,10.0,28280,0.2537222222222222,2828,-2.7255000000000003,69,0.12117413431406021,0.001,6819
408,10.0,28320,0.2526666666666667,2832,-2.743500000000001,69,0.13956603407859802,0.001,6829
408,10.0,28360,0.25161111111111123,2836,-2.782,69,0.12687361240386963,0.001,6839
408,10.0,28400,0.2505555555555554,2840,-2.7215,69,0.10969731211662292,0.001,6849
408,10.0,28440,0.24950000000000006,2844,-2.7599999999999993,69,0.11820872128009796,0.001,6859
408,10.0,28480,0.24844444444444425,2848,-2.813999999999999,69,0.10959036648273468,0.001,6869
408,10.0,28520,0.24738888888888888,2852,-2.7880000000000003,69,0.10056392848491669,0.001,6879
408,10.0,28560,0.2463333333333334,2856,-2.8375000000000004,69,0.14270994067192078,0.001,6889
408,10.0,28600,0.24527777777777793,2860,-2.9395000000000007,70,0.08766575157642365,0.001,6899
407,10.0,28640,0.24422222222222212,2864,-2.908,70,0.1282823383808136,0.001,6909
407,10.0,28680,0.24316666666666675,2868,-2.9395000000000007,70,0.12548916041851044,0.001,6919
407,10.0,28720,0.24211111111111094,2872,-2.881,70,0.11359447240829468,0.001,6929
407,10.0,28760,0.24105555555555547,2876,-2.8165000000000004,70,0.10775072872638702,0.001,6939
407,10.0,28800,0.24,2880,-2.7519999999999993,70,0.1560828536748886,0.001,6949
406,10.0,28840,0.23894444444444463,2884,-2.8040000000000003,70,0.08373259752988815,0.001,6959
406,10.0,28880,0.23788888888888882,2888,-2.722,71,0.15479455888271332,0.001,6969
405,10.0,28920,0.23683333333333334,2892,-2.724,71,0.06860195100307465,0.001,6979
405,10.0,28960,0.23577777777777753,2896,-2.6375000000000006,71,0.11626596003770828,0.001,6989
404,10.0,29000,0.23472222222222205,2900,-2.628,71,0.09739174693822861,0.001,6999
404,10.0,29040,0.2336666666666667,2904,-2.612,71,0.09424561262130737,0.001,7009
403,10.0,29080,0.2326111111111112,2908,-2.5309999999999997,72,0.1075613796710968,0.001,7019
402,10.0,29120,0.23155555555555551,2912,-2.4435,72,0.1487959325313568,0.001,7029
402,10.0,29160,0.23050000000000004,2916,-2.463,72,0.11140798777341843,0.001,7039
402,10.0,29200,0.22944444444444423,2920,-2.3955,72,0.13240817189216614,0.001,7049
401,10.0,29240,0.22838888888888886,2924,-2.3194999999999997,72,0.0857856273651123,0.001,7059
401,10.0,29280,0.2273333333333334,2928,-2.3065,72,0.1279565840959549,0.001,7069
401,10.0,29320,0.2262777777777779,2932,-2.2845,73,0.0939706489443779,0.001,7079
401,10.0,29360,0.2252222222222221,2936,-2.2325000000000004,73,0.09855102747678757,0.001,7089
401,10.0,29400,0.22416666666666674,2940,-2.305,73,0.13628026843070984,0.001,7099
401,10.0,29440,0.22311111111111126,2944,-2.3360000000000003,73,0.13674570620059967,0.001,7109
401,10.0,29480,0.22205555555555545,2948,-2.215,73,0.10487845540046692,0.001,7119
400,10.0,29520,0.22099999999999997,2952,-2.2695000000000003,73,0.18422551453113556,0.001,7129
399,10.0,29560,0.2199444444444446,2956,-2.149,73,0.13358113169670105,0.001,7139
399,10.0,29600,0.2188888888888888,2960,-2.079,74,0.12307338416576385,0.001,7149
399,10.0,29640,0.21783333333333332,2964,-2.175,74,0.0993974506855011,0.001,7159
399,10.0,29680,0.21677777777777785,2968,-2.136,74,0.12626297771930695,0.001,7169
399,10.0,29720,0.21572222222222215,2972,-2.1985,74,0.11121487617492676,0.001,7179
398,10.0,29760,0.21466666666666667,2976,-2.1540000000000004,74,0.07341495156288147,0.001,7189
398,10.0,29800,0.2136111111111113,2980,-2.0210000000000004,74,0.08070879429578781,0.001,7199
398,10.0,29840,0.2125555555555555,2984,-1.9160000000000001,74,0.0941329374909401,0.001,7209
398,10.0,29880,0.21150000000000002,2988,-2.006,75,0.15850265324115753,0.001,7219
397,10.0,29920,0.21044444444444455,2992,-2.1025,75,0.06372275203466415,0.001,7229
397,10.0,29960,0.20938888888888874,2996,-2.1985,75,0.08640898764133453,0.001,7239
397,10.0,30000,0.20833333333333337,3000,-2.186,75,0.1077328622341156,0.001,7249
396,10.0,30040,0.2072777777777779,3004,-2.243,75,0.15377244353294373,0.001,7259
396,10.0,30080,0.20622222222222242,3008,-2.2219999999999995,75,0.10071443021297455,0.001,7269
396,10.0,30120,0.2051666666666666,3012,-2.3209999999999997,76,0.12590458989143372,0.001,7279
396,10.0,30160,0.2041111111111108,3016,-2.2649999999999992,76,0.11106648296117783,0.001,7289
396,10.0,30200,0.20305555555555543,3020,-2.3155,76,0.07830077409744263,0.001,7299
396,10.0,30240,0.20199999999999996,3024,-2.3510000000000004,76,0.11238878965377808,0.001,7309
396,10.0,30280,0.20094444444444448,3028,-2.4025,76,0.13964878022670746,0.001,7319
396,10.0,30320,0.19988888888888912,3032,-2.5085,76,0.13310682773590088,0.001,7329
396,10.0,30360,0.19883333333333342,3036,-2.488,76,0.12143673002719879,0.001,7339
395,10.0,30400,0.1977777777777776,3040,-2.4990000000000006,76,0.10537843406200409,0.001,7349
395,10.0,30440,0.19672222222222213,3044,-2.576,76,0.05739758908748627,0.001,7359
395,10.0,30480,0.19566666666666666,3048,-2.658,77,0.08565454185009003,0.001,7369
395,10.0,30520,0.1946111111111113,3052,-2.7359999999999998,77,0.0808199793100357,0.001,7379
394,10.0,30560,0.1935555555555558,3056,-2.7634999999999996,77,0.13668696582317352,0.001,7389
394,10.0,30600,0.1925,3060,-2.661,77,0.10453647375106812,0.001,7399
394,10.0,30640,0.1914444444444442,3064,-2.627,77,0.10875199735164642,0.001,7409
394,10.0,30680,0.19038888888888872,3068,-2.6025,77,0.0965174213051796,0.001,7419
394,10.0,30720,0.18933333333333335,3072,-2.5885,77,0.12392308562994003,0.001,7429
394,10.0,30760,0.18827777777777788,3076,-2.634,78,0.11891376972198486,0.001,7439
393,10.0,30800,0.1872222222222224,3080,-2.7864999999999998,78,0.08610834181308746,0.001,7449
393,10.0,30840,0.1861666666666666,3084,-2.8134999999999994,78,0.14012497663497925,0.001,7459
393,10.0,30880,0.1851111111111109,3088,-2.5955,78,0.06454388797283173,0.001,7469
393,10.0,30920,0.18405555555555542,3092,-2.452,78,0.1475946009159088,0.001,7479
393,10.0,30960,0.18300000000000005,3096,-2.3815,78,0.1465950757265091,0.001,7489
393,10.0,31000,0.18194444444444458,3100,-2.4179999999999997,78,0.07324189692735672,0.001,7499
393,10.0,31040,0.1808888888888891,3104,-2.4905,78,0.10574622452259064,0.001,7509
393,10.0,31080,0.1798333333333333,3108,-2.5180000000000002,78,0.10084959119558334,0.001,7519
393,10.0,31120,0.17877777777777748,3112,-2.5615000000000006,79,0.13770514726638794,0.001,7529
393,10.0,31160,0.17772222222222211,3116,-2.6039999999999996,79,0.08287230879068375,0.001,7539
393,10.0,31200,0.17666666666666664,3120,-2.6749999999999994,79,0.10207011550664902,0.001,7549
392,10.0,31240,0.17561111111111116,3124,-2.7319999999999993,79,0.08590000867843628,0.001,7559
392,10.0,31280,0.1745555555555558,3128,-2.7344999999999997,79,0.10480335354804993,0.001,7569
392,10.0,31320,0.1735,3132,-2.695,79,0.075246162712574,0.001,7579
392,10.0,31360,0.1724444444444445,3136,-2.7784999999999997,79,0.1448974907398224,0.001,7589
392,10.0,31400,0.1713888888888887,3140,-2.8124999999999996,80,0.09050494432449341,0.001,7599
392,10.0,31440,0.17033333333333323,3144,-2.7495,80,0.10761206597089767,0.001,7609
391,10.0,31480,0.16927777777777786,3148,-2.7775,80,0.09558150172233582,0.001,7619
391,10.0,31520,0.16822222222222238,3152,-2.7655000000000007,80,0.2677457928657532,0.001,7629
391,10.0,31560,0.16716666666666669,3156,-2.811499999999999,80,0.09547629952430725,0.001,7639
391,10.0,31600,0.1661111111111111,3160,-2.8930000000000002,80,0.10199829190969467,0.001,7649
391,10.0,31640,0.1650555555555553,3164,-2.8705000000000003,80,0.11401225626468658,0.001,7659
391,10.0,31680,0.16399999999999992,3168,-2.8879999999999995,80,0.15249304473400116,0.001,7669
391,10.0,31720,0.16294444444444445,3172,-2.9099999999999993,81,0.11569088697433472,0.001,7679
391,10.0,31760,0.16188888888888897,3176,-2.7865,81,0.12131012231111526,0.001,7689
391,10.0,31800,0.16083333333333338,3180,-2.7735,81,0.1614103615283966,0.001,7699
391,10.0,31840,0.1597777777777779,3184,-2.875999999999999,81,0.13801074028015137,0.001,7709
391,10.0,31880,0.1587222222222221,3188,-3.075,81,0.0877097025513649,0.001,7719
391,10.0,31920,0.15766666666666673,3192,-3.1685000000000003,81,0.16827517747879028,0.001,7729
390,10.0,31960,0.15661111111111126,3196,-3.155499999999999,81,0.11788439005613327,0.001,7739
389,10.0,32000,0.15555555555555578,3200,-3.1285,82,0.12545695900917053,0.001,7749
389,10.0,32040,0.15449999999999997,3204,-3.0484999999999998,82,0.08884096145629883,0.001,7759
388,10.0,32080,0.1534444444444446,3208,-2.9810000000000003,82,0.1447160243988037,0.001,7769
388,10.0,32120,0.1523888888888888,3212,-2.8835,82,0.16415835916996002,0.001,7779
388,10.0,32160,0.15133333333333332,3216,-2.8525,82,0.09911148250102997,0.001,7789
387,10.0,32200,0.15027777777777784,3220,-2.8474999999999993,83,0.09469718486070633,0.001,7799
387,10.0,32240,0.14922222222222248,3224,-2.8475,83,0.14447668194770813,0.001,7809
387,10.0,32280,0.14816666666666667,3228,-2.8599999999999994,83,0.12678949534893036,0.001,7819
386,10.0,32320,0.1471111111111112,3232,-2.8110000000000004,83,0.08984603732824326,0.001,7829
385,10.0,32360,0.14605555555555538,3236,-2.7605,83,0.12072692811489105,0.001,7839
385,10.0,32400,0.1449999999999999,3240,-2.7404999999999995,84,0.12141358852386475,0.001,7849
384,10.0,32440,0.14394444444444454,3244,-2.698,84,0.10337310284376144,0.001,7859
384,10.0,32480,0.14288888888888907,3248,-2.7015000000000002,84,0.09240806102752686,0.001,7869
383,10.0,32520,0.14183333333333326,3252,-2.7145000000000006,84,0.1563916802406311,0.001,7879
383,10.0,32560,0.14077777777777778,3256,-2.6460000000000004,84,0.11420036852359772,0.001,7889
383,10.0,32600,0.13972222222222197,3260,-2.594,85,0.13190458714962006,0.001,7899
382,10.0,32640,0.1386666666666666,3264,-2.662,85,0.10264106094837189,0.001,7909
382,10.0,32680,0.13761111111111113,3268,-2.569,85,0.09222275018692017,0.001,7919
381,10.0,32720,0.13655555555555565,3272,-2.5805000000000002,85,0.130257248878479,0.001,7929
381,10.0,32760,0.13549999999999984,3276,-2.516,85,0.10919464379549026,0.001,7939
381,10.0,32800,0.13444444444444448,3280,-2.4285,86,0.14771632850170135,0.001,7949
381,10.0,32840,0.13338888888888867,3284,-2.3165000000000004,86,0.08471950888633728,0.001,7959
381,10.0,32880,0.1323333333333332,3288,-2.2355000000000005,86,0.11695672571659088,0.001,7969
381,10.0,32920,0.13127777777777772,3292,-2.18,86,0.0968719944357872,0.001,7979
381,10.0,32960,0.13022222222222235,3296,-2.2439999999999998,86,0.15301571786403656,0.001,7989
381,10.0,33000,0.12916666666666665,3300,-2.2490000000000006,86,0.10583343356847763,0.001,7999
381,10.0,33040,0.1281111111111113,3304,-2.23,86,0.13977234065532684,0.001,8009
381,10.0,33080,0.12705555555555548,3308,-2.2945000000000007,86,0.13514570891857147,0.001,8019
381,10.0,33120,0.126,3312,-2.3005,86,0.15136519074440002,0.001,8029
381,10.0,33160,0.12494444444444452,3316,-2.2555,87,0.118545301258564,0.001,8039
380,10.0,33200,0.12388888888888916,3320,-2.1334999999999997,87,0.1324862688779831,0.001,8049
380,10.0,33240,0.12283333333333335,3324,-2.185,87,0.16619813442230225,0.001,8059
381,10.0,33280,0.12177777777777787,3328,-2.2035,87,0.14336122572422028,0.001,8069
381,10.0,33320,0.12072222222222206,3332,-2.218,87,0.15699219703674316,0.001,8079
380,10.0,33360,0.11966666666666659,3336,-2.2584999999999997,87,0.10549108684062958,0.001,8089
380,10.0,33400,0.11861111111111122,3340,-2.0975,87,0.1298709511756897,0.001,8099
380,10.0,33440,0.11755555555555575,3344,-2.1375,87,0.08525782823562622,0.001,8109
380,10.0,33480,0.11649999999999994,3348,-2.0875,88,0.14896059036254883,0.001,8119
380,10.0,33520,0.11544444444444446,3352,-2.0635,88,0.16514819860458374,0.001,8129
379,10.0,33560,0.11438888888888865,3356,-2.1534999999999997,88,0.09480873495340347,0.001,8139
379,10.0,33600,0.11333333333333329,3360,-2.2705,88,0.14017841219902039,0.001,8149
379,10.0,33640,0.11227777777777781,3364,-2.2595,88,0.10038673877716064,0.001,8159
379,10.0,33680,0.11122222222222233,3368,-2.3555,88,0.1387922167778015,0.001,8169
379,10.0,33720,0.11016666666666652,3372,-2.386,88,0.10884685814380646,0.001,8179
379,10.0,33760,0.10911111111111116,3376,-2.5125,89,0.10397978127002716,0.001,8189
378,10.0,33800,0.10805555555555535,3380,-2.513,89,0.1203031986951828,0.001,8199
378,10.0,33840,0.10699999999999987,3384,-2.5845,89,0.12062796205282211,0.001,8209
378,10.0,33880,0.1059444444444444,3388,-2.6644999999999994,89,0.133473739027977,0.001,8219
378,10.0,33920,0.10488888888888903,3392,-2.6945000000000006,89,0.13379038870334625,0.001,8229
378,10.0,33960,0.10383333333333356,3396,-2.7324999999999995,89,0.11849904805421829,0.001,8239
378,10.0,34000,0.10277777777777775,3400,-2.7874999999999996,89,0.13441762328147888,0.001,8249
378,10.0,34040,0.10172222222222194,3404,-2.8424999999999994,89,0.1808236539363861,0.001,8259
378,10.0,34080,0.10066666666666646,3408,-2.8009999999999997,89,0.14942404627799988,0.001,8269
378,10.0,34120,0.0996111111111111,3412,-2.881500000000001,90,0.12358978390693665,0.001,8279
378,10.0,34160,0.09855555555555562,3416,-2.822,90,0.07948178797960281,0.001,8289
378,10.0,34200,0.09750000000000014,3420,-2.91,90,0.12179994583129883,0.001,8299
378,10.0,34240,0.09644444444444455,3424,-2.9070000000000005,90,0.16756750643253326,0.001,8309
378,10.0,34280,0.09538888888888875,3428,-2.9925000000000006,90,0.13114453852176666,0.001,8319
378,10.0,34320,0.09433333333333327,3432,-2.9844999999999997,90,0.1427324116230011,0.001,8329
378,10.0,34360,0.0932777777777779,3436,-2.8985000000000007,90,0.10998081415891647,0.001,8339
378,10.0,34400,0.09222222222222243,3440,-2.993500000000001,90,0.13741420209407806,0.001,8349
378,10.0,34440,0.09116666666666695,3444,-2.971,90,0.13770222663879395,0.001,8359
378,10.0,34480,0.09011111111111114,3448,-2.9309999999999996,91,0.13931259512901306,0.001,8369
378,10.0,34520,0.08905555555555533,3452,-2.8175,91,0.1455722153186798,0.001,8379
378,10.0,34560,0.08799999999999997,3456,-2.8295,91,0.14574047923088074,0.001,8389
378,10.0,34600,0.08694444444444449,3460,-2.798999999999999,91,0.13566812872886658,0.001,8399
378,10.0,34640,0.08588888888888901,3464,-2.7840000000000003,91,0.15058781206607819,0.001,8409
378,10.0,34680,0.08483333333333365,3468,-2.772,91,0.13558804988861084,0.001,8419
378,10.0,34720,0.08377777777777784,3472,-2.715,91,0.1584954857826233,0.001,8429
378,10.0,34760,0.08272222222222203,3476,-2.6645,91,0.11209608614444733,0.001,8439
378,10.0,34800,0.08166666666666655,3480,-2.656,91,0.1436546891927719,0.001,8449
378,10.0,34840,0.08061111111111108,3484,-2.6034999999999995,91,0.13756921887397766,0.001,8459
378,10.0,34880,0.07955555555555571,3488,-2.603500000000001,92,0.08649533987045288,0.001,8469
378,10.0,34920,0.07850000000000024,3492,-2.6834999999999996,92,0.0798497423529625,0.001,8479
378,10.0,34960,0.07744444444444443,3496,-2.6310000000000002,92,0.11399808526039124,0.001,8489
378,10.0,35000,0.07638888888888862,3500,-2.625,92,0.11423778533935547,0.001,8499
378,10.0,35040,0.07533333333333314,3504,-2.5204999999999997,92,0.13108506798744202,0.001,8509
378,10.0,35080,0.07427777777777778,3508,-2.4974999999999996,92,0.16638894379138947,0.001,8519
378,10.0,35120,0.0732222222222223,3512,-2.3320000000000003,92,0.1257840394973755,0.001,8529
379,10.0,35160,0.07216666666666682,3516,-2.4025,92,0.1663711965084076,0.001,8539
379,10.0,35200,0.07111111111111101,3520,-2.3220000000000005,92,0.09642712771892548,0.001,8549
379,10.0,35240,0.0700555555555552,3524,-2.289,92,0.0996178388595581,0.001,8559
379,10.0,35280,0.06899999999999984,3528,-2.1845,93,0.10067387670278549,0.001,8569
379,10.0,35320,0.06794444444444436,3532,-2.2144999999999997,93,0.10066824406385422,0.001,8579
379,10.0,35360,0.06688888888888889,3536,-2.3095,93,0.10058843344449997,0.001,8589
379,10.0,35400,0.06583333333333352,3540,-2.339,93,0.11604924499988556,0.001,8599
379,10.0,35440,0.06477777777777782,3544,-2.2875,93,0.1438642144203186,0.001,8609
379,10.0,35480,0.06372222222222201,3548,-2.2625,93,0.13162508606910706,0.001,8619
379,10.0,35520,0.06266666666666665,3552,-2.3939999999999997,93,0.11024289578199387,0.001,8629
379,10.0,35560,0.06161111111111117,3556,-2.364,93,0.19249749183654785,0.001,8639
379,10.0,35600,0.060555555555555696,3560,-2.3375000000000004,93,0.11299188435077667,0.001,8649
379,10.0,35640,0.05950000000000033,3564,-2.4930000000000003,93,0.13571782410144806,0.001,8659
379,10.0,35680,0.05844444444444452,3568,-2.7085000000000004,94,0.1117902547121048,0.001,8669
379,10.0,35720,0.05738888888888871,3572,-2.7085000000000004,94,0.13914869725704193,0.001,8679
379,10.0,35760,0.056333333333333235,3576,-2.691499999999999,94,0.11763152480125427,0.001,8689
379,10.0,35800,0.05527777777777776,3580,-2.819,94,0.128523588180542,0.001,8699
379,10.0,35840,0.054222222222222394,3584,-2.8594999999999993,94,0.09588813036680222,0.001,8709
379,10.0,35880,0.05316666666666692,3588,-2.8555,94,0.13195881247520447,0.001,8719
379,10.0,35920,0.05211111111111111,3592,-2.8225000000000007,94,0.12134462594985962,0.001,8729
379,10.0,35960,0.0510555555555553,3596,-2.809,94,0.1278664469718933,0.001,8739
379,10.0,36000,0.05,3600,-2.6845000000000003,94,0.12413390725851059,0.001,8749
379,10.0,36040,0.05,3604,-2.7820000000000005,94,0.09247270971536636,0.001,8759
379,10.0,36080,0.05,3608,-2.8840000000000003,95,0.14591850340366364,0.001,8769
379,10.0,36120,0.05,3612,-3.116,95,0.08157418668270111,0.001,8779
379,10.0,36160,0.05,3616,-3.2420000000000004,95,0.0808994397521019,0.001,8789
379,10.0,36200,0.05,3620,-3.4325,95,0.07008282840251923,0.001,8799
379,10.0,36240,0.05,3624,-3.5435000000000003,95,0.13112960755825043,0.001,8809
379,10.0,36280,0.05,3628,-3.6060000000000008,95,0.09343916177749634,0.001,8819
379,10.0,36320,0.05,3632,-3.5634999999999994,95,0.14263761043548584,0.001,8829
379,10.0,36360,0.05,3636,-3.5905,95,0.12363270670175552,0.001,8839
379,10.0,36400,0.05,3640,-3.7,95,0.08555962890386581,0.001,8849
379,10.0,36440,0.05,3644,-3.7685000000000004,96,0.12191002070903778,0.001,8859
379,10.0,36480,0.05,3648,-3.87,96,0.129167377948761,0.001,8869
378,10.0,36520,0.05,3652,-3.7544999999999997,96,0.13841110467910767,0.001,8879
378,10.0,36560,0.05,3656,-3.7810000000000006,96,0.10407880693674088,0.001,8889
377,10.0,36600,0.05,3660,-3.7579999999999996,96,0.11281245946884155,0.001,8899
377,10.0,36640,0.05,3664,-3.5619999999999994,96,0.11738306283950806,0.001,8909
377,10.0,36680,0.05,3668,-3.3145,97,0.14088504016399384,0.001,8919
377,10.0,36720,0.05,3672,-3.2659999999999996,97,0.11483511328697205,0.001,8929
377,10.0,36760,0.05,3676,-3.2760000000000002,97,0.124292753636837,0.001,8939
377,10.0,36800,0.05,3680,-3.1890000000000005,97,0.10580271482467651,0.001,8949
377,10.0,36840,0.05,3684,-3.1755,97,0.11145360767841339,0.001,8959
376,10.0,36880,0.05,3688,-3.127999999999999,97,0.12072505801916122,0.001,8969
375,10.0,36920,0.05,3692,-3.1159999999999997,98,0.1311613917350769,0.001,8979
375,10.0,36960,0.05,3696,-3.158,98,0.09020543843507767,0.001,8989
375,10.0,37000,0.05,3700,-3.2285000000000004,98,0.1366775929927826,0.001,8999
374,10.0,37040,0.05,3704,-3.2595,98,0.1344754546880722,0.001,9009
374,10.0,37080,0.05,3708,-3.2465,99,0.14944083988666534,0.001,9019
373,10.0,37120,0.05,3712,-3.0195000000000003,99,0.14683319628238678,0.001,9029
373,10.0,37160,0.05,3716,-2.887,99,0.10721375048160553,0.001,9039
372,10.0,37200,0.05,3720,-2.734,99,0.07629148662090302,0.001,9049
371,10.0,37240,0.05,3724,-2.532,100,0.1148729920387268,0.001,9059
370,10.0,37280,0.05,3728,-2.5065,100,0.12317371368408203,0.001,9069
370,10.0,37320,0.05,3732,-2.5355000000000003,100,0.12833549082279205,0.001,9079
369,10.0,37360,0.05,3736,-2.4345000000000003,100,0.11251389980316162,0.001,9089
369,10.0,37400,0.05,3740,-2.3295000000000003,101,0.14721538126468658,0.001,9099
369,10.0,37440,0.05,3744,-2.196,101,0.14115720987319946,0.001,9109
368,10.0,37480,0.05,3748,-2.153,101,0.08613644540309906,0.001,9119
368,10.0,37520,0.05,3752,-2.1565,101,0.09357208013534546,0.001,9129
367,10.0,37560,0.05,3756,-2.0655,102,0.1053573489189148,0.001,9139
367,10.0,37600,0.05,3760,-1.953,102,0.10249843448400497,0.001,9149
367,10.0,37640,0.05,3764,-1.8974999999999997,102,0.08943167328834534,0.001,9159
367,10.0,37680,0.05,3768,-1.8665,102,0.10691352933645248,0.001,9169
367,10.0,37720,0.05,3772,-1.9469999999999998,102,0.11099813878536224,0.001,9179
366,10.0,37760,0.05,3776,-1.9545,102,0.11804075539112091,0.001,9189
366,10.0,37800,0.05,3780,-1.9855000000000005,103,0.12226331233978271,0.001,9199
366,10.0,37840,0.05,3784,-1.9440000000000004,103,0.1294645071029663,0.001,9209
366,10.0,37880,0.05,3788,-1.908,103,0.11409827321767807,0.001,9219
366,10.0,37920,0.05,3792,-1.7590000000000003,103,0.0879296138882637,0.001,9229
366,10.0,37960,0.05,3796,-1.7285000000000001,103,0.10939779877662659,0.001,9239
365,10.0,38000,0.05,3800,-1.6969999999999998,103,0.10442795604467392,0.001,9249
365,10.0,38040,0.05,3804,-1.569,104,0.10085339844226837,0.001,9259
365,10.0,38080,0.05,3808,-1.5095,104,0.11102208495140076,0.001,9269
365,10.0,38120,0.05,3812,-1.5514999999999994,104,0.14611507952213287,0.001,9279
365,10.0,38160,0.05,3816,-1.577,104,0.1752617508172989,0.001,9289
365,10.0,38200,0.05,3820,-1.4850000000000003,104,0.11238698661327362,0.001,9299
365,10.0,38240,0.05,3824,-1.4414999999999998,104,0.1333121508359909,0.001,9309
364,10.0,38280,0.05,3828,-1.3334999999999997,104,0.11222290992736816,0.001,9319
364,10.0,38320,0.05,3832,-1.2555,105,0.11840550601482391,0.001,9329
364,10.0,38360,0.05,3836,-1.2745,105,0.12468032538890839,0.001,9339
364,10.0,38400,0.05,3840,-1.1039999999999999,105,0.08071723580360413,0.001,9349
364,10.0,38440,0.05,3844,-1.107,105,0.13326863944530487,0.001,9359
364,10.0,38480,0.05,3848,-1.012,105,0.08263543993234634,0.001,9369
364,10.0,38520,0.05,3852,-0.9529999999999998,105,0.11167289316654205,0.001,9379
364,10.0,38560,0.05,3856,-1.0100000000000002,105,0.14421406388282776,0.001,9389
364,10.0,38600,0.05,3860,-1.0414999999999999,105,0.10205982625484467,0.001,9399
364,10.0,38640,0.05,3864,-1.023,106,0.12588979303836823,0.001,9409
364,10.0,38680,0.05,3868,-1.0675,106,0.12459154427051544,0.001,9419
363,10.0,38720,0.05,3872,-0.9504999999999998,106,0.11961044371128082,0.001,9429
363,10.0,38760,0.05,3876,-0.9239999999999999,106,0.10206039249897003,0.001,9439
363,10.0,38800,0.05,3880,-0.8314999999999999,106,0.13480329513549805,0.001,9449
363,10.0,38840,0.05,3884,-0.8759999999999999,106,0.07429889589548111,0.001,9459
363,10.0,38880,0.05,3888,-0.8025,107,0.08960001170635223,0.001,9469
363,10.0,38920,0.05,3892,-0.8774999999999998,107,0.15897826850414276,0.001,9479
363,10.0,38960,0.05,3896,-0.7955,107,0.1047121062874794,0.001,9489
362,10.0,39000,0.05,3900,-0.7390000000000002,107,0.06858979165554047,0.001,9499
362,10.0,39040,0.05,3904,-0.7280000000000001,107,0.11705899238586426,0.001,9509
362,10.0,39080,0.05,3908,-0.7234999999999999,107,0.16493180394172668,0.001,9519
362,10.0,39120,0.05,3912,-0.7615,107,0.1471092700958252,0.001,9529
362,10.0,39160,0.05,3916,-0.7985000000000001,107,0.16218246519565582,0.001,9539
362,10.0,39200,0.05,3920,-0.9225000000000001,107,0.13687697052955627,0.001,9549
363,10.0,39240,0.05,3924,-1.0465,108,0.11341346800327301,0.001,9559
363,10.0,39280,0.05,3928,-1.183,108,0.11004576086997986,0.001,9569
363,10.0,39320,0.05,3932,-1.2115,108,0.14912398159503937,0.001,9579
362,10.0,39360,0.05,3936,-1.3034999999999999,108,0.1223105937242508,0.001,9589
362,10.0,39400,0.05,3940,-1.4665000000000001,108,0.08961659669876099,0.001,9599
362,10.0,39440,0.05,3944,-1.5149999999999997,108,0.13192808628082275,0.001,9609
362,10.0,39480,0.05,3948,-1.5759999999999998,108,0.09443491697311401,0.001,9619
362,10.0,39520,0.05,3952,-1.6159999999999999,109,0.0941656231880188,0.001,9629
362,10.0,39560,0.05,3956,-1.6135,109,0.15253451466560364,0.001,9639
362,10.0,39600,0.05,3960,-1.6285000000000003,109,0.0923101007938385,0.001,9649
361,10.0,39640,0.05,3964,-1.6629999999999998,109,0.13962382078170776,0.001,9659
361,10.0,39680,0.05,3968,-1.727,109,0.13271629810333252,0.001,9669
361,10.0,39720,0.05,3972,-1.6930000000000005,109,0.10009608417749405,0.001,9679
361,10.0,39760,0.05,3976,-1.7790000000000004,109,0.1196468397974968,0.001,9689
361,10.0,39800,0.05,3980,-1.8555000000000001,110,0.1549086570739746,0.001,9699
361,10.0,39840,0.05,3984,-1.9124999999999996,110,0.12110710144042969,0.001,9709
361,10.0,39880,0.05,3988,-2.0380000000000003,110,0.09759705513715744,0.001,9719
361,10.0,39920,0.05,3992,-2.09,110,0.1481630802154541,0.001,9729
361,10.0,39960,0.05,3996,-2.1304999999999996,110,0.10530954599380493,0.001,9739
361,10.0,40000,0.05,4000,-2.22,110,0.10161503404378891,0.001,9749
361,10.0,40040,0.05,4004,-2.215,110,0.14532992243766785,0.001,9759
361,10.0,40080,0.05,4008,-2.1134999999999997,110,0.10394254326820374,0.001,9769
361,10.0,40120,0.05,4012,-2.1145,111,0.12966230511665344,0.001,9779
361,10.0,40160,0.05,4016,-2.0380000000000003,111,0.15050676465034485,0.001,9789
361,10.0,40200,0.05,4020,-1.9439999999999997,111,0.11825436353683472,0.001,9799
360,10.0,40240,0.05,4024,-1.8385,111,0.14580845832824707,0.001,9809
360,10.0,40280,0.05,4028,-1.7675,111,0.13743852078914642,0.001,9819
360,10.0,40320,0.05,4032,-1.79,111,0.1212814450263977,0.001,9829
360,10.0,40360,0.05,4036,-1.6840000000000002,111,0.106194406747818,0.001,9839
360,10.0,40400,0.05,4040,-1.61,112,0.14907556772232056,0.001,9849
360,10.0,40440,0.05,4044,-1.6454999999999997,112,0.1165328174829483,0.001,9859
360,10.0,40480,0.05,4048,-1.6469999999999996,112,0.13739769160747528,0.001,9869
360,10.0,40520,0.05,4052,-1.6905000000000001,112,0.08854693174362183,0.001,9879
360,10.0,40560,0.05,4056,-1.6425,112,0.12635499238967896,0.001,9889
360,10.0,40600,0.05,4060,-1.7654999999999998,112,0.1213279440999031,0.001,9899
360,10.0,40640,0.05,4064,-1.7379999999999998,112,0.092061348259449,0.001,9909
359,10.0,40680,0.05,4068,-1.6405,113,0.09846235066652298,0.001,9919
359,10.0,40720,0.05,4072,-1.7225,113,0.10748101025819778,0.001,9929
359,10.0,40760,0.05,4076,-1.625,113,0.09609171003103256,0.001,9939
359,10.0,40800,0.05,4080,-1.487,113,0.10106518864631653,0.001,9949
358,10.0,40840,0.05,4084,-1.2985000000000002,113,0.12228819727897644,0.001,9959
358,10.0,40880,0.05,4088,-1.214,114,0.11267701536417007,0.001,9969
357,10.0,40920,0.05,4092,-1.1255000000000002,114,0.1041598990559578,0.001,9979
357,10.0,40960,0.05,4096,-1.0619999999999998,114,0.11257390677928925,0.001,9989
357,10.0,41000,0.05,4100,-1.0285000000000002,114,0.10779812932014465,0.001,9999
356,10.0,41040,0.05,4104,-1.0045000000000002,115,0.08905074000358582,0.001,10009
356,10.0,41080,0.05,4108,-1.0625,115,0.08154354989528656,0.001,10019
356,10.0,41120,0.05,4112,-1.0185,115,0.06877919286489487,0.001,10029
355,10.0,41160,0.05,4116,-0.968,115,0.12679924070835114,0.001,10039
355,10.0,41200,0.05,4120,-1.0294999999999999,115,0.07061658799648285,0.001,10049
354,10.0,41240,0.05,4124,-0.93,116,0.1292436271905899,0.001,10059
354,10.0,41280,0.05,4128,-0.8625,116,0.1242067739367485,0.001,10069
353,10.0,41320,0.05,4132,-0.736,116,0.11395233869552612,0.001,10079
353,10.0,41360,0.05,4136,-0.8230000000000001,117,0.10325011610984802,0.001,10089
353,10.0,41400,0.05,4140,-0.8975,117,0.08181756734848022,0.001,10099
352,10.0,41440,0.05,4144,-0.8644999999999999,117,0.1076103150844574,0.001,10109
352,10.0,41480,0.05,4148,-0.8425000000000001,117,0.0929134339094162,0.001,10119
352,10.0,41520,0.05,4152,-0.8554999999999999,117,0.07641024887561798,0.001,10129
352,10.0,41560,0.05,4156,-0.915,118,0.07257748395204544,0.001,10139
351,10.0,41600,0.05,4160,-0.8355,118,0.08810044825077057,0.001,10149
351,10.0,41640,0.05,4164,-0.8445000000000001,118,0.13278256356716156,0.001,10159
351,10.0,41680,0.05,4168,-0.93,118,0.10739953070878983,0.001,10169
351,10.0,41720,0.05,4172,-0.9335000000000002,118,0.08814051002264023,0.001,10179
351,10.0,41760,0.05,4176,-1.0415000000000003,118,0.16595381498336792,0.001,10189
351,10.0,41800,0.05,4180,-1.138,118,0.1095253974199295,0.001,10199
351,10.0,41840,0.05,4184,-1.2830000000000001,119,0.14702540636062622,0.001,10209
351,10.0,41880,0.05,4188,-1.298,119,0.1194542944431305,0.001,10219
351,10.0,41920,0.05,4192,-1.3195000000000001,119,0.1024368479847908,0.001,10229
351,10.0,41960,0.05,4196,-1.368,119,0.12766686081886292,0.001,10239
351,10.0,42000,0.05,4200,-1.2645,119,0.07529345154762268,0.001,10249
351,10.0,42040,0.05,4204,-1.253,119,0.09971919655799866,0.001,10259
351,10.0,42080,0.05,4208,-1.1475,119,0.15070295333862305,0.001,10269
351,10.0,42120,0.05,4212,-1.0759999999999998,119,0.07102613151073456,0.001,10279
351,10.0,42160,0.05,4216,-1.0394999999999999,119,0.12499374896287918,0.001,10289
351,10.0,42200,0.05,4220,-0.998,120,0.06943564116954803,0.001,10299
351,10.0,42240,0.05,4224,-1.115,120,0.11294516175985336,0.001,10309
351,10.0,42280,0.05,4228,-1.1370000000000002,120,0.08877841383218765,0.001,10319
351,10.0,42320,0.05,4232,-1.162,120,0.09554904699325562,0.001,10329
351,10.0,42360,0.05,4236,-1.1049999999999998,120,0.07768147438764572,0.001,10339
351,10.0,42400,0.05,4240,-1.002,120,0.07662669569253922,0.001,10349
351,10.0,42440,0.05,4244,-0.9155000000000002,120,0.09360894560813904,0.001,10359
351,10.0,42480,0.05,4248,-0.8420000000000001,120,0.1255722939968109,0.001,10369
351,10.0,42520,0.05,4252,-0.8145,121,0.10092272609472275,0.001,10379
351,10.0,42560,0.05,4256,-0.7849999999999998,121,0.13330379128456116,0.001,10389
351,10.0,42600,0.05,4260,-0.7345,121,0.13186495006084442,0.001,10399
350,10.0,42640,0.05,4264,-0.8345000000000001,121,0.09429513663053513,0.001,10409
350,10.0,42680,0.05,4268,-0.7490000000000001,121,0.0774678885936737,0.001,10419
350,10.0,42720,0.05,4272,-0.6820000000000002,121,0.10373330861330032,0.001,10429
350,10.0,42760,0.05,4276,-0.5650000000000001,121,0.11178575456142426,0.001,10439
350,10.0,42800,0.05,4280,-0.5635,122,0.13736389577388763,0.001,10449
350,10.0,42840,0.05,4284,-0.5075000000000001,122,0.08834890276193619,0.001,10459
350,10.0,42880,0.05,4288,-0.5365,122,0.13168765604496002,0.001,10469
350,10.0,42920,0.05,4292,-0.4770000000000001,122,0.08221619576215744,0.001,10479
350,10.0,42960,0.05,4296,-0.4880000000000001,122,0.09940119087696075,0.001,10489
350,10.0,43000,0.05,4300,-0.5325000000000002,122,0.08261315524578094,0.001,10499
350,10.0,43040,0.05,4304,-0.561,122,0.07727205008268356,0.001,10509
350,10.0,43080,0.05,4308,-0.6975000000000001,122,0.06549122184515,0.001,10519
350,10.0,43120,0.05,4312,-0.6680000000000003,123,0.12338206171989441,0.001,10529
350,10.0,43160,0.05,4316,-0.7065,123,0.12087193876504898,0.001,10539
350,10.0,43200,0.05,4320,-0.6910000000000001,123,0.09860850125551224,0.001,10549
350,10.0,43240,0.05,4324,-0.7425,123,0.08081774413585663,0.001,10559
350,10.0,43280,0.05,4328,-0.7980000000000003,123,0.07407648861408234,0.001,10569
350,10.0,43320,0.05,4332,-0.8039999999999999,123,0.11508099734783173,0.001,10579
350,10.0,43360,0.05,4336,-0.701,123,0.08343340456485748,0.001,10589
350,10.0,43400,0.05,4340,-0.7190000000000001,123,0.08060146868228912,0.001,10599
350,10.0,43440,0.05,4344,-0.8865,123,0.12476643919944763,0.001,10609
350,10.0,43480,0.05,4348,-0.973,123,0.08613480627536774,0.001,10619
350,10.0,43520,0.05,4352,-0.9725,124,0.08626358211040497,0.001,10629
351,10.0,43560,0.05,4356,-0.9745,124,0.09205766767263412,0.001,10639
351,10.0,43600,0.05,4360,-0.9314999999999999,124,0.10018131136894226,0.001,10649
351,10.0,43640,0.05,4364,-0.9125,124,0.1025153324007988,0.001,10659
351,10.0,43680,0.05,4368,-0.882,124,0.0918949767947197,0.001,10669
351,10.0,43720,0.05,4372,-0.9339999999999997,124,0.10763715952634811,0.001,10679
351,10.0,43760,0.05,4376,-0.9495,124,0.08369100093841553,0.001,10689
351,10.0,43800,0.05,4380,-0.8325,124,0.14859190583229065,0.001,10699
351,10.0,43840,0.05,4384,-0.7655,124,0.14733697474002838,0.001,10709
351,10.0,43880,0.05,4388,-0.7964999999999999,124,0.095281682908535,0.001,10719
351,10.0,43920,0.05,4392,-0.8905,124,0.1450197398662567,0.001,10729
351,10.0,43960,0.05,4396,-0.863,124,0.10435530543327332,0.001,10739
351,10.0,44000,0.05,4400,-0.8915,125,0.11582819372415543,0.001,10749
351,10.0,44040,0.05,4404,-0.9094999999999999,125,0.12023833394050598,0.001,10759
351,10.0,44080,0.05,4408,-0.8805000000000001,125,0.10302665829658508,0.001,10769
352,10.0,44120,0.05,4412,-0.9420000000000001,125,0.12685294449329376,0.001,10779
352,10.0,44160,0.05,4416,-0.9935,125,0.1043560802936554,0.001,10789
352,10.0,44200,0.05,4420,-0.9465,125,0.11595890671014786,0.001,10799
352,10.0,44240,0.05,4424,-0.861,125,0.09406449645757675,0.001,10809
352,10.0,44280,0.05,4428,-0.8465,125,0.08523432910442352,0.001,10819
352,10.0,44320,0.05,4432,-0.8639999999999999,125,0.09446699917316437,0.001,10829
352,10.0,44360,0.05,4436,-0.8919999999999999,125,0.09190058708190918,0.001,10839
352,10.0,44400,0.05,4440,-0.8400000000000002,125,0.1170743852853775,0.001,10849
352,10.0,44440,0.05,4444,-0.8024999999999999,126,0.07172167301177979,0.001,10859
352,10.0,44480,0.05,4448,-0.7889999999999999,126,0.11710753291845322,0.001,10869
352,10.0,44520,0.05,4452,-0.7119999999999999,126,0.06390789896249771,0.001,10879
352,10.0,44560,0.05,4456,-0.6325,126,0.10999695211648941,0.001,10889
352,10.0,44600,0.05,4460,-0.612,126,0.0698147565126419,0.001,10899
352,10.0,44640,0.05,4464,-0.516,126,0.0812954232096672,0.001,10909
352,10.0,44680,0.05,4468,-0.4985,126,0.08953943848609924,0.001,10919
353,10.0,44720,0.05,4472,-0.5085,126,0.13053496181964874,0.001,10929
353,10.0,44760,0.05,4476,-0.4800000000000001,126,0.11149831116199493,0.001,10939
353,10.0,44800,0.05,4480,-0.5579999999999999,126,0.09948098659515381,0.001,10949
353,10.0,44840,0.05,4484,-0.5905,126,0.10726255923509598,0.001,10959
353,10.0,44880,0.05,4488,-0.5455000000000001,127,0.06630557030439377,0.001,10969
353,10.0,44920,0.05,4492,-0.48999999999999994,127,0.11549931019544601,0.001,10979
353,10.0,44960,0.05,4496,-0.49200000000000005,127,0.08316853642463684,0.001,10989
353,10.0,45000,0.05,4500,-0.49450000000000005,127,0.09016294032335281,0.001,10999
353,10.0,45040,0.05,4504,-0.5035000000000001,127,0.09629915654659271,0.001,11009
353,10.0,45080,0.05,4508,-0.5355000000000001,127,0.15254144370555878,0.001,11019
353,10.0,45120,0.05,4512,-0.5429999999999999,127,0.0923580676317215,0.001,11029
353,10.0,45160,0.05,4516,-0.518,127,0.12988939881324768,0.001,11039
353,10.0,45200,0.05,4520,-0.5100000000000001,127,0.13850605487823486,0.001,11049
353,10.0,45240,0.05,4524,-0.4675000000000001,127,0.06282880157232285,0.001,11059
353,10.0,45280,0.05,4528,-0.5205000000000001,127,0.0884765088558197,0.001,11069
354,10.0,45320,0.05,4532,-0.6080000000000001,128,0.10203998535871506,0.001,11079
354,10.0,45360,0.05,4536,-0.6589999999999999,128,0.09176640212535858,0.001,11089
354,10.0,45400,0.05,4540,-0.794,128,0.09253264963626862,0.001,11099
354,10.0,45440,0.05,4544,-0.7330000000000001,128,0.08213789761066437,0.001,11109
354,10.0,45480,0.05,4548,-0.7075,128,0.07761400192975998,0.001,11119
353,10.0,45520,0.05,4552,-0.7395,128,0.12327501177787781,0.001,11129
353,10.0,45560,0.05,4556,-0.763,128,0.0823482945561409,0.001,11139
353,10.0,45600,0.05,4560,-0.9405,128,0.057905394583940506,0.001,11149
353,10.0,45640,0.05,4564,-0.9894999999999999,129,0.08692090958356857,0.001,11159
353,10.0,45680,0.05,4568,-0.9724999999999998,129,0.09231029450893402,0.001,11169
353,10.0,45720,0.05,4572,-0.948,129,0.09984587877988815,0.001,11179
353,10.0,45760,0.05,4576,-0.9264999999999998,129,0.08563719689846039,0.001,11189
353,10.0,45800,0.05,4580,-0.8944999999999999,129,0.10889103263616562,0.001,11199
353,10.0,45840,0.05,4584,-1.0195,129,0.11815830320119858,0.001,11209
352,10.0,45880,0.05,4588,-1.0214999999999999,129,0.08883021026849747,0.001,11219
352,10.0,45920,0.05,4592,-0.9934999999999999,130,0.09712523221969604,0.001,11229
352,10.0,45960,0.05,4596,-0.9354999999999998,130,0.11776581406593323,0.001,11239
352,10.0,46000,0.05,4600,-1.0070000000000001,130,0.06415577232837677,0.001,11249
351,10.0,46040,0.05,4604,-1.0759999999999998,130,0.08025652915239334,0.001,11259
351,10.0,46080,0.05,4608,-1.0685000000000002,130,0.1279885619878769,0.001,11269
351,10.0,46120,0.05,4612,-0.948,131,0.06953749805688858,0.001,11279
351,10.0,46160,0.05,4616,-0.938,131,0.11150705814361572,0.001,11289
350,10.0,46200,0.05,4620,-0.9505,131,0.08530892431735992,0.001,11299
350,10.0,46240,0.05,4624,-0.9175,131,0.12590833008289337,0.001,11309
350,10.0,46280,0.05,4628,-0.8435000000000001,132,0.09468675404787064,0.001,11319
350,10.0,46320,0.05,4632,-0.7515000000000001,132,0.09160876274108887,0.001,11329
349,10.0,46360,0.05,4636,-0.7070000000000002,132,0.07807661592960358,0.001,11339
349,10.0,46400,0.05,4640,-0.6230000000000001,132,0.09539402276277542,0.001,11349
349,10.0,46440,0.05,4644,-0.6625,132,0.09091725945472717,0.001,11359
349,10.0,46480,0.05,4648,-0.815,133,0.09409219026565552,0.001,11369
348,10.0,46520,0.05,4652,-0.8185000000000001,133,0.10958126187324524,0.001,11379
348,10.0,46560,0.05,4656,-0.7104999999999998,133,0.10392696410417557,0.001,11389
348,10.0,46600,0.05,4660,-0.6300000000000001,133,0.13017421960830688,0.001,11399
348,10.0,46640,0.05,4664,-0.6750000000000002,133,0.11162217706441879,0.001,11409
348,10.0,46680,0.05,4668,-0.7974999999999999,133,0.10898353159427643,0.001,11419
348,10.0,46720,0.05,4672,-0.7585,134,0.07604271173477173,0.001,11429
348,10.0,46760,0.05,4676,-0.782,134,0.0747504010796547,0.001,11439
348,10.0,46800,0.05,4680,-0.9274999999999999,134,0.11677402257919312,0.001,11449
348,10.0,46840,0.05,4684,-0.8384999999999999,134,0.08430568873882294,0.001,11459
348,10.0,46880,0.05,4688,-0.845,134,0.10031335055828094,0.001,11469
348,10.0,46920,0.05,4692,-0.878,134,0.11358007788658142,0.001,11479
348,10.0,46960,0.05,4696,-0.8985,134,0.07959040254354477,0.001,11489
348,10.0,47000,0.05,4700,-0.8400000000000003,134,0.09246040880680084,0.001,11499
348,10.0,47040,0.05,4704,-0.7339999999999999,135,0.09323487430810928,0.001,11509
348,10.0,47080,0.05,4708,-0.7240000000000001,135,0.07458557188510895,0.001,11519
347,10.0,47120,0.05,4712,-0.824,135,0.10092420876026154,0.001,11529
347,10.0,47160,0.05,4716,-0.8169999999999998,135,0.08245627582073212,0.001,11539
348,10.0,47200,0.05,4720,-0.823,135,0.07843708992004395,0.001,11549
348,10.0,47240,0.05,4724,-0.8955,135,0.11127983033657074,0.001,11559
348,10.0,47280,0.05,4728,-0.8514999999999999,135,0.10737371444702148,0.001,11569
348,10.0,47320,0.05,4732,-0.9194999999999999,135,0.12282245606184006,0.001,11579
348,10.0,47360,0.05,4736,-1.03,136,0.09805373102426529,0.001,11589
348,10.0,47400,0.05,4740,-1.0245,136,0.09744461625814438,0.001,11599
348,10.0,47440,0.05,4744,-1.0339999999999998,136,0.13030213117599487,0.001,11609
348,10.0,47480,0.05,4748,-0.8685000000000003,136,0.052443940192461014,0.001,11619
348,10.0,47520,0.05,4752,-0.9105,136,0.10967420041561127,0.001,11629
347,10.0,47560,0.05,4756,-1.0375000000000003,136,0.11060021817684174,0.001,11639
347,10.0,47600,0.05,4760,-1.0495,136,0.12400840222835541,0.001,11649
347,10.0,47640,0.05,4764,-1.0340000000000003,136,0.09633508324623108,0.001,11659
347,10.0,47680,0.05,4768,-0.98,137,0.11676616966724396,0.001,11669
347,10.0,47720,0.05,4772,-0.9680000000000001,137,0.08357927203178406,0.001,11679
348,10.0,47760,0.05,4776,-1.1320000000000001,137,0.13818906247615814,0.001,11689
348,10.0,47800,0.05,4780,-1.0215,137,0.12951132655143738,0.001,11699
348,10.0,47840,0.05,4784,-0.9650000000000002,137,0.10655880719423294,0.001,11709
348,10.0,47880,0.05,4788,-0.8935000000000001,137,0.0615711435675621,0.001,11719
348,10.0,47920,0.05,4792,-0.8255000000000002,137,0.10363081842660904,0.001,11729
348,10.0,47960,0.05,4796,-0.8220000000000002,137,0.0900738388299942,0.001,11739
348,10.0,48000,0.05,4800,-0.7645000000000001,137,0.08027547597885132,0.001,11749
348,10.0,48040,0.05,4804,-0.7315000000000002,137,0.1036408543586731,0.001,11759
348,10.0,48080,0.05,4808,-0.6960000000000001,137,0.13220292329788208,0.001,11769
348,10.0,48120,0.05,4812,-0.7815000000000001,138,0.1513071358203888,0.001,11779
348,10.0,48160,0.05,4816,-0.8050000000000002,138,0.15282557904720306,0.001,11789
348,10.0,48200,0.05,4820,-0.8809999999999999,138,0.12027047574520111,0.001,11799
348,10.0,48240,0.05,4824,-0.8300000000000002,138,0.12120812386274338,0.001,11809
348,10.0,48280,0.05,4828,-0.8210000000000002,138,0.08393262326717377,0.001,11819
348,10.0,48320,0.05,4832,-0.8195,138,0.08666131645441055,0.001,11829
349,10.0,48360,0.05,4836,-0.7015,138,0.0716763287782669,0.001,11839
349,10.0,48400,0.05,4840,-0.6984999999999998,138,0.10853955149650574,0.001,11849
349,10.0,48440,0.05,4844,-0.7249999999999999,138,0.10603277385234833,0.001,11859
349,10.0,48480,0.05,4848,-0.8695000000000002,138,0.09141051024198532,0.001,11869
349,10.0,48520,0.05,4852,-0.9714999999999999,138,0.08178815990686417,0.001,11879
349,10.0,48560,0.05,4856,-1.0704999999999998,139,0.0885431319475174,0.001,11889
349,10.0,48600,0.05,4860,-1.0490000000000002,139,0.10155005753040314,0.001,11899
349,10.0,48640,0.05,4864,-0.9925000000000002,139,0.09019426256418228,0.001,11909
349,10.0,48680,0.05,4868,-0.9175000000000001,139,0.0735275149345398,0.001,11919
349,10.0,48720,0.05,4872,-0.977,139,0.1008753627538681,0.001,11929
349,10.0,48760,0.05,4876,-0.9309999999999998,139,0.09953417629003525,0.001,11939
349,10.0,48800,0.05,4880,-0.9689999999999999,139,0.08191093057394028,0.001,11949
349,10.0,48840,0.05,4884,-1.0199999999999998,139,0.10606756806373596,0.001,11959
349,10.0,48880,0.05,4888,-1.0264999999999997,139,0.13871143758296967,0.001,11969
349,10.0,48920,0.05,4892,-1.132,139,0.10967391729354858,0.001,11979
349,10.0,48960,0.05,4896,-1.1464999999999999,139,0.12312152981758118,0.001,11989
350,10.0,49000,0.05,4900,-1.1825,139,0.1256549060344696,0.001,11999
350,10.0,49040,0.05,4904,-1.1625,140,0.13908763229846954,0.001,12009
350,10.0,49080,0.05,4908,-1.2685,140,0.09766414016485214,0.001,12019
350,10.0,49120,0.05,4912,-1.2349999999999999,140,0.08367349952459335,0.001,12029
350,10.0,49160,0.05,4916,-1.2905000000000004,140,0.08732598274946213,0.001,12039
350,10.0,49200,0.05,4920,-1.3129999999999997,140,0.11820363253355026,0.001,12049
350,10.0,49240,0.05,4924,-1.3625000000000003,140,0.11416949331760406,0.001,12059
350,10.0,49280,0.05,4928,-1.4345000000000006,140,0.1035299152135849,0.001,12069
350,10.0,49320,0.05,4932,-1.4905000000000004,140,0.09595493972301483,0.001,12079
350,10.0,49360,0.05,4936,-1.4220000000000002,140,0.1392759382724762,0.001,12089
350,10.0,49400,0.05,4940,-1.4140000000000001,140,0.07568700611591339,0.001,12099
350,10.0,49440,0.05,4944,-1.3485,140,0.06914345920085907,0.001,12109
350,10.0,49480,0.05,4948,-1.2395000000000003,141,0.08614358305931091,0.001,12119
350,10.0,49520,0.05,4952,-1.0390000000000001,141,0.07399754971265793,0.001,12129
351,10.0,49560,0.05,4956,-0.8750000000000001,141,0.09251908957958221,0.001,12139
351,10.0,49600,0.05,4960,-0.924,141,0.12415449321269989,0.001,12149
351,10.0,49640,0.05,4964,-0.992,141,0.08053619414567947,0.001,12159
351,10.0,49680,0.05,4968,-1.0554999999999999,141,0.07731765508651733,0.001,12169
351,10.0,49720,0.05,4972,-1.016,141,0.13934944570064545,0.001,12179
351,10.0,49760,0.05,4976,-0.9190000000000002,141,0.07679226994514465,0.001,12189
351,10.0,49800,0.05,4980,-0.9749999999999999,141,0.1201295405626297,0.001,12199
351,10.0,49840,0.05,4984,-1.0284999999999997,141,0.08814764022827148,0.001,12209
351,10.0,49880,0.05,4988,-1.0545,141,0.09107795357704163,0.001,12219
351,10.0,49920,0.05,4992,-1.0425,141,0.08813737332820892,0.001,12229
351,10.0,49960,0.05,4996,-1.0055,142,0.11868889629840851,0.001,12239
351,10.0,50000,0.05,5000,-1.0005000000000002,142,0.12134990096092224,0.001,12249
351,10.0,50040,0.05,5004,-1.1035000000000001,142,0.10224916785955429,0.001,12259
351,10.0,50080,0.05,5008,-1.0085,142,0.11291173100471497,0.001,12269
351,10.0,50120,0.05,5012,-1.103,142,0.11818987131118774,0.001,12279
351,10.0,50160,0.05,5016,-1.003,142,0.08954562246799469,0.001,12289
352,10.0,50200,0.05,5020,-0.9514999999999999,142,0.09879045188426971,0.001,12299
352,10.0,50240,0.05,5024,-0.9515,142,0.0778818279504776,0.001,12309
352,10.0,50280,0.05,5028,-1.0775000000000001,142,0.08139217644929886,0.001,12319
352,10.0,50320,0.05,5032,-1.0985,142,0.08433901518583298,0.001,12329
352,10.0,50360,0.05,5036,-1.2599999999999998,142,0.13984835147857666,0.001,12339
352,10.0,50400,0.05,5040,-1.3495,142,0.11902084201574326,0.001,12349
352,10.0,50440,0.05,5044,-1.4545000000000001,143,0.10780253261327744,0.001,12359
352,10.0,50480,0.05,5048,-1.513,143,0.10753384977579117,0.001,12369
352,10.0,50520,0.05,5052,-1.594,143,0.10532071441411972,0.001,12379
352,10.0,50560,0.05,5056,-1.6475,143,0.2231157273054123,0.001,12389
352,10.0,50600,0.05,5060,-1.5704999999999998,143,0.07307557016611099,0.001,12399
352,10.0,50640,0.05,5064,-1.4679999999999997,143,0.09502097964286804,0.001,12409
352,10.0,50680,0.05,5068,-1.4284999999999997,143,0.09907108545303345,0.001,12419
352,10.0,50720,0.05,5072,-1.4714999999999998,143,0.09638330340385437,0.001,12429
353,10.0,50760,0.05,5076,-1.5709999999999997,143,0.10865892469882965,0.001,12439
353,10.0,50800,0.05,5080,-1.5315,143,0.0681396871805191,0.001,12449
353,10.0,50840,0.05,5084,-1.5599999999999996,143,0.12608343362808228,0.001,12459
353,10.0,50880,0.05,5088,-1.6360000000000006,144,0.09588690847158432,0.001,12469
353,10.0,50920,0.05,5092,-1.6969999999999998,144,0.11278071999549866,0.001,12479
353,10.0,50960,0.05,5096,-1.7245000000000001,144,0.07935869693756104,0.001,12489
353,10.0,51000,0.05,5100,-1.7534999999999996,144,0.0960984006524086,0.001,12499
353,10.0,51040,0.05,5104,-1.6725,144,0.1713027060031891,0.001,12509
353,10.0,51080,0.05,5108,-1.6684999999999999,144,0.11164537072181702,0.001,12519
353,10.0,51120,0.05,5112,-1.5865000000000002,144,0.1358167976140976,0.001,12529
353,10.0,51160,0.05,5116,-1.6300000000000003,144,0.18067799508571625,0.001,12539
353,10.0,51200,0.05,5120,-1.6515,144,0.08151409775018692,0.001,12549
353,10.0,51240,0.05,5124,-1.7014999999999998,144,0.07512733340263367,0.001,12559
353,10.0,51280,0.05,5128,-1.5279999999999998,144,0.10370443016290665,0.001,12569
354,10.0,51320,0.05,5132,-1.4450000000000003,144,0.08088233321905136,0.001,12579
354,10.0,51360,0.05,5136,-1.4614999999999998,145,0.1359926462173462,0.001,12589
354,10.0,51400,0.05,5140,-1.382,145,0.084787517786026,0.001,12599
354,10.0,51440,0.05,5144,-1.274,145,0.10063698887825012,0.001,12609
354,10.0,51480,0.05,5148,-1.1995,145,0.10444188863039017,0.001,12619
354,10.0,51520,0.05,5152,-1.1875,145,0.1438145935535431,0.001,12629
354,10.0,51560,0.05,5156,-1.221,145,0.13642580807209015,0.001,12639
354,10.0,51600,0.05,5160,-1.281,145,0.11518864333629608,0.001,12649
354,10.0,51640,0.05,5164,-1.3410000000000002,145,0.061191968619823456,0.001,12659
353,10.0,51680,0.05,5168,-1.4325,146,0.08268456161022186,0.001,12669
353,10.0,51720,0.05,5172,-1.4815,146,0.14920437335968018,0.001,12679
353,10.0,51760,0.05,5176,-1.4010000000000005,146,0.10755790770053864,0.001,12689
353,10.0,51800,0.05,5180,-1.4225,146,0.07970467954874039,0.001,12699
353,10.0,51840,0.05,5184,-1.3970000000000002,146,0.13855376839637756,0.001,12709
353,10.0,51880,0.05,5188,-1.2539999999999998,146,0.10700049251317978,0.001,12719
353,10.0,51920,0.05,5192,-1.12,146,0.11787158250808716,0.001,12729
353,10.0,51960,0.05,5196,-1.1959999999999997,146,0.10918771475553513,0.001,12739
353,10.0,52000,0.05,5200,-1.2695,147,0.10907049477100372,0.001,12749
353,10.0,52040,0.05,5204,-1.2939999999999998,147,0.09032140672206879,0.001,12759
353,10.0,52080,0.05,5208,-1.3165000000000004,147,0.11761268973350525,0.001,12769
353,10.0,52120,0.05,5212,-1.212,147,0.08801312744617462,0.001,12779
353,10.0,52160,0.05,5216,-1.177,147,0.15100057423114777,0.001,12789
353,10.0,52200,0.05,5220,-1.1335000000000002,147,0.12202189117670059,0.001,12799
353,10.0,52240,0.05,5224,-1.041,147,0.0655575841665268,0.001,12809
353,10.0,52280,0.05,5228,-1.0525,147,0.08617967367172241,0.001,12819
353,10.0,52320,0.05,5232,-1.0665,147,0.09513960778713226,0.001,12829
353,10.0,52360,0.05,5236,-1.042,147,0.11834492534399033,0.001,12839
353,10.0,52400,0.05,5240,-1.0385,148,0.10826069116592407,0.001,12849
353,10.0,52440,0.05,5244,-0.9939999999999999,148,0.09755197167396545,0.001,12859
353,10.0,52480,0.05,5248,-1.005,148,0.08982627093791962,0.001,12869
353,10.0,52520,0.05,5252,-1.0085000000000002,148,0.1162777990102768,0.001,12879
353,10.0,52560,0.05,5256,-1.026,148,0.15176035463809967,0.001,12889
353,10.0,52600,0.05,5260,-1.025,148,0.13799415528774261,0.001,12899
353,10.0,52640,0.05,5264,-1.0145,148,0.10696061700582504,0.001,12909
353,10.0,52680,0.05,5268,-1.121,149,0.11978672444820404,0.001,12919
353,10.0,52720,0.05,5272,-1.0575,149,0.14157703518867493,0.001,12929
353,10.0,52760,0.05,5276,-0.9949999999999999,149,0.12750142812728882,0.001,12939
353,10.0,52800,0.05,5280,-0.9754999999999999,149,0.10859771817922592,0.001,12949
353,10.0,52840,0.05,5284,-0.8639999999999999,149,0.14996854960918427,0.001,12959
352,10.0,52880,0.05,5288,-0.9634999999999999,149,0.07067371904850006,0.001,12969
352,10.0,52920,0.05,5292,-1.0439999999999998,149,0.0792059376835823,0.001,12979
353,10.0,52960,0.05,5296,-1.0394999999999999,150,0.08394630998373032,0.001,12989
353,10.0,53000,0.05,5300,-0.9735,150,0.06802423298358917,0.001,12999
353,10.0,53040,0.05,5304,-0.9289999999999999,150,0.12248003482818604,0.001,13009
353,10.0,53080,0.05,5308,-0.9220000000000002,150,0.05481938272714615,0.001,13019
353,10.0,53120,0.05,5312,-0.9960000000000001,150,0.07610916346311569,0.001,13029
353,10.0,53160,0.05,5316,-1.0095,150,0.10750290751457214,0.001,13039
353,10.0,53200,0.05,5320,-1.0135,150,0.1092122495174408,0.001,13049
353,10.0,53240,0.05,5324,-1.0795000000000001,150,0.07165137678384781,0.001,13059
353,10.0,53280,0.05,5328,-1.0644999999999998,150,0.09324362874031067,0.001,13069
353,10.0,53320,0.05,5332,-1.0119999999999998,150,0.09405402094125748,0.001,13079
353,10.0,53360,0.05,5336,-1.0010000000000001,151,0.09627652913331985,0.001,13089
353,10.0,53400,0.05,5340,-0.9295,151,0.0916212648153305,0.001,13099
353,10.0,53440,0.05,5344,-1.0060000000000002,151,0.07541940361261368,0.001,13109
353,10.0,53480,0.05,5348,-1.0290000000000001,151,0.10156206041574478,0.001,13119
353,10.0,53520,0.05,5352,-0.9594999999999999,151,0.08500921726226807,0.001,13129
353,10.0,53560,0.05,5356,-0.9349999999999998,151,0.08169958740472794,0.001,13139
353,10.0,53600,0.05,5360,-0.9089999999999999,151,0.12669867277145386,0.001,13149
353,10.0,53640,0.05,5364,-0.937,151,0.13764433562755585,0.001,13159
353,10.0,53680,0.05,5368,-0.836,151,0.11143513023853302,0.001,13169
353,10.0,53720,0.05,5372,-0.7615,151,0.11046744138002396,0.001,13179
353,10.0,53760,0.05,5376,-0.796,152,0.0715557262301445,0.001,13189
353,10.0,53800,0.05,5380,-0.794,152,0.0992809534072876,0.001,13199
353,10.0,53840,0.05,5384,-0.9109999999999999,152,0.0806744322180748,0.001,13209
353,10.0,53880,0.05,5388,-0.8295,152,0.08535011112689972,0.001,13219
353,10.0,53920,0.05,5392,-0.7729999999999998,152,0.11439710110425949,0.001,13229
353,10.0,53960,0.05,5396,-0.7864999999999999,152,0.06621413677930832,0.001,13239
353,10.0,54000,0.05,5400,-0.7780000000000002,152,0.10337285697460175,0.001,13249
353,10.0,54040,0.05,5404,-0.887,152,0.10459013283252716,0.001,13259
353,10.0,54080,0.05,5408,-0.9620000000000002,152,0.10424072295427322,0.001,13269
354,10.0,54120,0.05,5412,-0.8830000000000001,152,0.08997959643602371,0.001,13279
354,10.0,54160,0.05,5416,-0.9414999999999999,152,0.10620792955160141,0.001,13289
354,10.0,54200,0.05,5420,-0.9449999999999998,153,0.11450949311256409,0.001,13299
354,10.0,54240,0.05,5424,-0.9339999999999999,153,0.10458233207464218,0.001,13309
354,10.0,54280,0.05,5428,-0.9274999999999999,153,0.08868538588285446,0.001,13319
354,10.0,54320,0.05,5432,-0.977,153,0.1326923817396164,0.001,13329
354,10.0,54360,0.05,5436,-0.9170000000000001,153,0.11559012532234192,0.001,13339
354,10.0,54400,0.05,5440,-0.9344999999999999,153,0.09237968921661377,0.001,13349
354,10.0,54440,0.05,5444,-0.9735,153,0.10404584556818008,0.001,13359
354,10.0,54480,0.05,5448,-0.9425,153,0.10033856332302094,0.001,13369
354,10.0,54520,0.05,5452,-0.9664999999999999,153,0.13649603724479675,0.001,13379
354,10.0,54560,0.05,5456,-0.9414999999999999,153,0.11360525339841843,0.001,13389
354,10.0,54600,0.05,5460,-0.8835,154,0.11152344197034836,0.001,13399
354,10.0,54640,0.05,5464,-0.8525000000000001,154,0.13529102504253387,0.001,13409
354,10.0,54680,0.05,5468,-0.9259999999999999,154,0.08604921400547028,0.001,13419
354,10.0,54720,0.05,5472,-0.938,154,0.0933118686079979,0.001,13429
354,10.0,54760,0.05,5476,-0.8415,154,0.06541110575199127,0.001,13439
354,10.0,54800,0.05,5480,-0.7849999999999998,154,0.10003630816936493,0.001,13449
354,10.0,54840,0.05,5484,-0.713,154,0.10558511316776276,0.001,13459
354,10.0,54880,0.05,5488,-0.7985000000000001,154,0.11292281746864319,0.001,13469
354,10.0,54920,0.05,5492,-0.7779999999999998,154,0.1260034739971161,0.001,13479
354,10.0,54960,0.05,5496,-0.6589999999999999,154,0.09163159132003784,0.001,13489
354,10.0,55000,0.05,5500,-0.6755,154,0.0714786946773529,0.001,13499
354,10.0,55040,0.05,5504,-0.6579999999999998,155,0.11391562968492508,0.001,13509
354,10.0,55080,0.05,5508,-0.5925,155,0.1345529556274414,0.001,13519
354,10.0,55120,0.05,5512,-0.6955000000000001,155,0.1687711775302887,0.001,13529
354,10.0,55160,0.05,5516,-0.6475,155,0.08500491827726364,0.001,13539
355,10.0,55200,0.05,5520,-0.685,155,0.10576342046260834,0.001,13549
355,10.0,55240,0.05,5524,-0.6905,155,0.08416706323623657,0.001,13559
355,10.0,55280,0.05,5528,-0.7060000000000001,155,0.1333061307668686,0.001,13569
355,10.0,55320,0.05,5532,-0.6580000000000001,155,0.08985649794340134,0.001,13579
355,10.0,55360,0.05,5536,-0.6525000000000002,155,0.09843545407056808,0.001,13589
355,10.0,55400,0.05,5540,-0.715,155,0.17244252562522888,0.001,13599
355,10.0,55440,0.05,5544,-0.5735000000000001,156,0.08151501417160034,0.001,13609
355,10.0,55480,0.05,5548,-0.5945000000000001,156,0.08361927419900894,0.001,13619
355,10.0,55520,0.05,5552,-0.5940000000000001,156,0.10079486668109894,0.001,13629
355,10.0,55560,0.05,5556,-0.546,156,0.0849454253911972,0.001,13639
355,10.0,55600,0.05,5560,-0.594,156,0.068222276866436,0.001,13649
355,10.0,55640,0.05,5564,-0.554,156,0.08803517371416092,0.001,13659
355,10.0,55680,0.05,5568,-0.4829999999999999,156,0.10990579426288605,0.001,13669
355,10.0,55720,0.05,5572,-0.5820000000000001,156,0.05175820738077164,0.001,13679
355,10.0,55760,0.05,5576,-0.7285,156,0.10239872336387634,0.001,13689
355,10.0,55800,0.05,5580,-0.7225000000000001,157,0.08264501392841339,0.001,13699
355,10.0,55840,0.05,5584,-0.7675,157,0.09741560369729996,0.001,13709
355,10.0,55880,0.05,5588,-0.7169999999999999,157,0.12318261712789536,0.001,13719
355,10.0,55920,0.05,5592,-0.7535,157,0.12981222569942474,0.001,13729
355,10.0,55960,0.05,5596,-0.8350000000000002,157,0.09415195882320404,0.001,13739
355,10.0,56000,0.05,5600,-0.7370000000000002,157,0.11116831749677658,0.001,13749
355,10.0,56040,0.05,5604,-0.7165000000000002,157,0.09443178027868271,0.001,13759
355,10.0,56080,0.05,5608,-0.5770000000000001,157,0.15066438913345337,0.001,13769
355,10.0,56120,0.05,5612,-0.584,157,0.08755746483802795,0.001,13779
355,10.0,56160,0.05,5616,-0.508,157,0.13087040185928345,0.001,13789
355,10.0,56200,0.05,5620,-0.527,157,0.09437397867441177,0.001,13799
355,10.0,56240,0.05,5624,-0.49450000000000005,158,0.11709016561508179,0.001,13809
355,10.0,56280,0.05,5628,-0.5000000000000001,158,0.16878220438957214,0.001,13819
355,10.0,56320,0.05,5632,-0.507,158,0.09096919745206833,0.001,13829
355,10.0,56360,0.05,5636,-0.539,158,0.09293150156736374,0.001,13839
355,10.0,56400,0.05,5640,-0.44799999999999995,158,0.09059968590736389,0.001,13849
355,10.0,56440,0.05,5644,-0.5205000000000001,158,0.10460145026445389,0.001,13859
355,10.0,56480,0.05,5648,-0.5375,158,0.12597738206386566,0.001,13869
355,10.0,56520,0.05,5652,-0.5745,158,0.11806219816207886,0.001,13879
355,10.0,56560,0.05,5656,-0.6395000000000001,158,0.22369472682476044,0.001,13889
355,10.0,56600,0.05,5660,-0.5630000000000001,159,0.2452836036682129,0.001,13899
355,10.0,56640,0.05,5664,-0.5784999999999999,159,0.17152640223503113,0.001,13909
355,10.0,56680,0.05,5668,-0.601,159,0.08895517885684967,0.001,13919
355,10.0,56720,0.05,5672,-0.5780000000000001,159,0.09221284836530685,0.001,13929
355,10.0,56760,0.05,5676,-0.5499999999999999,159,0.11834823340177536,0.001,13939
355,10.0,56800,0.05,5680,-0.5925,159,0.09323261678218842,0.001,13949
355,10.0,56840,0.05,5684,-0.5085000000000001,159,0.07214418798685074,0.001,13959
355,10.0,56880,0.05,5688,-0.5575,159,0.1454903930425644,0.001,13969
355,10.0,56920,0.05,5692,-0.564,159,0.16028909385204315,0.001,13979
355,10.0,56960,0.05,5696,-0.48750000000000004,160,0.10942263156175613,0.001,13989
356,10.0,57000,0.05,5700,-0.5165,160,0.07291733473539352,0.001,13999
356,10.0,57040,0.05,5704,-0.6114999999999999,160,0.10365526378154755,0.001,14009
356,10.0,57080,0.05,5708,-0.7284999999999999,160,0.30943217873573303,0.001,14019
356,10.0,57120,0.05,5712,-0.7040000000000001,160,0.06405939906835556,0.001,14029
356,10.0,57160,0.05,5716,-0.7565000000000001,160,0.09196774661540985,0.001,14039
356,10.0,57200,0.05,5720,-0.718,160,0.1052953377366066,0.001,14049
356,10.0,57240,0.05,5724,-0.759,160,0.13803187012672424,0.001,14059
356,10.0,57280,0.05,5728,-0.78,160,0.12406637519598007,0.001,14069
356,10.0,57320,0.05,5732,-0.8210000000000001,160,0.09886087477207184,0.001,14079
356,10.0,57360,0.05,5736,-0.8434999999999999,160,0.08241519331932068,0.001,14089
356,10.0,57400,0.05,5740,-0.8469999999999999,161,0.11142732203006744,0.001,14099
356,10.0,57440,0.05,5744,-0.8065000000000001,161,0.1044943779706955,0.001,14109
356,10.0,57480,0.05,5748,-0.7565000000000001,161,0.14838922023773193,0.001,14119
356,10.0,57520,0.05,5752,-0.7404999999999999,161,0.19724628329277039,0.001,14129
356,10.0,57560,0.05,5756,-0.79,161,0.10413981974124908,0.001,14139
356,10.0,57600,0.05,5760,-0.9295,161,0.12065930664539337,0.001,14149
356,10.0,57640,0.05,5764,-1.0385000000000002,161,0.13498111069202423,0.001,14159
356,10.0,57680,0.05,5768,-0.9415,161,0.08968214690685272,0.001,14169
356,10.0,57720,0.05,5772,-0.9960000000000001,161,0.10158582031726837,0.001,14179
356,10.0,57760,0.05,5776,-0.9465,162,0.08816006034612656,0.001,14189
356,10.0,57800,0.05,5780,-0.975,162,0.09258092939853668,0.001,14199
355,10.0,57840,0.05,5784,-1.0015,162,0.1836525797843933,0.001,14209
355,10.0,57880,0.05,5788,-1.0210000000000001,162,0.08218152821063995,0.001,14219
355,10.0,57920,0.05,5792,-0.9875000000000002,162,0.0802369937300682,0.001,14229
355,10.0,57960,0.05,5796,-1.0575,162,0.09942267835140228,0.001,14239
355,10.0,58000,0.05,5800,-1.0859999999999999,163,0.06899846345186234,0.001,14249
355,10.0,58040,0.05,5804,-0.961,163,0.1563119888305664,0.001,14259
355,10.0,58080,0.05,5808,-1.025,163,0.09361360967159271,0.001,14269
355,10.0,58120,0.05,5812,-0.9674999999999998,163,0.09762999415397644,0.001,14279
355,10.0,58160,0.05,5816,-1.0,163,0.09997820109128952,0.001,14289
355,10.0,58200,0.05,5820,-0.9904999999999999,163,0.09168664366006851,0.001,14299
355,10.0,58240,0.05,5824,-1.03,163,0.11052622646093369,0.001,14309
355,10.0,58280,0.05,5828,-1.0204999999999997,164,0.10106617212295532,0.001,14319
355,10.0,58320,0.05,5832,-0.9984999999999999,164,0.08901023119688034,0.001,14329
354,10.0,58360,0.05,5836,-1.0320000000000003,164,0.11248385906219482,0.001,14339
354,10.0,58400,0.05,5840,-1.0485,164,0.14457616209983826,0.001,14349
354,10.0,58440,0.05,5844,-1.02,164,0.1960098147392273,0.001,14359
354,10.0,58480,0.05,5848,-1.094,164,0.08374564349651337,0.001,14369
354,10.0,58520,0.05,5852,-1.1469999999999998,164,0.12566326558589935,0.001,14379
354,10.0,58560,0.05,5856,-1.073,165,0.1079062670469284,0.001,14389
354,10.0,58600,0.05,5860,-0.9895,165,0.08641621470451355,0.001,14399
354,10.0,58640,0.05,5864,-0.8890000000000002,165,0.12692801654338837,0.001,14409
354,10.0,58680,0.05,5868,-0.9000000000000001,165,0.0699763149023056,0.001,14419
354,10.0,58720,0.05,5872,-0.8320000000000001,165,0.07924461364746094,0.001,14429
354,10.0,58760,0.05,5876,-0.9890000000000002,165,0.09114939719438553,0.001,14439
354,10.0,58800,0.05,5880,-0.9519999999999998,165,0.11364883184432983,0.001,14449
354,10.0,58840,0.05,5884,-1.0045,165,0.09403076022863388,0.001,14459
354,10.0,58880,0.05,5888,-0.9350000000000002,165,0.08727643638849258,0.001,14469
354,10.0,58920,0.05,5892,-1.016,166,0.15584945678710938,0.001,14479
354,10.0,58960,0.05,5896,-1.0095,166,0.08267734944820404,0.001,14489
354,10.0,59000,0.05,5900,-0.9949999999999999,166,0.1645836979150772,0.001,14499
354,10.0,59040,0.05,5904,-1.0015,166,0.08671775460243225,0.001,14509
354,10.0,59080,0.05,5908,-0.9540000000000001,166,0.11296301335096359,0.001,14519
354,10.0,59120,0.05,5912,-1.0445,166,0.1555054634809494,0.001,14529
354,10.0,59160,0.05,5916,-1.0975,166,0.10178803652524948,0.001,14539
354,10.0,59200,0.05,5920,-1.106,166,0.11695593595504761,0.001,14549
354,10.0,59240,0.05,5924,-1.091,166,0.08394386619329453,0.001,14559
355,10.0,59280,0.05,5928,-1.036,166,0.1690579056739807,0.001,14569
355,10.0,59320,0.05,5932,-1.121,167,0.0798066258430481,0.001,14579
355,10.0,59360,0.05,5936,-1.0930000000000002,167,0.1347745656967163,0.001,14589
355,10.0,59400,0.05,5940,-1.1405,167,0.09043045341968536,0.001,14599
355,10.0,59440,0.05,5944,-1.1205,167,0.08254151791334152,0.001,14609
355,10.0,59480,0.05,5948,-1.1075,167,0.10557933151721954,0.001,14619
355,10.0,59520,0.05,5952,-1.1019999999999999,167,0.07529160380363464,0.001,14629
355,10.0,59560,0.05,5956,-1.1925,167,0.1141563281416893,0.001,14639
355,10.0,59600,0.05,5960,-1.218,167,0.0800996795296669,0.001,14649
355,10.0,59640,0.05,5964,-1.1910000000000003,167,0.08088118582963943,0.001,14659
355,10.0,59680,0.05,5968,-1.226,167,0.1276611089706421,0.001,14669
355,10.0,59720,0.05,5972,-1.143,168,0.11856359243392944,0.001,14679
355,10.0,59760,0.05,5976,-0.975,168,0.06983020156621933,0.001,14689
355,10.0,59800,0.05,5980,-0.929,168,0.0793677493929863,0.001,14699
355,10.0,59840,0.05,5984,-0.823,168,0.07961154729127884,0.001,14709
355,10.0,59880,0.05,5988,-0.8525000000000001,168,0.07369247823953629,0.001,14719
355,10.0,59920,0.05,5992,-0.7874999999999999,168,0.0728873610496521,0.001,14729
355,10.0,59960,0.05,5996,-0.778,168,0.07559537887573242,0.001,14739
355,10.0,60000,0.05,6000,-0.8250000000000002,168,0.12797488272190094,0.001,14749
355,10.0,60040,0.05,6004,-0.8260000000000001,168,0.11349815875291824,0.001,14759
355,10.0,60080,0.05,6008,-0.765,168,0.17542612552642822,0.001,14769
355,10.0,60120,0.05,6012,-0.6600000000000001,168,0.08685842156410217,0.001,14779
355,10.0,60160,0.05,6016,-0.6495000000000001,169,0.06569109857082367,0.001,14789
355,10.0,60200,0.05,6020,-0.6365000000000001,169,0.11981475353240967,0.001,14799
355,10.0,60240,0.05,6024,-0.5335000000000002,169,0.12288881093263626,0.001,14809
355,10.0,60280,0.05,6028,-0.5055000000000001,169,0.09146720170974731,0.001,14819
355,10.0,60320,0.05,6032,-0.4570000000000001,169,0.1097402572631836,0.001,14829
356,10.0,60360,0.05,6036,-0.4179999999999999,169,0.10121825337409973,0.001,14839
356,10.0,60400,0.05,6040,-0.3265,169,0.0888253003358841,0.001,14849
356,10.0,60440,0.05,6044,-0.4175,169,0.09562313556671143,0.001,14859
356,10.0,60480,0.05,6048,-0.34550000000000003,169,0.09979189932346344,0.001,14869
356,10.0,60520,0.05,6052,-0.24550000000000005,169,0.09315669536590576,0.001,14879
356,10.0,60560,0.05,6056,-0.11850000000000001,170,0.10445982217788696,0.001,14889
356,10.0,60600,0.05,6060,-0.04099999999999999,170,0.08763408660888672,0.001,14899
356,10.0,60640,0.05,6064,-0.024499999999999987,170,0.11190690845251083,0.001,14909
356,10.0,60680,0.05,6068,-0.0315,170,0.10708856582641602,0.001,14919
356,10.0,60720,0.05,6072,-0.1145,170,0.1310226023197174,0.001,14929
356,10.0,60760,0.05,6076,-0.1275,170,0.10699444264173508,0.001,14939
356,10.0,60800,0.05,6080,-0.16149999999999998,170,0.17000985145568848,0.001,14949
356,10.0,60840,0.05,6084,-0.17550000000000002,170,0.15449899435043335,0.001,14959
356,10.0,60880,0.05,6088,-0.2325,170,0.126749187707901,0.001,14969
356,10.0,60920,0.05,6092,-0.18399999999999994,170,0.33781078457832336,0.001,14979
356,10.0,60960,0.05,6096,-0.16699999999999998,171,0.10092359036207199,0.001,14989
356,10.0,61000,0.05,6100,-0.06650000000000003,171,0.0766608864068985,0.001,14999
356,10.0,61040,0.05,6104,-0.02099999999999997,171,0.10892415046691895,0.001,15009
356,10.0,61080,0.05,6108,-0.0069999999999999975,171,0.11053984612226486,0.001,15019
356,10.0,61120,0.05,6112,0.0085,171,0.11853716522455215,0.001,15029
356,10.0,61160,0.05,6116,0.018999999999999975,171,0.31881529092788696,0.001,15039
356,10.0,61200,0.05,6120,0.035499999999999955,171,0.23702266812324524,0.001,15049
356,10.0,61240,0.05,6124,-0.01700000000000002,171,0.059113070368766785,0.001,15059
356,10.0,61280,0.05,6128,-0.13300000000000003,172,0.07734540849924088,0.001,15069
356,10.0,61320,0.05,6132,-0.030500000000000006,172,0.09103287756443024,0.001,15079
355,10.0,61360,0.05,6136,-0.18099999999999997,172,0.10697611421346664,0.001,15089
355,10.0,61400,0.05,6140,-0.26499999999999996,172,0.18419964611530304,0.001,15099
355,10.0,61440,0.05,6144,-0.272,172,0.11530788242816925,0.001,15109
355,10.0,61480,0.05,6148,-0.2645,172,0.10098246484994888,0.001,15119
355,10.0,61520,0.05,6152,-0.23,172,0.10686050355434418,0.001,15129
355,10.0,61560,0.05,6156,-0.22099999999999992,173,0.09766556322574615,0.001,15139
355,10.0,61600,0.05,6160,-0.27999999999999997,173,0.114089235663414,0.001,15149
355,10.0,61640,0.05,6164,-0.259,173,0.11331883817911148,0.001,15159
355,10.0,61680,0.05,6168,-0.21650000000000003,173,0.10349690914154053,0.001,15169
355,10.0,61720,0.05,6172,-0.1595,173,0.13134430348873138,0.001,15179
355,10.0,61760,0.05,6176,-0.19150000000000003,173,0.10416848212480545,0.001,15189
355,10.0,61800,0.05,6180,-0.08800000000000001,173,0.11234313249588013,0.001,15199
355,10.0,61840,0.05,6184,-0.08400000000000002,173,0.08100096881389618,0.001,15209
355,10.0,61880,0.05,6188,0.03200000000000001,173,0.09172285348176956,0.001,15219
355,10.0,61920,0.05,6192,-0.011000000000000001,174,0.10885350406169891,0.001,15229
355,10.0,61960,0.05,6196,-0.041499999999999995,174,0.10476435720920563,0.001,15239
355,10.0,62000,0.05,6200,-0.1365,174,0.10223011672496796,0.001,15249
355,10.0,62040,0.05,6204,-0.20950000000000002,174,0.1102532148361206,0.001,15259
355,10.0,62080,0.05,6208,-0.3405,174,0.08912406861782074,0.001,15269
355,10.0,62120,0.05,6212,-0.43500000000000005,174,0.0770730972290039,0.001,15279
354,10.0,62160,0.05,6216,-0.39349999999999996,175,0.2104416936635971,0.001,15289
354,10.0,62200,0.05,6220,-0.436,175,0.11065611243247986,0.001,15299
354,10.0,62240,0.05,6224,-0.5045,175,0.11243024468421936,0.001,15309
354,10.0,62280,0.05,6228,-0.45199999999999996,175,0.1252124011516571,0.001,15319
354,10.0,62320,0.05,6232,-0.5125,175,0.2501297891139984,0.001,15329
354,10.0,62360,0.05,6236,-0.3865,175,0.12183325737714767,0.001,15339
354,10.0,62400,0.05,6240,-0.42199999999999993,175,0.12723925709724426,0.001,15349
354,10.0,62440,0.05,6244,-0.3595000000000001,176,0.10791632533073425,0.001,15359
354,10.0,62480,0.05,6248,-0.4395000000000001,176,0.10643626749515533,0.001,15369
354,10.0,62520,0.05,6252,-0.547,176,0.08134042471647263,0.001,15379
354,10.0,62560,0.05,6256,-0.634,176,0.13519881665706635,0.001,15389
354,10.0,62600,0.05,6260,-0.6415000000000002,176,0.24499638378620148,0.001,15399
354,10.0,62640,0.05,6264,-0.7829999999999999,176,0.35391923785209656,0.001,15409
354,10.0,62680,0.05,6268,-0.7685000000000002,176,0.2789916396141052,0.001,15419
354,10.0,62720,0.05,6272,-0.752,176,0.09502268582582474,0.001,15429
354,10.0,62760,0.05,6276,-0.7234999999999999,176,0.2222888320684433,0.001,15439
354,10.0,62800,0.05,6280,-0.8240000000000001,177,0.09354723989963531,0.001,15449
354,10.0,62840,0.05,6284,-0.8010000000000003,177,0.08647995442152023,0.001,15459
354,10.0,62880,0.05,6288,-0.7755,177,0.08487938344478607,0.001,15469
354,10.0,62920,0.05,6292,-0.748,177,0.21568956971168518,0.001,15479
354,10.0,62960,0.05,6296,-0.65,177,0.10402735322713852,0.001,15489
354,10.0,63000,0.05,6300,-0.5980000000000001,177,0.07676061242818832,0.001,15499
354,10.0,63040,0.05,6304,-0.546,177,0.10331393778324127,0.001,15509
354,10.0,63080,0.05,6308,-0.5615,177,0.22381526231765747,0.001,15519
354,10.0,63120,0.05,6312,-0.5795,178,0.11072579771280289,0.001,15529
354,10.0,63160,0.05,6316,-0.6165,178,0.11751066148281097,0.001,15539
354,10.0,63200,0.05,6320,-0.558,178,0.1041468158364296,0.001,15549
354,10.0,63240,0.05,6324,-0.5045000000000001,178,0.0876162201166153,0.001,15559
354,10.0,63280,0.05,6328,-0.5775000000000001,178,0.15507665276527405,0.001,15569
354,10.0,63320,0.05,6332,-0.71,178,0.16910046339035034,0.001,15579
354,10.0,63360,0.05,6336,-0.9165000000000001,178,0.1188383549451828,0.001,15589
354,10.0,63400,0.05,6340,-1.0510000000000002,179,0.14900238811969757,0.001,15599
353,10.0,63440,0.05,6344,-1.1835,179,0.12686990201473236,0.001,15609
353,10.0,63480,0.05,6348,-1.164,179,0.11287755519151688,0.001,15619
353,10.0,63520,0.05,6352,-1.1340000000000001,179,0.12041547149419785,0.001,15629
353,10.0,63560,0.05,6356,-1.0905000000000002,179,0.11462659388780594,0.001,15639
353,10.0,63600,0.05,6360,-1.0555,179,0.19107656180858612,0.001,15649
353,10.0,63640,0.05,6364,-0.8785,180,0.07882082462310791,0.001,15659
353,10.0,63680,0.05,6368,-0.9529999999999998,180,0.1173429936170578,0.001,15669
353,10.0,63720,0.05,6372,-1.075,180,0.15085101127624512,0.001,15679
353,10.0,63760,0.05,6376,-1.0815,180,0.1078864187002182,0.001,15689
353,10.0,63800,0.05,6380,-1.1275000000000002,180,0.11173976957798004,0.001,15699
353,10.0,63840,0.05,6384,-1.099,180,0.13053853809833527,0.001,15709
353,10.0,63880,0.05,6388,-1.1945000000000001,180,0.14897839725017548,0.001,15719
353,10.0,63920,0.05,6392,-1.303,180,0.11521527171134949,0.001,15729
353,10.0,63960,0.05,6396,-1.2990000000000002,181,0.09730816632509232,0.001,15739
353,10.0,64000,0.05,6400,-1.2885,181,0.1060580238699913,0.001,15749
353,10.0,64040,0.05,6404,-1.306,181,0.08559801429510117,0.001,15759
353,10.0,64080,0.05,6408,-1.2209999999999999,181,0.27275434136390686,0.001,15769
352,10.0,64120,0.05,6412,-1.1249999999999998,181,0.06492312252521515,0.001,15779
352,10.0,64160,0.05,6416,-1.0625,181,0.08369934558868408,0.001,15789
352,10.0,64200,0.05,6420,-1.0165,181,0.1424977332353592,0.001,15799
352,10.0,64240,0.05,6424,-0.9584999999999999,182,0.2149767428636551,0.001,15809
352,10.0,64280,0.05,6428,-0.8575,182,0.20568661391735077,0.001,15819
352,10.0,64320,0.05,6432,-0.7304999999999998,182,0.16141857206821442,0.001,15829
352,10.0,64360,0.05,6436,-0.39149999999999996,182,0.11892332881689072,0.001,15839
352,10.0,64400,0.05,6440,-0.24400000000000002,182,0.10339608788490295,0.001,15849
352,10.0,64440,0.05,6444,-0.05000000000000002,182,0.09277840703725815,0.001,15859
352,10.0,64480,0.05,6448,-0.07650000000000004,182,0.10773787647485733,0.001,15869
352,10.0,64520,0.05,6452,-0.048,182,0.07839033007621765,0.001,15879
352,10.0,64560,0.05,6456,-0.047499999999999966,183,0.13075882196426392,0.001,15889
352,10.0,64600,0.05,6460,-0.06199999999999995,183,0.0756799578666687,0.001,15899
352,10.0,64640,0.05,6464,-0.1925,183,0.12239573895931244,0.001,15909
352,10.0,64680,0.05,6468,-0.10900000000000007,183,0.11535616964101791,0.001,15919
352,10.0,64720,0.05,6472,-0.049000000000000064,183,0.06453827023506165,0.001,15929
352,10.0,64760,0.05,6476,-0.033499999999999995,183,0.27676743268966675,0.001,15939
352,10.0,64800,0.05,6480,-0.06799999999999995,183,0.0923941358923912,0.001,15949
352,10.0,64840,0.05,6484,-0.16949999999999993,183,0.27944257855415344,0.001,15959
352,10.0,64880,0.05,6488,-0.18249999999999994,183,0.1387418955564499,0.001,15969
352,10.0,64920,0.05,6492,-0.19749999999999993,183,0.11382704228162766,0.001,15979
352,10.0,64960,0.05,6496,-0.25949999999999995,184,0.22343555092811584,0.001,15989
352,10.0,65000,0.05,6500,-0.38,184,0.12823842465877533,0.001,15999
352,10.0,65040,0.05,6504,-0.44549999999999995,184,0.18272244930267334,0.001,16009
352,10.0,65080,0.05,6508,-0.39849999999999997,184,0.13161154091358185,0.001,16019
352,10.0,65120,0.05,6512,-0.5055000000000001,184,0.13650794327259064,0.001,16029
352,10.0,65160,0.05,6516,-0.4979999999999999,184,0.10778746753931046,0.001,16039
352,10.0,65200,0.05,6520,-0.6219999999999999,184,0.07398083806037903,0.001,16049
352,10.0,65240,0.05,6524,-0.7140000000000002,184,0.13570280373096466,0.001,16059
353,10.0,65280,0.05,6528,-0.8064999999999999,184,0.08062319457530975,0.001,16069
353,10.0,65320,0.05,6532,-0.8230000000000001,185,0.0944400355219841,0.001,16079
353,10.0,65360,0.05,6536,-0.9425000000000001,185,0.09359969943761826,0.001,16089
353,10.0,65400,0.05,6540,-1.0135,185,0.08932855725288391,0.001,16099
353,10.0,65440,0.05,6544,-1.098,185,0.0689697116613388,0.001,16109
353,10.0,65480,0.05,6548,-1.031,185,0.0835084319114685,0.001,16119
353,10.0,65520,0.05,6552,-1.033,185,0.09994698315858841,0.001,16129
353,10.0,65560,0.05,6556,-1.0875000000000001,185,0.304709792137146,0.001,16139
353,10.0,65600,0.05,6560,-1.078,185,0.1007930114865303,0.001,16149
353,10.0,65640,0.05,6564,-1.0705,185,0.0804092139005661,0.001,16159
353,10.0,65680,0.05,6568,-1.1660000000000001,185,0.08303175866603851,0.001,16169
353,10.0,65720,0.05,6572,-1.0365,186,0.14535170793533325,0.001,16179
353,10.0,65760,0.05,6576,-1.04,186,0.09871150553226471,0.001,16189
353,10.0,65800,0.05,6580,-1.0165,186,0.0909074991941452,0.001,16199
353,10.0,65840,0.05,6584,-0.9605,186,0.10449273139238358,0.001,16209
353,10.0,65880,0.05,6588,-0.9840000000000001,186,0.13821589946746826,0.001,16219
353,10.0,65920,0.05,6592,-0.8275,186,0.08017998188734055,0.001,16229
353,10.0,65960,0.05,6596,-0.867,186,0.06825210154056549,0.001,16239
352,10.0,66000,0.05,6600,-0.7805000000000001,187,0.1395566761493683,0.001,16249
352,10.0,66040,0.05,6604,-0.7745000000000001,187,0.08590824902057648,0.001,16259
352,10.0,66080,0.05,6608,-0.799,187,0.12375007569789886,0.001,16269
352,10.0,66120,0.05,6612,-0.7600000000000001,187,0.0677923634648323,0.001,16279
352,10.0,66160,0.05,6616,-0.8190000000000001,187,0.0852290689945221,0.001,16289
352,10.0,66200,0.05,6620,-0.7855,187,0.11415575444698334,0.001,16299
352,10.0,66240,0.05,6624,-0.8550000000000001,187,0.11951950192451477,0.001,16309
352,10.0,66280,0.05,6628,-0.8315,188,0.09902109205722809,0.001,16319
352,10.0,66320,0.05,6632,-0.8200000000000002,188,0.09580014646053314,0.001,16329
352,10.0,66360,0.05,6636,-0.7995,188,0.09439265727996826,0.001,16339
352,10.0,66400,0.05,6640,-0.6200000000000001,188,0.21480387449264526,0.001,16349
352,10.0,66440,0.05,6644,-0.5790000000000001,188,0.1398533582687378,0.001,16359
352,10.0,66480,0.05,6648,-0.5269999999999999,188,0.141619011759758,0.001,16369
352,10.0,66520,0.05,6652,-0.585,188,0.2057967483997345,0.001,16379
352,10.0,66560,0.05,6656,-0.534,188,0.07545382529497147,0.001,16389
352,10.0,66600,0.05,6660,-0.5960000000000001,188,0.06215286999940872,0.001,16399
352,10.0,66640,0.05,6664,-0.6005,188,0.10393430292606354,0.001,16409
352,10.0,66680,0.05,6668,-0.5545,189,0.09022517502307892,0.001,16419
352,10.0,66720,0.05,6672,-0.6769999999999999,189,0.08281589299440384,0.001,16429
352,10.0,66760,0.05,6676,-0.6465000000000001,189,0.07800654321908951,0.001,16439
352,10.0,66800,0.05,6680,-0.5999999999999999,189,0.19963659346103668,0.001,16449
352,10.0,66840,0.05,6684,-0.6075,189,0.09273607283830643,0.001,16459
352,10.0,66880,0.05,6688,-0.51,189,0.12052011489868164,0.001,16469
352,10.0,66920,0.05,6692,-0.63,189,0.10174579918384552,0.001,16479
352,10.0,66960,0.05,6696,-0.6035,190,0.10025183856487274,0.001,16489
351,10.0,67000,0.05,6700,-0.6104999999999999,190,0.13012900948524475,0.001,16499
351,10.0,67040,0.05,6704,-0.586,190,0.16915568709373474,0.001,16509
351,10.0,67080,0.05,6708,-0.575,190,0.14557534456253052,0.001,16519
351,10.0,67120,0.05,6712,-0.4910000000000001,190,0.06262725591659546,0.001,16529
351,10.0,67160,0.05,6716,-0.4585,190,0.09816716611385345,0.001,16539
351,10.0,67200,0.05,6720,-0.3295,191,0.18657872080802917,0.001,16549
351,10.0,67240,0.05,6724,-0.1985,191,0.12712374329566956,0.001,16559
351,10.0,67280,0.05,6728,-0.22149999999999997,191,0.07623045146465302,0.001,16569
351,10.0,67320,0.05,6732,-0.15999999999999998,191,0.15711554884910583,0.001,16579
351,10.0,67360,0.05,6736,-0.1285,191,0.160166397690773,0.001,16589
351,10.0,67400,0.05,6740,-0.201,191,0.190169095993042,0.001,16599
351,10.0,67440,0.05,6744,-0.2815000000000001,191,0.12521620094776154,0.001,16609
351,10.0,67480,0.05,6748,-0.2850000000000001,192,0.09821166098117828,0.001,16619
351,10.0,67520,0.05,6752,-0.2925000000000001,192,0.09159521758556366,0.001,16629
351,10.0,67560,0.05,6756,-0.22049999999999997,192,0.07728312909603119,0.001,16639
351,10.0,67600,0.05,6760,-0.17799999999999994,192,0.16677510738372803,0.001,16649
351,10.0,67640,0.05,6764,-0.09599999999999997,192,0.07364483177661896,0.001,16659
351,10.0,67680,0.05,6768,-0.066,192,0.09781429171562195,0.001,16669
351,10.0,67720,0.05,6772,-0.14800000000000002,192,0.20655220746994019,0.001,16679
351,10.0,67760,0.05,6776,-0.1825,192,0.09378664195537567,0.001,16689
351,10.0,67800,0.05,6780,-0.111,193,0.16727828979492188,0.001,16699
351,10.0,67840,0.05,6784,-0.11099999999999997,193,0.3148694932460785,0.001,16709
351,10.0,67880,0.05,6788,-0.1475,193,0.11172248423099518,0.001,16719
351,10.0,67920,0.05,6792,-0.32949999999999996,193,0.2550319731235504,0.001,16729
351,10.0,67960,0.05,6796,-0.348,193,0.10206899046897888,0.001,16739
350,10.0,68000,0.05,6800,-0.31799999999999995,193,0.08988486230373383,0.001,16749
350,10.0,68040,0.05,6804,-0.259,194,0.07684323191642761,0.001,16759
350,10.0,68080,0.05,6808,-0.306,194,0.10900720953941345,0.001,16769
350,10.0,68120,0.05,6812,-0.35999999999999993,194,0.09446823596954346,0.001,16779
349,10.0,68160,0.05,6816,-0.35200000000000004,194,0.12345903366804123,0.001,16789
349,10.0,68200,0.05,6820,-0.48149999999999993,195,0.08781015872955322,0.001,16799
349,10.0,68240,0.05,6824,-0.5794999999999999,195,0.06949187815189362,0.001,16809
348,10.0,68280,0.05,6828,-0.5414999999999999,195,0.1884145438671112,0.001,16819
348,10.0,68320,0.05,6832,-0.576,196,0.1248018890619278,0.001,16829
348,10.0,68360,0.05,6836,-0.6355000000000001,196,0.08053138852119446,0.001,16839
347,10.0,68400,0.05,6840,-0.6515000000000001,196,0.12608619034290314,0.001,16849
347,10.0,68440,0.05,6844,-0.617,197,0.07674221694469452,0.001,16859
344,10.0,68480,0.05,6848,-0.779,199,0.07768429815769196,0.001,16869
342,10.0,68520,0.05,6852,-0.6354999999999998,200,0.09002158045768738,0.001,16879
341,10.0,68560,0.05,6856,-0.6459999999999999,200,0.11923719197511673,0.001,16889
341,10.0,68600,0.05,6860,-0.5775000000000001,200,0.09921100735664368,0.001,16899
341,10.0,68640,0.05,6864,-0.573,200,0.1638614386320114,0.001,16909
341,10.0,68680,0.05,6868,-0.5265,201,0.0875832736492157,0.001,16919
341,10.0,68720,0.05,6872,-0.4855,201,0.09416081756353378,0.001,16929
341,10.0,68760,0.05,6876,-0.5145,201,0.08643360435962677,0.001,16939
341,10.0,68800,0.05,6880,-0.5695,201,0.11650650203227997,0.001,16949
340,10.0,68840,0.05,6884,-0.5429999999999998,202,0.08100625872612,0.001,16959
340,10.0,68880,0.05,6888,-0.504,202,0.2436816692352295,0.001,16969
340,10.0,68920,0.05,6892,-0.17250000000000004,202,0.07798932492733002,0.001,16979
340,10.0,68960,0.05,6896,-0.0855,202,0.10023999214172363,0.001,16989
340,10.0,69000,0.05,6900,-0.11349999999999998,202,0.11670403927564621,0.001,16999
339,10.0,69040,0.05,6904,-0.16649999999999995,203,0.1002551019191742,0.001,17009
339,10.0,69080,0.05,6908,-0.12649999999999995,203,0.1170998066663742,0.001,17019
339,10.0,69120,0.05,6912,-0.09949999999999999,203,0.1823231726884842,0.001,17029
339,10.0,69160,0.05,6916,-0.07899999999999997,203,0.10658968985080719,0.001,17039
339,10.0,69200,0.05,6920,-0.02049999999999993,203,0.10046184808015823,0.001,17049
339,10.0,69240,0.05,6924,0.013500000000000068,203,0.0789710059762001,0.001,17059
339,10.0,69280,0.05,6928,0.03800000000000006,203,0.11428885161876678,0.001,17069
339,10.0,69320,0.05,6932,0.034000000000000044,204,0.0846172571182251,0.001,17079
339,10.0,69360,0.05,6936,0.166,204,0.09948915988206863,0.001,17089
339,10.0,69400,0.05,6940,0.22149999999999997,204,0.15632101893424988,0.001,17099
339,10.0,69440,0.05,6944,0.1965,204,0.11370068788528442,0.001,17109
339,10.0,69480,0.05,6948,0.361,204,0.15376564860343933,0.001,17119
339,10.0,69520,0.05,6952,0.291,204,0.09505423903465271,0.001,17129
339,10.0,69560,0.05,6956,0.26599999999999996,205,0.1221158355474472,0.001,17139
338,10.0,69600,0.05,6960,0.18299999999999997,205,0.14955660700798035,0.001,17149
338,10.0,69640,0.05,6964,0.13899999999999998,205,0.22054876387119293,0.001,17159
338,10.0,69680,0.05,6968,0.1519999999999999,205,0.09303052723407745,0.001,17169
338,10.0,69720,0.05,6972,0.18549999999999997,206,0.08975505828857422,0.001,17179
338,10.0,69760,0.05,6976,0.187,206,0.13569432497024536,0.001,17189
338,10.0,69800,0.05,6980,0.1965,206,0.05800608545541763,0.001,17199
338,10.0,69840,0.05,6984,0.18899999999999997,206,0.13795188069343567,0.001,17209
338,10.0,69880,0.05,6988,0.13799999999999993,206,0.0915900394320488,0.001,17219
338,10.0,69920,0.05,6992,0.05699999999999996,206,0.09191752970218658,0.001,17229
338,10.0,69960,0.05,6996,0.05799999999999997,206,0.09801964461803436,0.001,17239
338,10.0,70000,0.05,7000,0.0665,207,0.07857837527990341,0.001,17249
338,10.0,70040,0.05,7004,0.1845,207,0.11764493584632874,0.001,17259
338,10.0,70080,0.05,7008,0.14500000000000005,207,0.0796465054154396,0.001,17269
338,10.0,70120,0.05,7012,0.05250000000000002,207,0.08299556374549866,0.001,17279
338,10.0,70160,0.05,7016,-0.09799999999999998,207,0.13236497342586517,0.001,17289
338,10.0,70200,0.05,7020,-0.12800000000000006,207,0.15316353738307953,0.001,17299
338,10.0,70240,0.05,7024,-0.11400000000000002,207,0.16075700521469116,0.001,17309
338,10.0,70280,0.05,7028,-0.18249999999999997,207,0.11159281432628632,0.001,17319
338,10.0,70320,0.05,7032,-0.18149999999999994,208,0.12175869196653366,0.001,17329
337,10.0,70360,0.05,7036,-0.2785,208,0.13118427991867065,0.001,17339
337,10.0,70400,0.05,7040,-0.3605,208,0.12205369025468826,0.001,17349
337,10.0,70440,0.05,7044,-0.3095,208,0.08945819735527039,0.001,17359
337,10.0,70480,0.05,7048,-0.34299999999999997,208,0.08598892390727997,0.001,17369
337,10.0,70520,0.05,7052,-0.3779999999999999,208,0.0807126834988594,0.001,17379
337,10.0,70560,0.05,7056,-0.54,208,0.1229793056845665,0.001,17389
337,10.0,70600,0.05,7060,-0.5545000000000001,209,0.134060338139534,0.001,17399
337,10.0,70640,0.05,7064,-0.4960000000000001,209,0.07365907728672028,0.001,17409
337,10.0,70680,0.05,7068,-0.6475,209,0.16470330953598022,0.001,17419
337,10.0,70720,0.05,7072,-0.653,209,0.12465007603168488,0.001,17429
337,10.0,70760,0.05,7076,-0.6415,209,0.09015649557113647,0.001,17439
337,10.0,70800,0.05,7080,-0.5519999999999999,210,0.09097389131784439,0.001,17449
336,10.0,70840,0.05,7084,-0.5485,210,0.24586984515190125,0.001,17459
336,10.0,70880,0.05,7088,-0.5495,210,0.10154546797275543,0.001,17469
336,10.0,70920,0.05,7092,-0.5225000000000001,210,0.18890295922756195,0.001,17479
336,10.0,70960,0.05,7096,-0.5149999999999999,210,0.07359296828508377,0.001,17489
336,10.0,71000,0.05,7100,-0.44299999999999995,211,0.10510167479515076,0.001,17499
336,10.0,71040,0.05,7104,-0.5505,211,0.1144745871424675,0.001,17509
335,10.0,71080,0.05,7108,-0.528,211,0.22495082020759583,0.001,17519
335,10.0,71120,0.05,7112,-0.43800000000000006,211,0.11443354934453964,0.001,17529
335,10.0,71160,0.05,7116,-0.24,212,0.09859726577997208,0.001,17539
335,10.0,71200,0.05,7120,-0.20400000000000001,212,0.07097116857767105,0.001,17549
335,10.0,71240,0.05,7124,-0.179,212,0.10140667855739594,0.001,17559
334,10.0,71280,0.05,7128,-0.03200000000000001,212,0.06999813765287399,0.001,17569
334,10.0,71320,0.05,7132,-0.03249999999999998,213,0.2801610827445984,0.001,17579
334,10.0,71360,0.05,7136,0.02100000000000005,213,0.18356727063655853,0.001,17589
334,10.0,71400,0.05,7140,0.08500000000000003,213,0.08115317672491074,0.001,17599
334,10.0,71440,0.05,7144,0.12,213,0.08564399182796478,0.001,17609
334,10.0,71480,0.05,7148,0.13749999999999996,213,0.29551079869270325,0.001,17619
334,10.0,71520,0.05,7152,0.15700000000000003,214,0.08504001051187515,0.001,17629
334,10.0,71560,0.05,7156,0.3455,214,0.15921270847320557,0.001,17639
334,10.0,71600,0.05,7160,0.3764999999999999,214,0.08752433955669403,0.001,17649
334,10.0,71640,0.05,7164,0.34600000000000003,214,0.20348577201366425,0.001,17659
334,10.0,71680,0.05,7168,0.4435,214,0.07138724625110626,0.001,17669
334,10.0,71720,0.05,7172,0.42649999999999993,214,0.08712159097194672,0.001,17679
334,10.0,71760,0.05,7176,0.4705,214,0.11202987283468246,0.001,17689
333,10.0,71800,0.05,7180,0.4575000000000001,215,0.24734345078468323,0.001,17699
333,10.0,71840,0.05,7184,0.47,215,0.09938040375709534,0.001,17709
333,10.0,71880,0.05,7188,0.5485,215,0.11050297319889069,0.001,17719
333,10.0,71920,0.05,7192,0.5155000000000001,215,0.04181182011961937,0.001,17729
333,10.0,71960,0.05,7196,0.3615,215,0.07815048098564148,0.001,17739
333,10.0,72000,0.05,7200,0.3295,216,0.12038405239582062,0.001,17749
332,10.0,72040,0.05,7204,0.332,216,0.10221590101718903,0.001,17759
332,10.0,72080,0.05,7208,0.27249999999999996,216,0.07362310588359833,0.001,17769
332,10.0,72120,0.05,7212,0.18700000000000003,216,0.14179456233978271,0.001,17779
332,10.0,72160,0.05,7216,0.08149999999999996,217,0.09769018739461899,0.001,17789
332,10.0,72200,0.05,7220,0.10300000000000002,217,0.08942145109176636,0.001,17799
332,10.0,72240,0.05,7224,0.044500000000000026,217,0.1549626588821411,0.001,17809
332,10.0,72280,0.05,7228,-0.0695,217,0.07254435122013092,0.001,17819
332,10.0,72320,0.05,7232,-0.06200000000000005,217,0.1128222718834877,0.001,17829
332,10.0,72360,0.05,7236,-0.08350000000000003,217,0.07390475273132324,0.001,17839
331,10.0,72400,0.05,7240,-0.1335,218,0.09173434972763062,0.001,17849
331,10.0,72440,0.05,7244,-0.12700000000000003,218,0.08725867420434952,0.001,17859
331,10.0,72480,0.05,7248,-0.09900000000000003,218,0.1354292780160904,0.001,17869
331,10.0,72520,0.05,7252,-0.12050000000000004,218,0.08758525550365448,0.001,17879
331,10.0,72560,0.05,7256,-0.26850000000000007,218,0.10647305846214294,0.001,17889
331,10.0,72600,0.05,7260,-0.24450000000000002,219,0.10316935181617737,0.001,17899
331,10.0,72640,0.05,7264,-0.24950000000000006,219,0.0979096069931984,0.001,17909
331,10.0,72680,0.05,7268,-0.18200000000000002,219,0.08459948003292084,0.001,17919
330,10.0,72720,0.05,7272,-0.1065,219,0.09719078987836838,0.001,17929
330,10.0,72760,0.05,7276,-0.1885,219,0.07311423867940903,0.001,17939
330,10.0,72800,0.05,7280,-0.21999999999999992,219,0.10024064779281616,0.001,17949
330,10.0,72840,0.05,7284,-0.2879999999999999,220,0.08756432682275772,0.001,17959
330,10.0,72880,0.05,7288,-0.3115,220,0.2373531311750412,0.001,17969
330,10.0,72920,0.05,7292,-0.36999999999999994,220,0.10617473721504211,0.001,17979
330,10.0,72960,0.05,7296,-0.25500000000000006,220,0.17170263826847076,0.001,17989
330,10.0,73000,0.05,7300,-0.3610000000000001,220,0.08866782486438751,0.001,17999
330,10.0,73040,0.05,7304,-0.34449999999999986,220,0.06013839319348335,0.001,18009
330,10.0,73080,0.05,7308,-0.2845000000000001,221,0.0695948451757431,0.001,18019
330,10.0,73120,0.05,7312,-0.2125,221,0.2350240796804428,0.001,18029
330,10.0,73160,0.05,7316,-0.20999999999999996,221,0.3630938231945038,0.001,18039
330,10.0,73200,0.05,7320,-0.19149999999999995,221,0.18528145551681519,0.001,18049
330,10.0,73240,0.05,7324,-0.09800000000000005,221,0.2740640640258789,0.001,18059
330,10.0,73280,0.05,7328,-0.08050000000000007,221,0.09032218903303146,0.001,18069
330,10.0,73320,0.05,7332,-0.045000000000000054,222,0.07289828360080719,0.001,18079
330,10.0,73360,0.05,7336,-0.09250000000000005,222,0.08127716183662415,0.001,18089
330,10.0,73400,0.05,7340,-0.07150000000000006,222,0.08594353497028351,0.001,18099
329,10.0,73440,0.05,7344,-0.11250000000000002,222,0.07674850523471832,0.001,18109
329,10.0,73480,0.05,7348,-0.17650000000000005,222,0.1391475647687912,0.001,18119
329,10.0,73520,0.05,7352,-0.2035,222,0.07859959453344345,0.001,18129
329,10.0,73560,0.05,7356,-0.11299999999999999,223,0.12268076092004776,0.001,18139
329,10.0,73600,0.05,7360,-0.16949999999999998,223,0.14811010658740997,0.001,18149
329,10.0,73640,0.05,7364,-0.1505,223,0.10028806328773499,0.001,18159
329,10.0,73680,0.05,7368,-0.22799999999999992,223,0.14377596974372864,0.001,18169
329,10.0,73720,0.05,7372,-0.196,223,0.10409742593765259,0.001,18179
329,10.0,73760,0.05,7376,-0.15450000000000003,223,0.2273479700088501,0.001,18189
329,10.0,73800,0.05,7380,-0.18599999999999997,224,0.1047375351190567,0.001,18199
329,10.0,73840,0.05,7384,-0.1035,224,0.09674949944019318,0.001,18209
329,10.0,73880,0.05,7388,-0.17649999999999996,224,0.07352536916732788,0.001,18219
329,10.0,73920,0.05,7392,-0.111,224,0.10627609491348267,0.001,18229
328,10.0,73960,0.05,7396,-0.07250000000000004,224,0.08722338825464249,0.001,18239
328,10.0,74000,0.05,7400,-0.007000000000000015,225,0.07689303159713745,0.001,18249
327,10.0,74040,0.05,7404,-0.024499999999999997,225,0.09978899359703064,0.001,18259
327,10.0,74080,0.05,7408,0.026500000000000003,226,0.125472292304039,0.001,18269
326,10.0,74120,0.05,7412,0.08399999999999999,226,0.08081942796707153,0.001,18279
325,10.0,74160,0.05,7416,0.12499999999999996,227,0.10618647187948227,0.001,18289
325,10.0,74200,0.05,7420,0.09249999999999999,227,0.13630881905555725,0.001,18299
325,10.0,74240,0.05,7424,0.03299999999999999,228,0.19477099180221558,0.001,18309
325,10.0,74280,0.05,7428,0.00899999999999997,228,0.09894342720508575,0.001,18319
324,10.0,74320,0.05,7432,-0.02100000000000002,229,0.23641088604927063,0.001,18329
323,10.0,74360,0.05,7436,-0.010000000000000014,229,0.10542619228363037,0.001,18339
323,10.0,74400,0.05,7440,-0.001500000000000034,230,0.07672382891178131,0.001,18349
323,10.0,74440,0.05,7444,0.018499999999999975,230,0.07463385164737701,0.001,18359
322,10.0,74480,0.05,7448,0.084,230,0.09249837696552277,0.001,18369
322,10.0,74520,0.05,7452,0.09550000000000003,230,0.08424960821866989,0.001,18379
322,10.0,74560,0.05,7456,0.10600000000000001,231,0.09570012986660004,0.001,18389
322,10.0,74600,0.05,7460,0.10200000000000004,231,0.08816666156053543,0.001,18399
322,10.0,74640,0.05,7464,0.08950000000000005,231,0.08006127178668976,0.001,18409
322,10.0,74680,0.05,7468,0.15350000000000005,231,0.10244108736515045,0.001,18419
322,10.0,74720,0.05,7472,0.004000000000000012,231,0.09505630284547806,0.001,18429
322,10.0,74760,0.05,7476,-0.0685,231,0.07408478111028671,0.001,18439
322,10.0,74800,0.05,7480,-0.10850000000000003,231,0.08144751191139221,0.001,18449
322,10.0,74840,0.05,7484,-0.18050000000000005,232,0.26524507999420166,0.001,18459
322,10.0,74880,0.05,7488,-0.12200000000000001,232,0.14450831711292267,0.001,18469
321,10.0,74920,0.05,7492,-0.11549999999999998,232,0.09187568724155426,0.001,18479
321,10.0,74960,0.05,7496,-0.16899999999999998,232,0.09346681088209152,0.001,18489
321,10.0,75000,0.05,7500,-0.13450000000000004,233,0.09798501431941986,0.001,18499
321,10.0,75040,0.05,7504,-0.12400000000000003,233,0.0824401006102562,0.001,18509
321,10.0,75080,0.05,7508,-0.15549999999999997,233,0.08770529180765152,0.001,18519
321,10.0,75120,0.05,7512,-0.185,233,0.07976191490888596,0.001,18529
321,10.0,75160,0.05,7516,-0.08399999999999996,233,0.08351503312587738,0.001,18539
321,10.0,75200,0.05,7520,-0.09949999999999991,233,0.07369969040155411,0.001,18549
321,10.0,75240,0.05,7524,-0.055499999999999966,233,0.21175190806388855,0.001,18559
321,10.0,75280,0.05,7528,-0.07150000000000001,233,0.11266648769378662,0.001,18569
321,10.0,75320,0.05,7532,-0.0975,234,0.10760641098022461,0.001,18579
321,10.0,75360,0.05,7536,-0.02499999999999998,234,0.17793387174606323,0.001,18589
321,10.0,75400,0.05,7540,-0.11549999999999998,234,0.13333338499069214,0.001,18599
321,10.0,75440,0.05,7544,-0.23349999999999999,234,0.08816252648830414,0.001,18609
321,10.0,75480,0.05,7548,-0.29600000000000004,234,0.10102425515651703,0.001,18619
321,10.0,75520,0.05,7552,-0.2415,234,0.0823584794998169,0.001,18629
321,10.0,75560,0.05,7556,-0.26899999999999996,235,0.0783897265791893,0.001,18639
321,10.0,75600,0.05,7560,-0.2165,235,0.12851348519325256,0.001,18649
321,10.0,75640,0.05,7564,-0.20949999999999996,235,0.32306379079818726,0.001,18659
321,10.0,75680,0.05,7568,-0.24400000000000002,235,0.10274054110050201,0.001,18669
321,10.0,75720,0.05,7572,-0.19649999999999998,235,0.13212426006793976,0.001,18679
321,10.0,75760,0.05,7576,-0.17950000000000002,235,0.09121176600456238,0.001,18689
321,10.0,75800,0.05,7580,-0.09,235,0.13303546607494354,0.001,18699
321,10.0,75840,0.05,7584,-0.11850000000000004,235,0.08512337505817413,0.001,18709
321,10.0,75880,0.05,7588,-0.13449999999999998,236,0.08043315261602402,0.001,18719
321,10.0,75920,0.05,7592,-0.08999999999999998,236,0.07579614222049713,0.001,18729
321,10.0,75960,0.05,7596,-0.073,236,0.12428834289312363,0.001,18739
321,10.0,76000,0.05,7600,-0.05049999999999998,236,0.1137901097536087,0.001,18749
321,10.0,76040,0.05,7604,-0.072,236,0.08082819730043411,0.001,18759
321,10.0,76080,0.05,7608,-0.09749999999999998,236,0.09821755439043045,0.001,18769
321,10.0,76120,0.05,7612,-0.11,236,0.10521509498357773,0.001,18779
321,10.0,76160,0.05,7616,-0.20050000000000004,237,0.12331841140985489,0.001,18789
321,10.0,76200,0.05,7620,-0.19349999999999995,237,0.1623142957687378,0.001,18799
321,10.0,76240,0.05,7624,-0.23450000000000004,237,0.11947494745254517,0.001,18809
321,10.0,76280,0.05,7628,-0.14150000000000004,237,0.08680864423513412,0.001,18819
321,10.0,76320,0.05,7632,-0.07349999999999998,237,0.10541757941246033,0.001,18829
321,10.0,76360,0.05,7636,-0.157,237,0.08775624632835388,0.001,18839
321,10.0,76400,0.05,7640,-0.10050000000000002,237,0.09225697815418243,0.001,18849
321,10.0,76440,0.05,7644,-0.04450000000000001,238,0.07464352995157242,0.001,18859
321,10.0,76480,0.05,7648,-0.04099999999999998,238,0.07929813861846924,0.001,18869
321,10.0,76520,0.05,7652,-0.11699999999999999,238,0.06625773757696152,0.001,18879
320,10.0,76560,0.05,7656,-0.053500000000000006,238,0.09337019920349121,0.001,18889
321,10.0,76600,0.05,7660,-0.10299999999999997,238,0.09094877541065216,0.001,18899
321,10.0,76640,0.05,7664,-0.23099999999999996,238,0.11274372041225433,0.001,18909
321,10.0,76680,0.05,7668,-0.23349999999999993,238,0.12947134673595428,0.001,18919
321,10.0,76720,0.05,7672,-0.12300000000000004,238,0.1551913470029831,0.001,18929
321,10.0,76760,0.05,7676,-0.07650000000000005,239,0.15400969982147217,0.001,18939
321,10.0,76800,0.05,7680,-0.1885,239,0.09175995737314224,0.001,18949
321,10.0,76840,0.05,7684,-0.23800000000000002,239,0.0910540372133255,0.001,18959
321,10.0,76880,0.05,7688,-0.23049999999999998,239,0.07738742232322693,0.001,18969
321,10.0,76920,0.05,7692,-0.292,239,0.10177313536405563,0.001,18979
321,10.0,76960,0.05,7696,-0.3145,239,0.10552048683166504,0.001,18989
321,10.0,77000,0.05,7700,-0.39649999999999996,239,0.2753562033176422,0.001,18999
321,10.0,77040,0.05,7704,-0.37849999999999995,239,0.2454901933670044,0.001,19009
321,10.0,77080,0.05,7708,-0.2904999999999999,240,0.09676368534564972,0.001,19019
321,10.0,77120,0.05,7712,-0.32299999999999995,240,0.1323380023241043,0.001,19029
321,10.0,77160,0.05,7716,-0.2845,240,0.09591059386730194,0.001,19039
321,10.0,77200,0.05,7720,-0.21949999999999995,240,0.07621172815561295,0.001,19049
321,10.0,77240,0.05,7724,-0.20449999999999996,240,0.07801001518964767,0.001,19059
321,10.0,77280,0.05,7728,-0.2815,240,0.0898895338177681,0.001,19069
321,10.0,77320,0.05,7732,-0.39299999999999996,240,0.0870378315448761,0.001,19079
321,10.0,77360,0.05,7736,-0.39799999999999996,240,0.1339731514453888,0.001,19089
321,10.0,77400,0.05,7740,-0.28,240,0.09963463246822357,0.001,19099
321,10.0,77440,0.05,7744,-0.21799999999999994,241,0.10245312005281448,0.001,19109
321,10.0,77480,0.05,7748,-0.149,241,0.07972992956638336,0.001,19119
321,10.0,77520,0.05,7752,-0.08149999999999996,241,0.06271032989025116,0.001,19129
321,10.0,77560,0.05,7756,-0.06649999999999999,241,0.10445785522460938,0.001,19139
321,10.0,77600,0.05,7760,-0.07150000000000004,241,0.09715721011161804,0.001,19149
321,10.0,77640,0.05,7764,0.04549999999999993,241,0.15083633363246918,0.001,19159
321,10.0,77680,0.05,7768,0.05499999999999991,241,0.09750506281852722,0.001,19169
320,10.0,77720,0.05,7772,0.05749999999999991,242,0.07684655487537384,0.001,19179
320,10.0,77760,0.05,7776,0.1409999999999999,242,0.09184889495372772,0.001,19189
319,10.0,77800,0.05,7780,0.22349999999999995,243,0.10414335876703262,0.001,19199
319,10.0,77840,0.05,7784,0.16899999999999998,243,0.14213405549526215,0.001,19209
319,10.0,77880,0.05,7788,0.12949999999999995,244,0.10714459419250488,0.001,19219
318,10.0,77920,0.05,7792,0.182,244,0.09608076512813568,0.001,19229
318,10.0,77960,0.05,7796,0.22649999999999998,244,0.0815434604883194,0.001,19239
317,10.0,78000,0.05,7800,0.257,245,0.08268451690673828,0.001,19249
317,10.0,78040,0.05,7804,0.22149999999999997,245,0.07076172530651093,0.001,19259
317,10.0,78080,0.05,7808,0.087,245,0.0870182067155838,0.001,19269
316,10.0,78120,0.05,7812,0.12299999999999996,246,0.10296911001205444,0.001,19279
316,10.0,78160,0.05,7816,0.1075,246,0.09873290359973907,0.001,19289
316,10.0,78200,0.05,7820,0.020999999999999974,247,0.09092120826244354,0.001,19299
316,10.0,78240,0.05,7824,0.07449999999999997,247,0.15855970978736877,0.001,19309
316,10.0,78280,0.05,7828,0.1385,247,0.08610907942056656,0.001,19319
316,10.0,78320,0.05,7832,0.12400000000000004,247,0.09342904388904572,0.001,19329
316,10.0,78360,0.05,7836,0.16250000000000006,247,0.12491673231124878,0.001,19339
316,10.0,78400,0.05,7840,0.06200000000000001,247,0.1262224018573761,0.001,19349
316,10.0,78440,0.05,7844,0.057499999999999975,248,0.09252896904945374,0.001,19359
316,10.0,78480,0.05,7848,-0.01350000000000006,248,0.0989319384098053,0.001,19369
316,10.0,78520,0.05,7852,-0.03600000000000009,248,0.07346662133932114,0.001,19379
315,10.0,78560,0.05,7856,-0.16600000000000004,248,0.11174691468477249,0.001,19389
315,10.0,78600,0.05,7860,-0.12200000000000001,248,0.07233654707670212,0.001,19399
315,10.0,78640,0.05,7864,-0.14800000000000008,248,0.14114026725292206,0.001,19409
315,10.0,78680,0.05,7868,-0.17400000000000004,249,0.10035743564367294,0.001,19419
315,10.0,78720,0.05,7872,-0.243,249,0.11267505586147308,0.001,19429
315,10.0,78760,0.05,7876,-0.3895,249,0.17492137849330902,0.001,19439
315,10.0,78800,0.05,7880,-0.38050000000000006,249,0.07799483835697174,0.001,19449
315,10.0,78840,0.05,7884,-0.21850000000000003,249,0.0939207449555397,0.001,19459
315,10.0,78880,0.05,7888,-0.15600000000000008,249,0.08378753066062927,0.001,19469
315,10.0,78920,0.05,7892,-0.21900000000000006,250,0.06660047918558121,0.001,19479
315,10.0,78960,0.05,7896,-0.1985,250,0.0833175778388977,0.001,19489
315,10.0,79000,0.05,7900,-0.1045,250,0.0718366950750351,0.001,19499
315,10.0,79040,0.05,7904,-0.03799999999999998,250,0.07279974222183228,0.001,19509
314,10.0,79080,0.05,7908,0.05500000000000002,251,0.11061644554138184,0.001,19519
314,10.0,79120,0.05,7912,0.0059999999999999784,251,0.07906676828861237,0.001,19529
314,10.0,79160,0.05,7916,-0.06549999999999999,251,0.13407382369041443,0.001,19539
314,10.0,79200,0.05,7920,-0.03299999999999999,251,0.0871453806757927,0.001,19549
314,10.0,79240,0.05,7924,-0.03949999999999999,252,0.09405713528394699,0.001,19559
314,10.0,79280,0.05,7928,-0.0815,252,0.07295192778110504,0.001,19569
314,10.0,79320,0.05,7932,0.0425,252,0.0954299122095108,0.001,19579
314,10.0,79360,0.05,7936,-0.018499999999999996,252,0.07766489684581757,0.001,19589
313,10.0,79400,0.05,7940,-0.013500000000000014,252,0.07221823930740356,0.001,19599
313,10.0,79440,0.05,7944,-0.04249999999999999,253,0.10423056036233902,0.001,19609
313,10.0,79480,0.05,7948,-0.048499999999999995,253,0.16585864126682281,0.001,19619
313,10.0,79520,0.05,7952,0.003499999999999983,253,0.14408820867538452,0.001,19629
313,10.0,79560,0.05,7956,0.10549999999999997,253,0.08177753537893295,0.001,19639
313,10.0,79600,0.05,7960,0.095,253,0.08655577898025513,0.001,19649
313,10.0,79640,0.05,7964,0.08100000000000003,253,0.08555155247449875,0.001,19659
313,10.0,79680,0.05,7968,0.067,253,0.079808309674263,0.001,19669
313,10.0,79720,0.05,7972,0.04549999999999996,254,0.069810651242733,0.001,19679
313,10.0,79760,0.05,7976,0.07749999999999993,254,0.23889246582984924,0.001,19689
313,10.0,79800,0.05,7980,0.01049999999999997,254,0.09264810383319855,0.001,19699
313,10.0,79840,0.05,7984,0.037999999999999964,254,0.09798310697078705,0.001,19709
313,10.0,79880,0.05,7988,-0.03250000000000007,254,0.10531381517648697,0.001,19719
313,10.0,79920,0.05,7992,-0.10400000000000002,254,0.09639516472816467,0.001,19729
313,10.0,79960,0.05,7996,-0.196,254,0.09630050510168076,0.001,19739
313,10.0,80000,0.05,8000,-0.28550000000000003,255,0.09513124823570251,0.001,19749
313,10.0,80040,0.05,8004,-0.319,255,0.06640230864286423,0.001,19759
313,10.0,80080,0.05,8008,-0.3844999999999999,255,0.10206986963748932,0.001,19769
313,10.0,80120,0.05,8012,-0.38549999999999995,255,0.08687061071395874,0.001,19779
313,10.0,80160,0.05,8016,-0.39799999999999996,255,0.06922519207000732,0.001,19789
313,10.0,80200,0.05,8020,-0.44449999999999995,255,0.08141539245843887,0.001,19799
313,10.0,80240,0.05,8024,-0.4775000000000001,255,0.14406387507915497,0.001,19809
313,10.0,80280,0.05,8028,-0.518,256,0.10964032262563705,0.001,19819
313,10.0,80320,0.05,8032,-0.5660000000000001,256,0.08080160617828369,0.001,19829
313,10.0,80360,0.05,8036,-0.6025,256,0.0956835150718689,0.001,19839
313,10.0,80400,0.05,8040,-0.722,256,0.08726730197668076,0.001,19849
313,10.0,80440,0.05,8044,-0.6785,256,0.07898975908756256,0.001,19859
313,10.0,80480,0.05,8048,-0.711,256,0.0931784063577652,0.001,19869
313,10.0,80520,0.05,8052,-0.8474999999999998,256,0.1297796368598938,0.001,19879
313,10.0,80560,0.05,8056,-0.883,257,0.09243959933519363,0.001,19889
313,10.0,80600,0.05,8060,-0.8220000000000001,257,0.11461368948221207,0.001,19899
313,10.0,80640,0.05,8064,-0.8369999999999999,257,0.08912640064954758,0.001,19909
313,10.0,80680,0.05,8068,-0.7725000000000002,257,0.11664426326751709,0.001,19919
313,10.0,80720,0.05,8072,-0.807,257,0.08148946613073349,0.001,19929
313,10.0,80760,0.05,8076,-0.7445,257,0.1653917133808136,0.001,19939
313,10.0,80800,0.05,8080,-0.7420000000000002,257,0.09051968157291412,0.001,19949
313,10.0,80840,0.05,8084,-0.779,257,0.06427448987960815,0.001,19959
313,10.0,80880,0.05,8088,-0.7040000000000001,257,0.148579403758049,0.001,19969
313,10.0,80920,0.05,8092,-0.7239999999999999,258,0.09194731712341309,0.001,19979
313,10.0,80960,0.05,8096,-0.654,258,0.16395242512226105,0.001,19989
313,10.0,81000,0.05,8100,-0.6630000000000001,258,0.07820327579975128,0.001,19999
313,10.0,81040,0.05,8104,-0.6435,258,0.08482887595891953,0.001,20009
313,10.0,81080,0.05,8108,-0.6694999999999999,258,0.08633612841367722,0.001,20019
313,10.0,81120,0.05,8112,-0.5989999999999999,258,0.1154385507106781,0.001,20029
313,10.0,81160,0.05,8116,-0.5479999999999999,259,0.24509727954864502,0.001,20039
313,10.0,81200,0.05,8120,-0.4879999999999999,259,0.0674564465880394,0.001,20049
313,10.0,81240,0.05,8124,-0.4,259,0.11328981071710587,0.001,20059
313,10.0,81280,0.05,8128,-0.2995000000000001,259,0.12247910350561142,0.001,20069
313,10.0,81320,0.05,8132,-0.26649999999999996,259,0.08555185049772263,0.001,20079
312,10.0,81360,0.05,8136,-0.15350000000000003,260,0.09484465420246124,0.001,20089
312,10.0,81400,0.05,8140,0.06149999999999997,260,0.12015101313591003,0.001,20099
312,10.0,81440,0.05,8144,0.04999999999999998,260,0.0789397805929184,0.001,20109
312,10.0,81480,0.05,8148,0.07749999999999999,260,0.11542299389839172,0.001,20119
312,10.0,81520,0.05,8152,0.15500000000000003,260,0.10300245136022568,0.001,20129
312,10.0,81560,0.05,8156,0.04599999999999996,260,0.08605480939149857,0.001,20139
312,10.0,81600,0.05,8160,0.037000000000000005,261,0.10020308941602707,0.001,20149
312,10.0,81640,0.05,8164,-0.1025,261,0.10067857056856155,0.001,20159
312,10.0,81680,0.05,8168,-0.16450000000000004,261,0.08435523509979248,0.001,20169
312,10.0,81720,0.05,8172,-0.18000000000000005,261,0.09300149977207184,0.001,20179
312,10.0,81760,0.05,8176,-0.15599999999999997,261,0.0906146988272667,0.001,20189
312,10.0,81800,0.05,8180,-0.17299999999999993,261,0.08587506413459778,0.001,20199
312,10.0,81840,0.05,8184,-0.15999999999999995,261,0.1037234514951706,0.001,20209
312,10.0,81880,0.05,8188,-0.16949999999999996,261,0.09523423761129379,0.001,20219
312,10.0,81920,0.05,8192,-0.0030000000000000204,262,0.12052798271179199,0.001,20229
312,10.0,81960,0.05,8196,-0.03599999999999999,262,0.06392217427492142,0.001,20239
312,10.0,82000,0.05,8200,-0.09749999999999996,262,0.09655739367008209,0.001,20249
312,10.0,82040,0.05,8204,-0.061000000000000006,262,0.09268780052661896,0.001,20259
312,10.0,82080,0.05,8208,-0.032499999999999994,262,0.11729708313941956,0.001,20269
312,10.0,82120,0.05,8212,-0.07099999999999998,262,0.1523871123790741,0.001,20279
312,10.0,82160,0.05,8216,-0.10850000000000001,262,0.09240489453077316,0.001,20289
312,10.0,82200,0.05,8220,-0.1845,262,0.0963614284992218,0.001,20299
312,10.0,82240,0.05,8224,-0.20600000000000002,262,0.13454170525074005,0.001,20309
312,10.0,82280,0.05,8228,-0.23749999999999996,263,0.10369833558797836,0.001,20319
312,10.0,82320,0.05,8232,-0.252,263,0.0852908194065094,0.001,20329
312,10.0,82360,0.05,8236,-0.29800000000000004,263,0.17008015513420105,0.001,20339
312,10.0,82400,0.05,8240,-0.3279999999999999,263,0.10319481045007706,0.001,20349
312,10.0,82440,0.05,8244,-0.3165,263,0.07143927365541458,0.001,20359
312,10.0,82480,0.05,8248,-0.34850000000000003,263,0.08457176387310028,0.001,20369
312,10.0,82520,0.05,8252,-0.39150000000000007,263,0.0695335641503334,0.001,20379
312,10.0,82560,0.05,8256,-0.25449999999999995,263,0.12728747725486755,0.001,20389
312,10.0,82600,0.05,8260,-0.27249999999999985,264,0.09592773765325546,0.001,20399
312,10.0,82640,0.05,8264,-0.055999999999999994,264,0.08984038978815079,0.001,20409
312,10.0,82680,0.05,8268,-0.021500000000000026,264,0.0937076136469841,0.001,20419
312,10.0,82720,0.05,8272,0.003499999999999992,264,0.05752410739660263,0.001,20429
312,10.0,82760,0.05,8276,-0.024500000000000025,264,0.07052134722471237,0.001,20439
312,10.0,82800,0.05,8280,0.03249999999999997,264,0.10070136189460754,0.001,20449
312,10.0,82840,0.05,8284,0.048999999999999974,264,0.23251554369926453,0.001,20459
312,10.0,82880,0.05,8288,-0.06450000000000002,264,0.06197047606110573,0.001,20469
312,10.0,82920,0.05,8292,-0.1845,264,0.08460690081119537,0.001,20479
312,10.0,82960,0.05,8296,-0.1635,265,0.10151221603155136,0.001,20489
312,10.0,83000,0.05,8300,-0.19150000000000006,265,0.07723749428987503,0.001,20499
312,10.0,83040,0.05,8304,-0.20350000000000004,265,0.09470836818218231,0.001,20509
312,10.0,83080,0.05,8308,-0.05800000000000001,265,0.08584584295749664,0.001,20519
313,10.0,83120,0.05,8312,-0.029500000000000012,265,0.08991562575101852,0.001,20529
313,10.0,83160,0.05,8316,0.04599999999999998,265,0.085269033908844,0.001,20539
313,10.0,83200,0.05,8320,0.06699999999999998,265,0.08883796632289886,0.001,20549
313,10.0,83240,0.05,8324,-0.016999999999999998,265,0.10433381795883179,0.001,20559
313,10.0,83280,0.05,8328,-0.029499999999999988,265,0.0983290895819664,0.001,20569
313,10.0,83320,0.05,8332,-0.021000000000000022,266,0.09666106104850769,0.001,20579
313,10.0,83360,0.05,8336,0.044,266,0.10433242470026016,0.001,20589
313,10.0,83400,0.05,8340,0.05549999999999999,266,0.11692145466804504,0.001,20599
313,10.0,83440,0.05,8344,0.06849999999999998,266,0.07271654903888702,0.001,20609
313,10.0,83480,0.05,8348,0.09799999999999999,266,0.0864759162068367,0.001,20619
313,10.0,83520,0.05,8352,0.15449999999999997,266,0.10072948783636093,0.001,20629
313,10.0,83560,0.05,8356,0.05299999999999999,266,0.10009905695915222,0.001,20639
313,10.0,83600,0.05,8360,0.019499999999999997,267,0.07798810303211212,0.001,20649
313,10.0,83640,0.05,8364,-0.006999999999999993,267,0.08169446140527725,0.001,20659
313,10.0,83680,0.05,8368,-0.020500000000000004,267,0.07240056246519089,0.001,20669
313,10.0,83720,0.05,8372,0.03449999999999999,267,0.10671696066856384,0.001,20679
313,10.0,83760,0.05,8376,-0.04350000000000001,267,0.0934825986623764,0.001,20689
313,10.0,83800,0.05,8380,-0.02150000000000003,267,0.10670757293701172,0.001,20699
313,10.0,83840,0.05,8384,-0.13900000000000007,267,0.11789562553167343,0.001,20709
313,10.0,83880,0.05,8388,-0.05400000000000007,267,0.11175636202096939,0.001,20719
313,10.0,83920,0.05,8392,0.06699999999999993,267,0.12902718782424927,0.001,20729
313,10.0,83960,0.05,8396,0.07600000000000001,267,0.07586159557104111,0.001,20739
313,10.0,84000,0.05,8400,0.25250000000000006,268,0.09931006282567978,0.001,20749
313,10.0,84040,0.05,8404,0.205,268,0.12124703079462051,0.001,20759
313,10.0,84080,0.05,8408,0.12149999999999998,268,0.09630325436592102,0.001,20769
313,10.0,84120,0.05,8412,0.051,268,0.0797087773680687,0.001,20779
313,10.0,84160,0.05,8416,0.027999999999999994,268,0.07034800946712494,0.001,20789
313,10.0,84200,0.05,8420,0.0019999999999999996,268,0.061711158603429794,0.001,20799
313,10.0,84240,0.05,8424,0.113,268,0.09417153894901276,0.001,20809
313,10.0,84280,0.05,8428,0.1165,268,0.10917449742555618,0.001,20819
313,10.0,84320,0.05,8432,0.07150000000000002,268,0.09725359827280045,0.001,20829
313,10.0,84360,0.05,8436,0.02850000000000004,269,0.04963967204093933,0.001,20839
313,10.0,84400,0.05,8440,-0.03450000000000001,269,0.08647911995649338,0.001,20849
313,10.0,84440,0.05,8444,-0.06450000000000003,269,0.09636799991130829,0.001,20859
313,10.0,84480,0.05,8448,-0.07149999999999998,269,0.0709105134010315,0.001,20869
313,10.0,84520,0.05,8452,-0.06549999999999997,269,0.22122259438037872,0.001,20879
313,10.0,84560,0.05,8456,0.06349999999999997,269,0.09502886235713959,0.001,20889
313,10.0,84600,0.05,8460,0.07449999999999997,269,0.12032703310251236,0.001,20899
313,10.0,84640,0.05,8464,0.07949999999999999,269,0.23508480191230774,0.001,20909
313,10.0,84680,0.05,8468,0.11899999999999998,269,0.09603287279605865,0.001,20919
313,10.0,84720,0.05,8472,0.06699999999999996,269,0.11237838864326477,0.001,20929
313,10.0,84760,0.05,8476,0.1325,270,0.08149000257253647,0.001,20939
313,10.0,84800,0.05,8480,0.11550000000000002,270,0.09694299101829529,0.001,20949
313,10.0,84840,0.05,8484,0.20549999999999993,270,0.3207291066646576,0.001,20959
313,10.0,84880,0.05,8488,0.2079999999999999,270,0.1099129468202591,0.001,20969
313,10.0,84920,0.05,8492,0.04099999999999996,271,0.07103145122528076,0.001,20979
313,10.0,84960,0.05,8496,0.07149999999999998,271,0.07433897256851196,0.001,20989
313,10.0,85000,0.05,8500,-0.1355,271,0.21442930400371552,0.001,20999
313,10.0,85040,0.05,8504,-0.04400000000000003,271,0.09974562376737595,0.001,21009
313,10.0,85080,0.05,8508,-0.08200000000000003,271,0.07903917878866196,0.001,21019
313,10.0,85120,0.05,8512,-0.009000000000000015,271,0.07759976387023926,0.001,21029
313,10.0,85160,0.05,8516,-0.06649999999999999,271,0.0915832370519638,0.001,21039
313,10.0,85200,0.05,8520,-0.06650000000000003,271,0.11115341633558273,0.001,21049
313,10.0,85240,0.05,8524,-0.30250000000000005,271,0.10293172299861908,0.001,21059
313,10.0,85280,0.05,8528,-0.3495,272,0.08943616598844528,0.001,21069
313,10.0,85320,0.05,8532,-0.38300000000000006,272,0.120374396443367,0.001,21079
313,10.0,85360,0.05,8536,-0.41199999999999987,272,0.07567071914672852,0.001,21089
313,10.0,85400,0.05,8540,-0.408,272,0.08903840184211731,0.001,21099
313,10.0,85440,0.05,8544,-0.36200000000000004,272,0.13793793320655823,0.001,21109
313,10.0,85480,0.05,8548,-0.3525,272,0.0971418172121048,0.001,21119
313,10.0,85520,0.05,8552,-0.3295000000000001,272,0.0663551390171051,0.001,21129
312,10.0,85560,0.05,8556,-0.405,273,0.16280494630336761,0.001,21139
312,10.0,85600,0.05,8560,-0.48449999999999993,274,0.06598033010959625,0.001,21149
312,10.0,85640,0.05,8564,-0.558,274,0.09287803620100021,0.001,21159
312,10.0,85680,0.05,8568,-0.5865,274,0.07500714063644409,0.001,21169
312,10.0,85720,0.05,8572,-0.5035,274,0.0680931955575943,0.001,21179
312,10.0,85760,0.05,8576,-0.5125000000000001,274,0.09524852782487869,0.001,21189
312,10.0,85800,0.05,8580,-0.45100000000000007,274,0.07834476232528687,0.001,21199
312,10.0,85840,0.05,8584,-0.47550000000000003,275,0.1039876863360405,0.001,21209
312,10.0,85880,0.05,8588,-0.4395000000000001,275,0.10189740359783173,0.001,21219
311,10.0,85920,0.05,8592,-0.4000000000000001,275,0.06118028983473778,0.001,21229
311,10.0,85960,0.05,8596,-0.43000000000000005,275,0.10591621696949005,0.001,21239
311,10.0,86000,0.05,8600,-0.32199999999999995,275,0.06006702780723572,0.001,21249
311,10.0,86040,0.05,8604,-0.43750000000000006,275,0.08939629048109055,0.001,21259
311,10.0,86080,0.05,8608,-0.4045000000000001,276,0.07951241731643677,0.001,21269
311,10.0,86120,0.05,8612,-0.477,276,0.09628728032112122,0.001,21279
311,10.0,86160,0.05,8616,-0.46349999999999997,276,0.1556963175535202,0.001,21289
311,10.0,86200,0.05,8620,-0.43150000000000005,276,0.09339946508407593,0.001,21299
311,10.0,86240,0.05,8624,-0.2730000000000001,276,0.09879981726408005,0.001,21309
311,10.0,86280,0.05,8628,-0.157,276,0.09807699173688889,0.001,21319
311,10.0,86320,0.05,8632,-0.13049999999999998,277,0.10064591467380524,0.001,21329
311,10.0,86360,0.05,8636,-0.05500000000000001,277,0.07064855843782425,0.001,21339
311,10.0,86400,0.05,8640,-0.04400000000000002,277,0.08185407519340515,0.001,21349
311,10.0,86440,0.05,8644,-0.11750000000000002,277,0.09062522649765015,0.001,21359
311,10.0,86480,0.05,8648,-0.14250000000000004,277,0.09025586396455765,0.001,21369
311,10.0,86520,0.05,8652,-0.1405,277,0.10942161828279495,0.001,21379
311,10.0,86560,0.05,8656,-0.045000000000000026,277,0.11313152313232422,0.001,21389
311,10.0,86600,0.05,8660,0.07149999999999998,278,0.08703721314668655,0.001,21399
311,10.0,86640,0.05,8664,0.151,278,0.07625379413366318,0.001,21409
311,10.0,86680,0.05,8668,0.17999999999999994,278,0.0654907301068306,0.001,21419
311,10.0,86720,0.05,8672,0.15099999999999994,278,0.08931848406791687,0.001,21429
311,10.0,86760,0.05,8676,0.18049999999999997,278,0.08614590018987656,0.001,21439
311,10.0,86800,0.05,8680,0.11649999999999995,278,0.158539280295372,0.001,21449
311,10.0,86840,0.05,8684,0.08049999999999999,278,0.08970606327056885,0.001,21459
311,10.0,86880,0.05,8688,0.08400000000000002,279,0.09145752340555191,0.001,21469
311,10.0,86920,0.05,8692,0.1515,279,0.08238600939512253,0.001,21479
311,10.0,86960,0.05,8696,0.16699999999999995,279,0.11001227796077728,0.001,21489
311,10.0,87000,0.05,8700,0.20650000000000002,279,0.1072726920247078,0.001,21499
311,10.0,87040,0.05,8704,0.34600000000000003,279,0.20890362560749054,0.001,21509
311,10.0,87080,0.05,8708,0.36149999999999993,279,0.07515223324298859,0.001,21519
311,10.0,87120,0.05,8712,0.43349999999999994,279,0.07371734082698822,0.001,21529
311,10.0,87160,0.05,8716,0.38049999999999995,279,0.12939298152923584,0.001,21539
311,10.0,87200,0.05,8720,0.4354999999999999,280,0.09032411873340607,0.001,21549
311,10.0,87240,0.05,8724,0.4150000000000001,280,0.14318877458572388,0.001,21559
311,10.0,87280,0.05,8728,0.3264999999999999,280,0.09083367139101028,0.001,21569
311,10.0,87320,0.05,8732,0.34000000000000014,280,0.14036111533641815,0.001,21579
311,10.0,87360,0.05,8736,0.3085000000000001,280,0.07806657254695892,0.001,21589
311,10.0,87400,0.05,8740,0.23850000000000002,280,0.0757405161857605,0.001,21599
311,10.0,87440,0.05,8744,0.23499999999999996,280,0.11415746808052063,0.001,21609
311,10.0,87480,0.05,8748,0.2664999999999999,280,0.12512168288230896,0.001,21619
311,10.0,87520,0.05,8752,0.20099999999999996,280,0.08684328198432922,0.001,21629
311,10.0,87560,0.05,8756,0.13449999999999995,281,0.09087969362735748,0.001,21639
311,10.0,87600,0.05,8760,0.16149999999999998,281,0.08802565932273865,0.001,21649
311,10.0,87640,0.05,8764,0.2115,281,0.10377657413482666,0.001,21659
311,10.0,87680,0.05,8768,0.21349999999999997,281,0.07046344131231308,0.001,21669
311,10.0,87720,0.05,8772,0.13099999999999992,281,0.2576174736022949,0.001,21679
311,10.0,87760,0.05,8776,0.16349999999999995,281,0.10316909849643707,0.001,21689
311,10.0,87800,0.05,8780,0.15099999999999994,281,0.104461669921875,0.001,21699
311,10.0,87840,0.05,8784,0.12749999999999986,281,0.06278872489929199,0.001,21709
311,10.0,87880,0.05,8788,0.06249999999999991,281,0.05896353721618652,0.001,21719
311,10.0,87920,0.05,8792,0.01100000000000001,282,0.08435232937335968,0.001,21729
311,10.0,87960,0.05,8796,-0.013999999999999986,282,0.05682509019970894,0.001,21739
311,10.0,88000,0.05,8800,0.03299999999999993,282,0.04520449414849281,0.001,21749
311,10.0,88040,0.05,8804,-0.06600000000000006,282,0.0783664807677269,0.001,21759
311,10.0,88080,0.05,8808,-0.15250000000000008,282,0.10764492303133011,0.001,21769
311,10.0,88120,0.05,8812,-0.23800000000000007,282,0.11412636935710907,0.001,21779
311,10.0,88160,0.05,8816,-0.1310000000000001,282,0.16662169992923737,0.001,21789
311,10.0,88200,0.05,8820,-0.15100000000000013,282,0.07062489539384842,0.001,21799
312,10.0,88240,0.05,8824,-0.17300000000000001,282,0.08317232131958008,0.001,21809
312,10.0,88280,0.05,8828,-0.18600000000000008,282,0.1011977568268776,0.001,21819
312,10.0,88320,0.05,8832,-0.2565,282,0.0796099305152893,0.001,21829
312,10.0,88360,0.05,8836,-0.29950000000000004,283,0.0968741774559021,0.001,21839
312,10.0,88400,0.05,8840,-0.30200000000000005,283,0.11721998453140259,0.001,21849
312,10.0,88440,0.05,8844,-0.36300000000000004,283,0.09156051278114319,0.001,21859
312,10.0,88480,0.05,8848,-0.3779999999999999,283,0.09620063006877899,0.001,21869
312,10.0,88520,0.05,8852,-0.36900000000000005,283,0.07833846658468246,0.001,21879
312,10.0,88560,0.05,8856,-0.4435,283,0.07717069238424301,0.001,21889
312,10.0,88600,0.05,8860,-0.482,283,0.1134033203125,0.001,21899
312,10.0,88640,0.05,8864,-0.5169999999999999,283,0.08668329566717148,0.001,21909
312,10.0,88680,0.05,8868,-0.598,283,0.08908513188362122,0.001,21919
312,10.0,88720,0.05,8872,-0.574,283,0.0785924568772316,0.001,21929
312,10.0,88760,0.05,8876,-0.5615000000000001,284,0.09982520341873169,0.001,21939
312,10.0,88800,0.05,8880,-0.5215,284,0.09704811125993729,0.001,21949
312,10.0,88840,0.05,8884,-0.49699999999999994,284,0.17994803190231323,0.001,21959
312,10.0,88880,0.05,8888,-0.42249999999999993,284,0.09747988730669022,0.001,21969
312,10.0,88920,0.05,8892,-0.41100000000000003,284,0.09428799897432327,0.001,21979
312,10.0,88960,0.05,8896,-0.43,284,0.10783593356609344,0.001,21989
312,10.0,89000,0.05,8900,-0.544,284,0.11461459845304489,0.001,21999
312,10.0,89040,0.05,8904,-0.5765000000000001,284,0.12067854404449463,0.001,22009
312,10.0,89080,0.05,8908,-0.6235,284,0.07743965834379196,0.001,22019
312,10.0,89120,0.05,8912,-0.5785000000000001,284,0.10161666572093964,0.001,22029
312,10.0,89160,0.05,8916,-0.652,285,0.07944703847169876,0.001,22039
312,10.0,89200,0.05,8920,-0.606,285,0.0965861827135086,0.001,22049
312,10.0,89240,0.05,8924,-0.6984999999999999,285,0.0768943801522255,0.001,22059
312,10.0,89280,0.05,8928,-0.732,285,0.07402125746011734,0.001,22069
312,10.0,89320,0.05,8932,-0.6624999999999999,285,0.09066465497016907,0.001,22079
312,10.0,89360,0.05,8936,-0.6985000000000001,285,0.07447901368141174,0.001,22089
312,10.0,89400,0.05,8940,-0.6845000000000002,285,0.07407887279987335,0.001,22099
313,10.0,89440,0.05,8944,-0.6355,285,0.07732134312391281,0.001,22109
313,10.0,89480,0.05,8948,-0.6365,285,0.14396795630455017,0.001,22119
313,10.0,89520,0.05,8952,-0.6650000000000001,285,0.12520453333854675,0.001,22129
313,10.0,89560,0.05,8956,-0.611,286,0.09023268520832062,0.001,22139
313,10.0,89600,0.05,8960,-0.6645,286,0.09584274142980576,0.001,22149
313,10.0,89640,0.05,8964,-0.7254999999999999,286,0.13927441835403442,0.001,22159
313,10.0,89680,0.05,8968,-0.7115,286,0.10276002436876297,0.001,22169
313,10.0,89720,0.05,8972,-0.6405000000000001,286,0.08173033595085144,0.001,22179
313,10.0,89760,0.05,8976,-0.7630000000000002,286,0.10135968774557114,0.001,22189
313,10.0,89800,0.05,8980,-0.8450000000000002,286,0.11131947487592697,0.001,22199
313,10.0,89840,0.05,8984,-0.8015000000000002,286,0.0912463515996933,0.001,22209
313,10.0,89880,0.05,8988,-0.8800000000000003,286,0.08798659592866898,0.001,22219
313,10.0,89920,0.05,8992,-0.8345,286,0.0905216634273529,0.001,22229
313,10.0,89960,0.05,8996,-0.8395000000000001,286,0.12278073281049728,0.001,22239
313,10.0,90000,0.05,9000,-0.795,287,0.13179254531860352,0.001,22249
313,10.0,90040,0.05,9004,-0.745,287,0.10482843220233917,0.001,22259
313,10.0,90080,0.05,9008,-0.7029999999999998,287,0.11514110863208771,0.001,22269
313,10.0,90120,0.05,9012,-0.6555000000000001,287,0.10856329649686813,0.001,22279
313,10.0,90160,0.05,9016,-0.6644999999999999,287,0.10329590737819672,0.001,22289
313,10.0,90200,0.05,9020,-0.7040000000000002,287,0.09880143404006958,0.001,22299
313,10.0,90240,0.05,9024,-0.6415000000000001,287,0.07818113267421722,0.001,22309
313,10.0,90280,0.05,9028,-0.5220000000000001,287,0.05418921262025833,0.001,22319
313,10.0,90320,0.05,9032,-0.48750000000000004,287,0.07745704799890518,0.001,22329
313,10.0,90360,0.05,9036,-0.398,287,0.08096767961978912,0.001,22339
313,10.0,90400,0.05,9040,-0.393,287,0.09169688075780869,0.001,22349
313,10.0,90440,0.05,9044,-0.36650000000000005,288,0.11186133325099945,0.001,22359
314,10.0,90480,0.05,9048,-0.38199999999999995,288,0.08201692998409271,0.001,22369
314,10.0,90520,0.05,9052,-0.38349999999999995,288,0.10693687200546265,0.001,22379
314,10.0,90560,0.05,9056,-0.3465,288,0.10169003903865814,0.001,22389
314,10.0,90600,0.05,9060,-0.25149999999999995,288,0.08263671398162842,0.001,22399
314,10.0,90640,0.05,9064,-0.15699999999999997,288,0.14848431944847107,0.001,22409
314,10.0,90680,0.05,9068,-0.16399999999999995,288,0.061864934861660004,0.001,22419
314,10.0,90720,0.05,9072,-0.1839999999999999,288,0.10329076647758484,0.001,22429
314,10.0,90760,0.05,9076,-0.145,288,0.08883891999721527,0.001,22439
314,10.0,90800,0.05,9080,-0.15350000000000003,288,0.07805522531270981,0.001,22449
314,10.0,90840,0.05,9084,-0.09399999999999999,289,0.07164768874645233,0.001,22459
314,10.0,90880,0.05,9088,-0.10700000000000003,289,0.15554296970367432,0.001,22469
314,10.0,90920,0.05,9092,-0.15200000000000002,289,0.08481420576572418,0.001,22479
314,10.0,90960,0.05,9096,-0.1255,289,0.09846612811088562,0.001,22489
314,10.0,91000,0.05,9100,-0.055000000000000035,289,0.07174806296825409,0.001,22499
314,10.0,91040,0.05,9104,-0.04600000000000006,289,0.08766062557697296,0.001,22509
314,10.0,91080,0.05,9108,-0.07350000000000002,289,0.06428121775388718,0.001,22519
314,10.0,91120,0.05,9112,-0.09000000000000004,290,0.08326989412307739,0.001,22529
314,10.0,91160,0.05,9116,-0.12300000000000005,290,0.08182545751333237,0.001,22539
314,10.0,91200,0.05,9120,-0.06650000000000009,290,0.08835344761610031,0.001,22549
314,10.0,91240,0.05,9124,-0.01850000000000007,290,0.08627082407474518,0.001,22559
313,10.0,91280,0.05,9128,-0.07650000000000007,290,0.10371312499046326,0.001,22569
313,10.0,91320,0.05,9132,0.01249999999999991,290,0.1037929356098175,0.001,22579
313,10.0,91360,0.05,9136,-0.07200000000000006,291,0.14454977214336395,0.001,22589
313,10.0,91400,0.05,9140,-0.09000000000000004,291,0.1406417042016983,0.001,22599
313,10.0,91440,0.05,9144,-0.08950000000000005,291,0.10114739090204239,0.001,22609
313,10.0,91480,0.05,9148,-0.063,291,0.0798637792468071,0.001,22619
313,10.0,91520,0.05,9152,0.015000000000000013,291,0.0881085991859436,0.001,22629
313,10.0,91560,0.05,9156,0.06600000000000002,291,0.09585222601890564,0.001,22639
313,10.0,91600,0.05,9160,-0.026500000000000003,292,0.09693710505962372,0.001,22649
313,10.0,91640,0.05,9164,-0.10700000000000007,292,0.09996052086353302,0.001,22659
313,10.0,91680,0.05,9168,-0.10550000000000002,292,0.20021860301494598,0.001,22669
313,10.0,91720,0.05,9172,-0.07850000000000001,292,0.07311538606882095,0.001,22679
313,10.0,91760,0.05,9176,-0.05550000000000001,292,0.15712401270866394,0.001,22689
313,10.0,91800,0.05,9180,-0.08350000000000002,292,0.0950751006603241,0.001,22699
313,10.0,91840,0.05,9184,-0.11600000000000003,292,0.1911603808403015,0.001,22709
313,10.0,91880,0.05,9188,-0.07850000000000006,293,0.11919568479061127,0.001,22719
313,10.0,91920,0.05,9192,-0.053000000000000026,293,0.12345778942108154,0.001,22729
313,10.0,91960,0.05,9196,-0.07100000000000002,293,0.09676612168550491,0.001,22739
313,10.0,92000,0.05,9200,-0.17050000000000004,293,0.06334779411554337,0.001,22749
313,10.0,92040,0.05,9204,-0.1685,293,0.18519608676433563,0.001,22759
313,10.0,92080,0.05,9208,-0.04950000000000001,293,0.09568993002176285,0.001,22769
313,10.0,92120,0.05,9212,-0.11950000000000001,294,0.08280988037586212,0.001,22779
313,10.0,92160,0.05,9216,0.013000000000000001,294,0.09181390702724457,0.001,22789
313,10.0,92200,0.05,9220,-0.012000000000000016,294,0.05731731653213501,0.001,22799
313,10.0,92240,0.05,9224,0.12249999999999998,294,0.0887782946228981,0.001,22809
313,10.0,92280,0.05,9228,0.08899999999999995,294,0.0766879990696907,0.001,22819
313,10.0,92320,0.05,9232,0.01149999999999999,294,0.07587089389562607,0.001,22829
312,10.0,92360,0.05,9236,0.11699999999999999,295,0.11352220922708511,0.001,22839
312,10.0,92400,0.05,9240,0.20399999999999996,295,0.20817744731903076,0.001,22849
312,10.0,92440,0.05,9244,0.19099999999999995,295,0.09959207475185394,0.001,22859
312,10.0,92480,0.05,9248,0.20549999999999996,295,0.08547299355268478,0.001,22869
312,10.0,92520,0.05,9252,0.2145,295,0.12073218822479248,0.001,22879
312,10.0,92560,0.05,9256,0.09800000000000003,296,0.18224391341209412,0.001,22889
312,10.0,92600,0.05,9260,0.06550000000000003,296,0.04302138090133667,0.001,22899
312,10.0,92640,0.05,9264,0.083,296,0.07221398502588272,0.001,22909
312,10.0,92680,0.05,9268,0.11150000000000002,296,0.09106198698282242,0.001,22919
312,10.0,92720,0.05,9272,0.05799999999999997,296,0.06669268757104874,0.001,22929
312,10.0,92760,0.05,9276,0.045,296,0.0842631459236145,0.001,22939
312,10.0,92800,0.05,9280,0.08900000000000001,296,0.10137603431940079,0.001,22949
312,10.0,92840,0.05,9284,0.09149999999999998,296,0.0737229436635971,0.001,22959
312,10.0,92880,0.05,9288,0.08849999999999997,296,0.10353117436170578,0.001,22969
312,10.0,92920,0.05,9292,0.018999999999999947,297,0.09501200169324875,0.001,22979
312,10.0,92960,0.05,9296,-0.03050000000000005,297,0.16077068448066711,0.001,22989
312,10.0,93000,0.05,9300,0.01999999999999995,297,0.08069977164268494,0.001,22999
312,10.0,93040,0.05,9304,-0.06700000000000003,297,0.10840494185686111,0.001,23009
312,10.0,93080,0.05,9308,-0.03150000000000003,297,0.09095830470323563,0.001,23019
312,10.0,93120,0.05,9312,0.059499999999999977,297,0.09363151341676712,0.001,23029
312,10.0,93160,0.05,9316,-0.0415,297,0.06726983934640884,0.001,23039
312,10.0,93200,0.05,9320,-0.048500000000000015,297,0.08452111482620239,0.001,23049
312,10.0,93240,0.05,9324,-0.13100000000000006,297,0.1529296338558197,0.001,23059
312,10.0,93280,0.05,9328,-0.07750000000000007,298,0.11241528391838074,0.001,23069
313,10.0,93320,0.05,9332,-0.11450000000000003,298,0.08435706794261932,0.001,23079
313,10.0,93360,0.05,9336,-0.29600000000000004,298,0.10440054535865784,0.001,23089
313,10.0,93400,0.05,9340,-0.32500000000000007,298,0.07591507583856583,0.001,23099
313,10.0,93440,0.05,9344,-0.263,298,0.15158019959926605,0.001,23109
313,10.0,93480,0.05,9348,-0.2510000000000001,298,0.10027258098125458,0.001,23119
313,10.0,93520,0.05,9352,-0.22250000000000006,298,0.12375134229660034,0.001,23129
313,10.0,93560,0.05,9356,-0.11250000000000002,298,0.10192721337080002,0.001,23139
313,10.0,93600,0.05,9360,-0.051,298,0.13014313578605652,0.001,23149
313,10.0,93640,0.05,9364,-0.02450000000000002,298,0.0690012276172638,0.001,23159
313,10.0,93680,0.05,9368,-0.02700000000000001,299,0.10739552974700928,0.001,23169
313,10.0,93720,0.05,9372,-0.06700000000000002,299,0.20148053765296936,0.001,23179
313,10.0,93760,0.05,9376,-0.08600000000000005,299,0.12000937759876251,0.001,23189
313,10.0,93800,0.05,9380,-0.05000000000000004,299,0.09113194048404694,0.001,23199
313,10.0,93840,0.05,9384,-0.13899999999999998,299,0.12511125206947327,0.001,23209
313,10.0,93880,0.05,9388,-0.06849999999999999,299,0.10568122565746307,0.001,23219
313,10.0,93920,0.05,9392,-0.01950000000000002,299,0.1392863392829895,0.001,23229
313,10.0,93960,0.05,9396,0.03549999999999999,299,0.08780303597450256,0.001,23239
313,10.0,94000,0.05,9400,-0.042499999999999975,299,0.11736913025379181,0.001,23249
313,10.0,94040,0.05,9404,0.05100000000000003,300,0.0841219425201416,0.001,23259
313,10.0,94080,0.05,9408,-0.014000000000000004,300,0.107715904712677,0.001,23269
313,10.0,94120,0.05,9412,-0.151,300,0.15942764282226562,0.001,23279
313,10.0,94160,0.05,9416,-0.07399999999999994,300,0.11201517283916473,0.001,23289
313,10.0,94200,0.05,9420,-0.11499999999999996,300,0.11607920378446579,0.001,23299
313,10.0,94240,0.05,9424,-0.1945,300,0.0842951312661171,0.001,23309
313,10.0,94280,0.05,9428,-0.09299999999999993,300,0.14910255372524261,0.001,23319
313,10.0,94320,0.05,9432,-0.04449999999999995,300,0.1018923968076706,0.001,23329
313,10.0,94360,0.05,9436,0.0005000000000000535,300,0.11275976151227951,0.001,23339
313,10.0,94400,0.05,9440,-0.009499999999999972,301,0.08654394745826721,0.001,23349
313,10.0,94440,0.05,9444,-0.06049999999999999,301,0.08042670041322708,0.001,23359
313,10.0,94480,0.05,9448,-0.12099999999999995,301,0.059145569801330566,0.001,23369
313,10.0,94520,0.05,9452,-0.16149999999999992,301,0.20181989669799805,0.001,23379
313,10.0,94560,0.05,9456,-0.19199999999999995,301,0.08892429620027542,0.001,23389
313,10.0,94600,0.05,9460,-0.16300000000000003,301,0.10998441278934479,0.001,23399
313,10.0,94640,0.05,9464,-0.23700000000000002,301,0.10892269760370255,0.001,23409
313,10.0,94680,0.05,9468,-0.27699999999999997,301,0.08670724928379059,0.001,23419
313,10.0,94720,0.05,9472,-0.21249999999999997,302,0.07153050601482391,0.001,23429
313,10.0,94760,0.05,9476,-0.20800000000000005,302,0.10815460979938507,0.001,23439
313,10.0,94800,0.05,9480,-0.19300000000000003,302,0.11293923109769821,0.001,23449
313,10.0,94840,0.05,9484,-0.17400000000000002,302,0.0933641642332077,0.001,23459
313,10.0,94880,0.05,9488,-0.2950000000000001,302,0.1185801774263382,0.001,23469
313,10.0,94920,0.05,9492,-0.19800000000000004,302,0.0794212743639946,0.001,23479
313,10.0,94960,0.05,9496,-0.15099999999999997,302,0.09376740455627441,0.001,23489
313,10.0,95000,0.05,9500,-0.07449999999999996,302,0.08655870705842972,0.001,23499
313,10.0,95040,0.05,9504,-0.096,303,0.05709894001483917,0.001,23509
313,10.0,95080,0.05,9508,-0.014999999999999987,303,0.0873979777097702,0.001,23519
313,10.0,95120,0.05,9512,0.15600000000000006,303,0.10013888031244278,0.001,23529
313,10.0,95160,0.05,9516,0.20550000000000004,303,0.054464131593704224,0.001,23539
313,10.0,95200,0.05,9520,0.20900000000000002,303,0.10040450841188431,0.001,23549
313,10.0,95240,0.05,9524,0.273,303,0.06201080605387688,0.001,23559
313,10.0,95280,0.05,9528,0.175,304,0.09815530478954315,0.001,23569
313,10.0,95320,0.05,9532,0.13799999999999998,304,0.10852924734354019,0.001,23579
313,10.0,95360,0.05,9536,0.22999999999999995,304,0.09117010235786438,0.001,23589
313,10.0,95400,0.05,9540,0.21349999999999994,304,0.10355325043201447,0.001,23599
313,10.0,95440,0.05,9544,0.25499999999999995,304,0.06824952363967896,0.001,23609
313,10.0,95480,0.05,9548,0.32,304,0.0922289565205574,0.001,23619
313,10.0,95520,0.05,9552,0.27449999999999997,304,0.16743697226047516,0.001,23629
313,10.0,95560,0.05,9556,0.24150000000000002,304,0.10346788913011551,0.001,23639
313,10.0,95600,0.05,9560,0.22099999999999997,304,0.12487486004829407,0.001,23649
313,10.0,95640,0.05,9564,0.24999999999999997,304,0.08221045136451721,0.001,23659
313,10.0,95680,0.05,9568,0.2255,304,0.08406413346529007,0.001,23669
313,10.0,95720,0.05,9572,0.20549999999999996,305,0.04777846112847328,0.001,23679
313,10.0,95760,0.05,9576,0.18499999999999994,305,0.0816439837217331,0.001,23689
313,10.0,95800,0.05,9580,0.17199999999999996,305,0.07628227770328522,0.001,23699
313,10.0,95840,0.05,9584,0.11750000000000002,305,0.07807014882564545,0.001,23709
313,10.0,95880,0.05,9588,0.10100000000000005,305,0.1169087290763855,0.001,23719
313,10.0,95920,0.05,9592,0.08900000000000001,305,0.07609470188617706,0.001,23729
313,10.0,95960,0.05,9596,0.009000000000000025,305,0.10525611788034439,0.001,23739
313,10.0,96000,0.05,9600,0.02050000000000001,305,0.07197651267051697,0.001,23749
313,10.0,96040,0.05,9604,0.009999999999999959,306,0.09925264865159988,0.001,23759
313,10.0,96080,0.05,9608,-0.13100000000000003,306,0.09766390919685364,0.001,23769
313,10.0,96120,0.05,9612,-0.17699999999999994,306,0.12715807557106018,0.001,23779
313,10.0,96160,0.05,9616,-0.25999999999999995,306,0.10233118385076523,0.001,23789
313,10.0,96200,0.05,9620,-0.31049999999999994,306,0.09430092573165894,0.001,23799
313,10.0,96240,0.05,9624,-0.33299999999999996,306,0.12010248750448227,0.001,23809
313,10.0,96280,0.05,9628,-0.3414999999999999,307,0.07310424000024796,0.001,23819
313,10.0,96320,0.05,9632,-0.425,307,0.07819752395153046,0.001,23829
313,10.0,96360,0.05,9636,-0.44299999999999995,307,0.08150935918092728,0.001,23839
313,10.0,96400,0.05,9640,-0.35849999999999993,307,0.13696961104869843,0.001,23849
313,10.0,96440,0.05,9644,-0.3454999999999999,307,0.044312864542007446,0.001,23859
313,10.0,96480,0.05,9648,-0.44999999999999996,307,0.07162190228700638,0.001,23869
313,10.0,96520,0.05,9652,-0.398,307,0.09079878777265549,0.001,23879
313,10.0,96560,0.05,9656,-0.3295,308,0.09648745507001877,0.001,23889
313,10.0,96600,0.05,9660,-0.28,308,0.0777495801448822,0.001,23899
313,10.0,96640,0.05,9664,-0.23099999999999998,308,0.13783541321754456,0.001,23909
313,10.0,96680,0.05,9668,-0.28,308,0.0756119042634964,0.001,23919
313,10.0,96720,0.05,9672,-0.2975,308,0.06781540811061859,0.001,23929
313,10.0,96760,0.05,9676,-0.23349999999999999,308,0.10533846914768219,0.001,23939
313,10.0,96800,0.05,9680,-0.31099999999999994,309,0.09865038841962814,0.001,23949
313,10.0,96840,0.05,9684,-0.10799999999999997,309,0.07602965086698532,0.001,23959
313,10.0,96880,0.05,9688,-0.087,309,0.06960783153772354,0.001,23969
313,10.0,96920,0.05,9692,-0.08100000000000003,309,0.11948392540216446,0.001,23979
313,10.0,96960,0.05,9696,-0.18100000000000002,309,0.08848420530557632,0.001,23989
313,10.0,97000,0.05,9700,-0.18849999999999997,309,0.0936269611120224,0.001,23999
313,10.0,97040,0.05,9704,-0.2025,309,0.11676705628633499,0.001,24009
313,10.0,97080,0.05,9708,-0.132,310,0.11681985855102539,0.001,24019
313,10.0,97120,0.05,9712,-0.08549999999999996,310,0.09079976379871368,0.001,24029
313,10.0,97160,0.05,9716,-0.0014999999999999502,310,0.07310517132282257,0.001,24039
313,10.0,97200,0.05,9720,0.04650000000000004,310,0.08740473538637161,0.001,24049
313,10.0,97240,0.05,9724,0.037499999999999985,310,0.09514810144901276,0.001,24059
313,10.0,97280,0.05,9728,0.008500000000000008,310,0.1491314023733139,0.001,24069
313,10.0,97320,0.05,9732,0.084,310,0.24495701491832733,0.001,24079
312,10.0,97360,0.05,9736,0.09949999999999999,311,0.09380525350570679,0.001,24089
312,10.0,97400,0.05,9740,0.052499999999999984,311,0.04666515812277794,0.001,24099
312,10.0,97440,0.05,9744,-0.01950000000000006,311,0.074180468916893,0.001,24109
312,10.0,97480,0.05,9748,0.1294999999999999,311,0.09089493751525879,0.001,24119
312,10.0,97520,0.05,9752,0.0929999999999999,311,0.10349893569946289,0.001,24129
312,10.0,97560,0.05,9756,0.04299999999999987,311,0.077427938580513,0.001,24139
312,10.0,97600,0.05,9760,0.041999999999999905,312,0.11676693707704544,0.001,24149
312,10.0,97640,0.05,9764,-0.03000000000000007,312,0.08299023658037186,0.001,24159
312,10.0,97680,0.05,9768,0.11049999999999996,312,0.06317372620105743,0.001,24169
312,10.0,97720,0.05,9772,0.023499999999999924,312,0.1345507800579071,0.001,24179
312,10.0,97760,0.05,9776,0.0514999999999999,312,0.07702241092920303,0.001,24189
312,10.0,97800,0.05,9780,0.14699999999999988,312,0.11723406612873077,0.001,24199
312,10.0,97840,0.05,9784,0.021499999999999946,312,0.12613041698932648,0.001,24209
312,10.0,97880,0.05,9788,0.04599999999999997,312,0.07453369349241257,0.001,24219
312,10.0,97920,0.05,9792,-0.02750000000000005,313,0.09609280526638031,0.001,24229
312,10.0,97960,0.05,9796,0.04999999999999995,313,0.09538821130990982,0.001,24239
312,10.0,98000,0.05,9800,0.08149999999999993,313,0.09778903424739838,0.001,24249
312,10.0,98040,0.05,9804,0.13099999999999995,313,0.09847414493560791,0.001,24259
312,10.0,98080,0.05,9808,0.09899999999999995,313,0.22503289580345154,0.001,24269
312,10.0,98120,0.05,9812,0.1255,314,0.07123447209596634,0.001,24279
312,10.0,98160,0.05,9816,0.073,314,0.11784622073173523,0.001,24289
312,10.0,98200,0.05,9820,0.0014999999999999903,314,0.10758320242166519,0.001,24299
312,10.0,98240,0.05,9824,-0.021500000000000012,314,0.11025659739971161,0.001,24309
312,10.0,98280,0.05,9828,0.0025000000000000057,314,0.19126714766025543,0.001,24319
312,10.0,98320,0.05,9832,0.07199999999999997,314,0.08993940055370331,0.001,24329
312,10.0,98360,0.05,9836,0.11549999999999995,315,0.08367007970809937,0.001,24339
312,10.0,98400,0.05,9840,0.10449999999999995,315,0.07720264047384262,0.001,24349
311,10.0,98440,0.05,9844,0.08899999999999995,315,0.11182215809822083,0.001,24359
311,10.0,98480,0.05,9848,0.09049999999999997,315,0.09156551212072372,0.001,24369
311,10.0,98520,0.05,9852,0.06699999999999992,315,0.11719757318496704,0.001,24379
311,10.0,98560,0.05,9856,0.09299999999999996,316,0.07473205029964447,0.001,24389
311,10.0,98600,0.05,9860,0.05199999999999995,316,0.09651496261358261,0.001,24399
311,10.0,98640,0.05,9864,0.07649999999999994,316,0.0656590536236763,0.001,24409
311,10.0,98680,0.05,9868,0.09799999999999995,316,0.16044244170188904,0.001,24419
311,10.0,98720,0.05,9872,0.22249999999999998,316,0.10137779265642166,0.001,24429
311,10.0,98760,0.05,9876,0.18849999999999995,316,0.07577206939458847,0.001,24439
311,10.0,98800,0.05,9880,0.16950000000000004,317,0.14024758338928223,0.001,24449
311,10.0,98840,0.05,9884,0.16299999999999998,317,0.08313410729169846,0.001,24459
311,10.0,98880,0.05,9888,0.24850000000000003,317,0.1612098515033722,0.001,24469
311,10.0,98920,0.05,9892,0.316,317,0.07543133199214935,0.001,24479
311,10.0,98960,0.05,9896,0.44800000000000006,317,0.13605377078056335,0.001,24489
311,10.0,99000,0.05,9900,0.3505,317,0.1395905464887619,0.001,24499
311,10.0,99040,0.05,9904,0.36249999999999993,317,0.09760232269763947,0.001,24509
311,10.0,99080,0.05,9908,0.38849999999999996,317,0.088692307472229,0.001,24519
311,10.0,99120,0.05,9912,0.2805,318,0.0989961326122284,0.001,24529
311,10.0,99160,0.05,9916,0.2145,318,0.21867647767066956,0.001,24539
311,10.0,99200,0.05,9920,0.24850000000000003,318,0.08942292630672455,0.001,24549
311,10.0,99240,0.05,9924,0.27499999999999997,318,0.12524501979351044,0.001,24559
311,10.0,99280,0.05,9928,0.407,318,0.14848744869232178,0.001,24569
311,10.0,99320,0.05,9932,0.3475,318,0.07629437744617462,0.001,24579
311,10.0,99360,0.05,9936,0.1979999999999999,319,0.06735365837812424,0.001,24589
311,10.0,99400,0.05,9940,0.27299999999999996,319,0.4205256700515747,0.001,24599
311,10.0,99440,0.05,9944,0.3145,319,0.10235164314508438,0.001,24609
311,10.0,99480,0.05,9948,0.33449999999999996,319,0.08908432722091675,0.001,24619
311,10.0,99520,0.05,9952,0.36950000000000005,319,0.10444142669439316,0.001,24629
311,10.0,99560,0.05,9956,0.38299999999999984,319,0.09035775065422058,0.001,24639
311,10.0,99600,0.05,9960,0.2615,320,0.062120407819747925,0.001,24649
311,10.0,99640,0.05,9964,0.374,320,0.09156220406293869,0.001,24659
311,10.0,99680,0.05,9968,0.327,320,0.08268087357282639,0.001,24669
311,10.0,99720,0.05,9972,0.267,320,0.09156544506549835,0.001,24679
311,10.0,99760,0.05,9976,0.2235,320,0.1290183663368225,0.001,24689
311,10.0,99800,0.05,9980,0.26499999999999996,320,0.08986639231443405,0.001,24699
311,10.0,99840,0.05,9984,0.27199999999999996,320,0.06731588393449783,0.001,24709
311,10.0,99880,0.05,9988,0.21,321,0.09873341023921967,0.001,24719
311,10.0,99920,0.05,9992,0.1945,321,0.09853198379278183,0.001,24729
311,10.0,99960,0.05,9996,0.12499999999999999,321,0.07842864841222763,0.001,24739
311,10.0,100000,0.05,10000,0.266,321,0.07654593884944916,0.001,24749
310,10.0,100040,0.05,10004,0.241,321,0.06432527303695679,0.001,24759
310,10.0,100080,0.05,10008,0.2290000000000001,322,0.08833330869674683,0.001,24769
310,10.0,100120,0.05,10012,0.2695,322,0.20865243673324585,0.001,24779
310,10.0,100160,0.05,10016,0.353,322,0.0926617830991745,0.001,24789
310,10.0,100200,0.05,10020,0.4115,323,0.10043799132108688,0.001,24799
309,10.0,100240,0.05,10024,0.37200000000000005,323,0.10838615894317627,0.001,24809
309,10.0,100280,0.05,10028,0.20750000000000005,324,0.10791756212711334,0.001,24819
307,10.0,100320,0.05,10032,0.14450000000000007,326,0.0944354459643364,0.001,24829
307,10.0,100360,0.05,10036,0.2535,326,0.041915811598300934,0.001,24839
307,10.0,100400,0.05,10040,0.18500000000000003,326,0.07667186111211777,0.001,24849
307,10.0,100440,0.05,10044,0.1715,326,0.09230204671621323,0.001,24859
307,10.0,100480,0.05,10048,0.08250000000000003,327,0.12823845446109772,0.001,24869
307,10.0,100520,0.05,10052,0.087,327,0.11815401911735535,0.001,24879
307,10.0,100560,0.05,10056,0.012500000000000004,327,0.08299891650676727,0.001,24889
306,10.0,100600,0.05,10060,0.14250000000000002,327,0.0856744796037674,0.001,24899
306,10.0,100640,0.05,10064,0.040500000000000015,327,0.09865153580904007,0.001,24909
307,10.0,100680,0.05,10068,0.04250000000000001,327,0.09300168603658676,0.001,24919
307,10.0,100720,0.05,10072,0.11150000000000002,328,0.2769591808319092,0.001,24929
307,10.0,100760,0.05,10076,0.07700000000000004,328,0.07735347747802734,0.001,24939
307,10.0,100800,0.05,10080,0.017000000000000005,328,0.0714358240365982,0.001,24949
307,10.0,100840,0.05,10084,-0.03700000000000002,328,0.11151595413684845,0.001,24959
307,10.0,100880,0.05,10088,-0.10300000000000004,328,0.1254461109638214,0.001,24969
307,10.0,100920,0.05,10092,-0.1815,328,0.11169306933879852,0.001,24979
307,10.0,100960,0.05,10096,-0.15699999999999995,328,0.07259701192378998,0.001,24989
306,10.0,101000,0.05,10100,-0.20099999999999998,329,0.07458905875682831,0.001,24999
306,10.0,101040,0.05,10104,-0.2835,329,0.08578044921159744,0.001,25009
306,10.0,101080,0.05,10108,-0.35850000000000004,329,0.05912631005048752,0.001,25019
306,10.0,101120,0.05,10112,-0.419,329,0.08655554056167603,0.001,25029
306,10.0,101160,0.05,10116,-0.38500000000000006,329,0.08999744057655334,0.001,25039
306,10.0,101200,0.05,10120,-0.4100000000000001,329,0.09411834180355072,0.001,25049
306,10.0,101240,0.05,10124,-0.355,329,0.09494394063949585,0.001,25059
306,10.0,101280,0.05,10128,-0.38150000000000006,330,0.09629039466381073,0.001,25069
306,10.0,101320,0.05,10132,-0.34450000000000003,330,0.07729590684175491,0.001,25079
306,10.0,101360,0.05,10136,-0.36800000000000005,330,0.0927710235118866,0.001,25089
306,10.0,101400,0.05,10140,-0.43650000000000005,330,0.06786438822746277,0.001,25099
306,10.0,101440,0.05,10144,-0.48249999999999993,330,0.06665384769439697,0.001,25109
306,10.0,101480,0.05,10148,-0.5059999999999999,330,0.09644874930381775,0.001,25119
306,10.0,101520,0.05,10152,-0.616,330,0.06334676593542099,0.001,25129
306,10.0,101560,0.05,10156,-0.6585,330,0.07814235985279083,0.001,25139
306,10.0,101600,0.05,10160,-0.7565,331,0.09786181896924973,0.001,25149
306,10.0,101640,0.05,10164,-0.8425,331,0.09459175914525986,0.001,25159
306,10.0,101680,0.05,10168,-0.7484999999999999,331,0.12582337856292725,0.001,25169
306,10.0,101720,0.05,10172,-0.6939999999999997,331,0.10341561585664749,0.001,25179
306,10.0,101760,0.05,10176,-0.6365000000000001,331,0.08158832043409348,0.001,25189
306,10.0,101800,0.05,10180,-0.6074999999999999,331,0.19636134803295135,0.001,25199
306,10.0,101840,0.05,10184,-0.5365,332,0.1104227751493454,0.001,25209
306,10.0,101880,0.05,10188,-0.45800000000000013,332,0.06625007092952728,0.001,25219
306,10.0,101920,0.05,10192,-0.523,332,0.07333370298147202,0.001,25229
306,10.0,101960,0.05,10196,-0.595,332,0.10321082174777985,0.001,25239
306,10.0,102000,0.05,10200,-0.6065,332,0.08557254076004028,0.001,25249
306,10.0,102040,0.05,10204,-0.5495,332,0.09710481762886047,0.001,25259
306,10.0,102080,0.05,10208,-0.46950000000000003,332,0.07029641419649124,0.001,25269
306,10.0,102120,0.05,10212,-0.4555,332,0.07296097278594971,0.001,25279
306,10.0,102160,0.05,10216,-0.5240000000000001,333,0.0584552139043808,0.001,25289
306,10.0,102200,0.05,10220,-0.5239999999999999,333,0.0836525708436966,0.001,25299
306,10.0,102240,0.05,10224,-0.623,333,0.12247021496295929,0.001,25309
306,10.0,102280,0.05,10228,-0.6579999999999999,333,0.08053229749202728,0.001,25319
306,10.0,102320,0.05,10232,-0.6599999999999998,333,0.07035387307405472,0.001,25329
306,10.0,102360,0.05,10236,-0.6489999999999999,333,0.08390725404024124,0.001,25339
306,10.0,102400,0.05,10240,-0.5585,333,0.16489280760288239,0.001,25349
306,10.0,102440,0.05,10244,-0.5115000000000001,333,0.09290339797735214,0.001,25359
306,10.0,102480,0.05,10248,-0.5005000000000002,333,0.08937662839889526,0.001,25369
306,10.0,102520,0.05,10252,-0.35900000000000004,334,0.10733950138092041,0.001,25379
306,10.0,102560,0.05,10256,-0.29850000000000004,334,0.09668884426355362,0.001,25389
306,10.0,102600,0.05,10260,-0.26249999999999996,334,0.2292526215314865,0.001,25399
307,10.0,102640,0.05,10264,-0.1435,334,0.09708502888679504,0.001,25409
307,10.0,102680,0.05,10268,-0.23949999999999996,334,0.11572055518627167,0.001,25419
307,10.0,102720,0.05,10272,-0.3655,334,0.11685748398303986,0.001,25429
307,10.0,102760,0.05,10276,-0.3295,334,0.10259421169757843,0.001,25439
307,10.0,102800,0.05,10280,-0.3605,334,0.10091463476419449,0.001,25449
307,10.0,102840,0.05,10284,-0.38800000000000007,334,0.09386659413576126,0.001,25459
307,10.0,102880,0.05,10288,-0.33650000000000013,334,0.07961492240428925,0.001,25469
307,10.0,102920,0.05,10292,-0.253,335,0.07844696193933487,0.001,25479
307,10.0,102960,0.05,10296,-0.18100000000000002,335,0.10744843631982803,0.001,25489
307,10.0,103000,0.05,10300,-0.20600000000000002,335,0.10254860669374466,0.001,25499
307,10.0,103040,0.05,10304,-0.1925,335,0.1251271367073059,0.001,25509
307,10.0,103080,0.05,10308,-0.205,335,0.12355387210845947,0.001,25519
307,10.0,103120,0.05,10312,-0.16299999999999998,335,0.06724119931459427,0.001,25529
307,10.0,103160,0.05,10316,-0.10849999999999999,335,0.09385514259338379,0.001,25539
307,10.0,103200,0.05,10320,-0.1105,335,0.09627948701381683,0.001,25549
307,10.0,103240,0.05,10324,0.010499999999999987,335,0.10935570299625397,0.001,25559
307,10.0,103280,0.05,10328,0.10949999999999999,335,0.06520134210586548,0.001,25569
307,10.0,103320,0.05,10332,0.14399999999999996,336,0.08043274283409119,0.001,25579
307,10.0,103360,0.05,10336,0.19749999999999995,336,0.10642936080694199,0.001,25589
307,10.0,103400,0.05,10340,0.1935,336,0.10913106799125671,0.001,25599
307,10.0,103440,0.05,10344,0.22450000000000003,336,0.08762262016534805,0.001,25609
307,10.0,103480,0.05,10348,0.23149999999999996,336,0.06890486180782318,0.001,25619
307,10.0,103520,0.05,10352,0.15599999999999997,336,0.09287217259407043,0.001,25629
307,10.0,103560,0.05,10356,0.20350000000000001,336,0.06692993640899658,0.001,25639
307,10.0,103600,0.05,10360,0.31149999999999994,336,0.09732550382614136,0.001,25649
307,10.0,103640,0.05,10364,0.35,336,0.09665590524673462,0.001,25659
307,10.0,103680,0.05,10368,0.4585,336,0.090598464012146,0.001,25669
307,10.0,103720,0.05,10372,0.5295,337,0.08984536677598953,0.001,25679
307,10.0,103760,0.05,10376,0.48350000000000004,337,0.11306147277355194,0.001,25689
307,10.0,103800,0.05,10380,0.44400000000000006,337,0.07210823148488998,0.001,25699
307,10.0,103840,0.05,10384,0.47850000000000004,337,0.09563879668712616,0.001,25709
307,10.0,103880,0.05,10388,0.49149999999999994,337,0.0901368260383606,0.001,25719
307,10.0,103920,0.05,10392,0.485,337,0.15690352022647858,0.001,25729
307,10.0,103960,0.05,10396,0.512,337,0.10482116788625717,0.001,25739
307,10.0,104000,0.05,10400,0.474,338,0.06734253466129303,0.001,25749
307,10.0,104040,0.05,10404,0.4025000000000001,338,0.08903304487466812,0.001,25759
307,10.0,104080,0.05,10408,0.5055,338,0.08659956604242325,0.001,25769
307,10.0,104120,0.05,10412,0.5154999999999998,338,0.10077270865440369,0.001,25779
307,10.0,104160,0.05,10416,0.4829999999999999,339,0.08270973712205887,0.001,25789
306,10.0,104200,0.05,10420,0.5125,339,0.08658409118652344,0.001,25799
306,10.0,104240,0.05,10424,0.5105000000000001,339,0.0771002247929573,0.001,25809
306,10.0,104280,0.05,10428,0.4054999999999999,340,0.08032676577568054,0.001,25819
306,10.0,104320,0.05,10432,0.4635000000000001,340,0.08399949967861176,0.001,25829
305,10.0,104360,0.05,10436,0.41300000000000003,341,0.08447220921516418,0.001,25839
305,10.0,104400,0.05,10440,0.4235,341,0.11314254999160767,0.001,25849
305,10.0,104440,0.05,10444,0.3735,341,0.09812309592962265,0.001,25859
305,10.0,104480,0.05,10448,0.3975,341,0.08803430944681168,0.001,25869
305,10.0,104520,0.05,10452,0.4364999999999999,341,0.06092330068349838,0.001,25879
305,10.0,104560,0.05,10456,0.301,342,0.09082289040088654,0.001,25889
305,10.0,104600,0.05,10460,0.20399999999999996,342,0.09503883123397827,0.001,25899
305,10.0,104640,0.05,10464,0.08649999999999998,342,0.12576021254062653,0.001,25909
305,10.0,104680,0.05,10468,-0.023499999999999997,342,0.13474354147911072,0.001,25919
305,10.0,104720,0.05,10472,0.025499999999999988,342,0.0983150526881218,0.001,25929
305,10.0,104760,0.05,10476,-0.02900000000000004,342,0.10031455010175705,0.001,25939
305,10.0,104800,0.05,10480,0.11099999999999995,342,0.07189279049634933,0.001,25949
305,10.0,104840,0.05,10484,0.07699999999999997,343,0.13121168315410614,0.001,25959
305,10.0,104880,0.05,10488,0.03749999999999996,343,0.0892680361866951,0.001,25969
305,10.0,104920,0.05,10492,0.08249999999999993,343,0.10967458039522171,0.001,25979
305,10.0,104960,0.05,10496,0.03599999999999996,343,0.07777641713619232,0.001,25989
305,10.0,105000,0.05,10500,0.07299999999999997,343,0.07847800105810165,0.001,25999
305,10.0,105040,0.05,10504,0.12399999999999992,343,0.06886202841997147,0.001,26009
305,10.0,105080,0.05,10508,0.043499999999999976,344,0.11040803045034409,0.001,26019
305,10.0,105120,0.05,10512,-0.05350000000000001,344,0.08797555416822433,0.001,26029
305,10.0,105160,0.05,10516,-0.05350000000000005,344,0.09060568362474442,0.001,26039
305,10.0,105200,0.05,10520,-0.06000000000000006,344,0.08410283923149109,0.001,26049
305,10.0,105240,0.05,10524,-0.016000000000000025,344,0.10153843462467194,0.001,26059
305,10.0,105280,0.05,10528,0.12650000000000003,344,0.0604751855134964,0.001,26069
305,10.0,105320,0.05,10532,0.037500000000000006,345,0.10495054721832275,0.001,26079
305,10.0,105360,0.05,10536,0.05000000000000002,345,0.08053913712501526,0.001,26089
305,10.0,105400,0.05,10540,0.021000000000000022,345,0.07420460879802704,0.001,26099
305,10.0,105440,0.05,10544,0.11650000000000002,345,0.08767913281917572,0.001,26109
305,10.0,105480,0.05,10548,0.11550000000000002,345,0.08583125472068787,0.001,26119
305,10.0,105520,0.05,10552,0.20350000000000004,345,0.11222678422927856,0.001,26129
305,10.0,105560,0.05,10556,0.20949999999999996,345,0.06983979046344757,0.001,26139
305,10.0,105600,0.05,10560,0.2365,346,0.08786807209253311,0.001,26149
305,10.0,105640,0.05,10564,0.3604999999999999,346,0.07144609093666077,0.001,26159
305,10.0,105680,0.05,10568,0.436,346,0.05656236410140991,0.001,26169
305,10.0,105720,0.05,10572,0.3730000000000001,346,0.10250923037528992,0.001,26179
305,10.0,105760,0.05,10576,0.5435,346,0.13583259284496307,0.001,26189
304,10.0,105800,0.05,10580,0.44699999999999995,346,0.1111222505569458,0.001,26199
304,10.0,105840,0.05,10584,0.5285,347,0.06669409573078156,0.001,26209
304,10.0,105880,0.05,10588,0.4795,347,0.09068971127271652,0.001,26219
304,10.0,105920,0.05,10592,0.4475,347,0.07318390905857086,0.001,26229
304,10.0,105960,0.05,10596,0.41850000000000004,347,0.09174629300832748,0.001,26239
304,10.0,106000,0.05,10600,0.4754999999999999,347,0.09123390167951584,0.001,26249
304,10.0,106040,0.05,10604,0.5445,348,0.11797808855772018,0.001,26259
304,10.0,106080,0.05,10608,0.5915,348,0.0793793797492981,0.001,26269
304,10.0,106120,0.05,10612,0.6904999999999998,348,0.09811914712190628,0.001,26279
304,10.0,106160,0.05,10616,0.622,348,0.092500701546669,0.001,26289
304,10.0,106200,0.05,10620,0.6569999999999999,348,0.13223084807395935,0.001,26299
304,10.0,106240,0.05,10624,0.6679999999999999,348,0.14303013682365417,0.001,26309
304,10.0,106280,0.05,10628,0.7195,349,0.107078418135643,0.001,26319
304,10.0,106320,0.05,10632,0.7895,349,0.11396697163581848,0.001,26329
304,10.0,106360,0.05,10636,0.8680000000000001,349,0.14589422941207886,0.001,26339
304,10.0,106400,0.05,10640,0.8649999999999998,349,0.11318811774253845,0.001,26349
304,10.0,106440,0.05,10644,0.792,349,0.09087871015071869,0.001,26359
304,10.0,106480,0.05,10648,0.8005000000000001,349,0.22829140722751617,0.001,26369
304,10.0,106520,0.05,10652,0.6464999999999997,350,0.10032238811254501,0.001,26379
304,10.0,106560,0.05,10656,0.79,350,0.07820480316877365,0.001,26389
304,10.0,106600,0.05,10660,0.7885000000000001,350,0.09456923604011536,0.001,26399
304,10.0,106640,0.05,10664,0.665,350,0.09494894742965698,0.001,26409
304,10.0,106680,0.05,10668,0.567,350,0.10653010755777359,0.001,26419
304,10.0,106720,0.05,10672,0.6124999999999999,351,0.07283461093902588,0.001,26429
304,10.0,106760,0.05,10676,0.5614999999999999,351,0.07795889675617218,0.001,26439
304,10.0,106800,0.05,10680,0.598,351,0.08344736695289612,0.001,26449
303,10.0,106840,0.05,10684,0.5834999999999999,351,0.07169149070978165,0.001,26459
304,10.0,106880,0.05,10688,0.6669999999999999,351,0.09131801128387451,0.001,26469
304,10.0,106920,0.05,10692,0.7224999999999998,351,0.14054667949676514,0.001,26479
304,10.0,106960,0.05,10696,0.7769999999999999,351,0.12335793673992157,0.001,26489
304,10.0,107000,0.05,10700,0.6964999999999999,351,0.09948960691690445,0.001,26499
304,10.0,107040,0.05,10704,0.6539999999999999,351,0.056598030030727386,0.001,26509
304,10.0,107080,0.05,10708,0.691,352,0.10026209056377411,0.001,26519
304,10.0,107120,0.05,10712,0.609,352,0.1020439863204956,0.001,26529
304,10.0,107160,0.05,10716,0.6764999999999999,352,0.07299322634935379,0.001,26539
304,10.0,107200,0.05,10720,0.5465000000000001,352,0.055169880390167236,0.001,26549
304,10.0,107240,0.05,10724,0.4445000000000001,352,0.06835529953241348,0.001,26559
304,10.0,107280,0.05,10728,0.2895,352,0.06081405282020569,0.001,26569
304,10.0,107320,0.05,10732,0.21,352,0.08832062780857086,0.001,26579
304,10.0,107360,0.05,10736,0.1395,352,0.08714184910058975,0.001,26589
304,10.0,107400,0.05,10740,0.14500000000000002,352,0.1206812858581543,0.001,26599
304,10.0,107440,0.05,10744,0.1215,352,0.08761398494243622,0.001,26609
304,10.0,107480,0.05,10748,0.058499999999999996,353,0.13206803798675537,0.001,26619
304,10.0,107520,0.05,10752,0.12149999999999997,353,0.07789864391088486,0.001,26629
304,10.0,107560,0.05,10756,0.11399999999999999,353,0.12255556136369705,0.001,26639
304,10.0,107600,0.05,10760,0.099,353,0.08885619789361954,0.001,26649
304,10.0,107640,0.05,10764,0.19149999999999995,353,0.06985218077898026,0.001,26659
304,10.0,107680,0.05,10768,0.14549999999999996,353,0.08775001019239426,0.001,26669
304,10.0,107720,0.05,10772,0.11049999999999993,353,0.0673292875289917,0.001,26679
304,10.0,107760,0.05,10776,0.07599999999999994,354,0.10764707624912262,0.001,26689
304,10.0,107800,0.05,10780,0.13049999999999998,354,0.0742754116654396,0.001,26699
304,10.0,107840,0.05,10784,0.05749999999999998,354,0.1111033484339714,0.001,26709
304,10.0,107880,0.05,10788,-0.012000000000000037,354,0.07295728474855423,0.001,26719
303,10.0,107920,0.05,10792,-0.10350000000000005,355,0.059821147471666336,0.001,26729
303,10.0,107960,0.05,10796,-0.11349999999999999,355,0.08843108266592026,0.001,26739
303,10.0,108000,0.05,10800,-0.09050000000000004,355,0.10574345290660858,0.001,26749
303,10.0,108040,0.05,10804,-0.15150000000000005,355,0.07140018045902252,0.001,26759
303,10.0,108080,0.05,10808,-0.15250000000000002,356,0.09193576127290726,0.001,26769
303,10.0,108120,0.05,10812,-0.169,356,0.08099762350320816,0.001,26779
303,10.0,108160,0.05,10816,-0.1595,356,0.07942646741867065,0.001,26789
303,10.0,108200,0.05,10820,-0.114,356,0.11025890707969666,0.001,26799
303,10.0,108240,0.05,10824,-0.05699999999999998,357,0.0761200487613678,0.001,26809
303,10.0,108280,0.05,10828,-0.023499999999999983,357,0.06287354230880737,0.001,26819
303,10.0,108320,0.05,10832,0.06899999999999998,357,0.06994391977787018,0.001,26829
302,10.0,108360,0.05,10836,0.06749999999999995,357,0.0701809972524643,0.001,26839
302,10.0,108400,0.05,10840,0.11249999999999999,357,0.06652297079563141,0.001,26849
302,10.0,108440,0.05,10844,0.1305,358,0.06356188654899597,0.001,26859
302,10.0,108480,0.05,10848,0.16649999999999998,358,0.0852263867855072,0.001,26869
302,10.0,108520,0.05,10852,0.2165,358,0.08465536683797836,0.001,26879
302,10.0,108560,0.05,10856,0.2175,358,0.08357119560241699,0.001,26889
302,10.0,108600,0.05,10860,0.1805,358,0.06357969343662262,0.001,26899
302,10.0,108640,0.05,10864,0.15649999999999997,358,0.11095388978719711,0.001,26909
302,10.0,108680,0.05,10868,0.192,358,0.09551221877336502,0.001,26919
302,10.0,108720,0.05,10872,0.20600000000000002,358,0.09905685484409332,0.001,26929
302,10.0,108760,0.05,10876,0.15100000000000002,359,0.09128884971141815,0.001,26939
302,10.0,108800,0.05,10880,0.07750000000000005,359,0.0959998369216919,0.001,26949
302,10.0,108840,0.05,10884,0.11900000000000005,359,0.11633670330047607,0.001,26959
302,10.0,108880,0.05,10888,0.17100000000000004,359,0.07887743413448334,0.001,26969
302,10.0,108920,0.05,10892,0.252,359,0.11745436489582062,0.001,26979
302,10.0,108960,0.05,10896,0.24750000000000003,360,0.0890045315027237,0.001,26989
302,10.0,109000,0.05,10900,0.2985000000000001,360,0.07127609848976135,0.001,26999
302,10.0,109040,0.05,10904,0.3165000000000001,360,0.14297045767307281,0.001,27009
302,10.0,109080,0.05,10908,0.23600000000000002,360,0.1175040453672409,0.001,27019
302,10.0,109120,0.05,10912,0.29950000000000004,361,0.06325634568929672,0.001,27029
302,10.0,109160,0.05,10916,0.25849999999999995,361,0.11642422527074814,0.001,27039
302,10.0,109200,0.05,10920,0.2325,361,0.07074911892414093,0.001,27049
301,10.0,109240,0.05,10924,0.141,361,0.07571657747030258,0.001,27059
301,10.0,109280,0.05,10928,0.14449999999999996,362,0.08456294983625412,0.001,27069
301,10.0,109320,0.05,10932,0.08699999999999995,362,0.0546807125210762,0.001,27079
301,10.0,109360,0.05,10936,0.16049999999999998,362,0.10565493255853653,0.001,27089
301,10.0,109400,0.05,10940,0.06849999999999996,362,0.07528682798147202,0.001,27099
301,10.0,109440,0.05,10944,0.05699999999999998,362,0.07886099815368652,0.001,27109
301,10.0,109480,0.05,10948,0.08349999999999998,362,0.07016490399837494,0.001,27119
301,10.0,109520,0.05,10952,0.056999999999999974,363,0.11238109320402145,0.001,27129
301,10.0,109560,0.05,10956,-0.007500000000000046,363,0.08110785484313965,0.001,27139
301,10.0,109600,0.05,10960,0.032499999999999925,363,0.08077778667211533,0.001,27149
301,10.0,109640,0.05,10964,0.09249999999999993,363,0.1336858868598938,0.001,27159
301,10.0,109680,0.05,10968,0.03599999999999996,363,0.09124384075403214,0.001,27169
301,10.0,109720,0.05,10972,0.0325,363,0.09514781832695007,0.001,27179
301,10.0,109760,0.05,10976,0.09449999999999996,363,0.11021751165390015,0.001,27189
301,10.0,109800,0.05,10980,0.036499999999999956,364,0.08252158015966415,0.001,27199
301,10.0,109840,0.05,10984,0.04699999999999997,364,0.09196065366268158,0.001,27209
301,10.0,109880,0.05,10988,0.0385,364,0.0677010640501976,0.001,27219
301,10.0,109920,0.05,10992,-0.00800000000000003,364,0.11268391460180283,0.001,27229
301,10.0,109960,0.05,10996,-0.019000000000000038,364,0.06099507212638855,0.001,27239
301,10.0,110000,0.05,11000,-0.05800000000000002,364,0.08413134515285492,0.001,27249
301,10.0,110040,0.05,11004,-0.03250000000000001,365,0.12677717208862305,0.001,27259
301,10.0,110080,0.05,11008,-0.02500000000000001,365,0.08350655436515808,0.001,27269
301,10.0,110120,0.05,11012,-0.029999999999999995,365,0.10975518822669983,0.001,27279
301,10.0,110160,0.05,11016,0.016000000000000035,365,0.10946701467037201,0.001,27289
301,10.0,110200,0.05,11020,0.08000000000000003,365,0.10377760976552963,0.001,27299
301,10.0,110240,0.05,11024,0.18250000000000008,365,0.11126162856817245,0.001,27309
301,10.0,110280,0.05,11028,0.28600000000000003,365,0.0703599825501442,0.001,27319
301,10.0,110320,0.05,11032,0.31250000000000006,366,0.09530564397573471,0.001,27329
301,10.0,110360,0.05,11036,0.3185,366,0.11918352544307709,0.001,27339
301,10.0,110400,0.05,11040,0.2745,366,0.07439631968736649,0.001,27349
301,10.0,110440,0.05,11044,0.16449999999999995,366,0.08293948322534561,0.001,27359
301,10.0,110480,0.05,11048,0.15949999999999998,366,0.07693862915039062,0.001,27369
301,10.0,110520,0.05,11052,0.11999999999999998,366,0.10063701868057251,0.001,27379
301,10.0,110560,0.05,11056,0.08199999999999996,366,0.07193110883235931,0.001,27389
301,10.0,110600,0.05,11060,0.14049999999999996,366,0.07483673840761185,0.001,27399
301,10.0,110640,0.05,11064,0.07649999999999996,366,0.08733190596103668,0.001,27409
301,10.0,110680,0.05,11068,0.23699999999999996,367,0.07369065284729004,0.001,27419
301,10.0,110720,0.05,11072,0.23299999999999993,367,0.08375105261802673,0.001,27429
301,10.0,110760,0.05,11076,0.14599999999999994,367,0.07074077427387238,0.001,27439
301,10.0,110800,0.05,11080,0.12599999999999995,367,0.06940806657075882,0.001,27449
301,10.0,110840,0.05,11084,0.10149999999999995,367,0.09702859073877335,0.001,27459
301,10.0,110880,0.05,11088,0.047500000000000035,367,0.07323707640171051,0.001,27469
301,10.0,110920,0.05,11092,0.02700000000000002,367,0.08848442137241364,0.001,27479
301,10.0,110960,0.05,11096,-0.022499999999999954,367,0.09279530495405197,0.001,27489
301,10.0,111000,0.05,11100,-0.024499999999999963,367,0.13867564499378204,0.001,27499
301,10.0,111040,0.05,11104,0.010499999999999994,367,0.1464684158563614,0.001,27509
301,10.0,111080,0.05,11108,-0.02100000000000003,368,0.08024320751428604,0.001,27519
301,10.0,111120,0.05,11112,0.05249999999999993,368,0.09267139434814453,0.001,27529
301,10.0,111160,0.05,11116,0.030999999999999982,368,0.08189280331134796,0.001,27539
301,10.0,111200,0.05,11120,-0.0004999999999999983,368,0.06892137974500656,0.001,27549
301,10.0,111240,0.05,11124,-0.073,368,0.08971014618873596,0.001,27559
301,10.0,111280,0.05,11128,-0.1975,368,0.09088411927223206,0.001,27569
301,10.0,111320,0.05,11132,-0.19,368,0.07582969963550568,0.001,27579
301,10.0,111360,0.05,11136,-0.29900000000000004,368,0.08331622183322906,0.001,27589
301,10.0,111400,0.05,11140,-0.2585000000000001,368,0.09131022542715073,0.001,27599
301,10.0,111440,0.05,11144,-0.13050000000000003,369,0.07080316543579102,0.001,27609
301,10.0,111480,0.05,11148,-0.20450000000000002,369,0.07686363905668259,0.001,27619
302,10.0,111520,0.05,11152,-0.17299999999999996,369,0.12789574265480042,0.001,27629
302,10.0,111560,0.05,11156,-0.131,369,0.06785723567008972,0.001,27639
302,10.0,111600,0.05,11160,-0.2045,369,0.08435207605361938,0.001,27649
302,10.0,111640,0.05,11164,-0.293,369,0.06426425278186798,0.001,27659
302,10.0,111680,0.05,11168,-0.41850000000000004,369,0.0920419916510582,0.001,27669
302,10.0,111720,0.05,11172,-0.425,369,0.11026972532272339,0.001,27679
302,10.0,111760,0.05,11176,-0.48300000000000004,369,0.14001145958900452,0.001,27689
302,10.0,111800,0.05,11180,-0.34299999999999997,369,0.10069378465414047,0.001,27699
302,10.0,111840,0.05,11184,-0.26949999999999996,370,0.08573063462972641,0.001,27709
302,10.0,111880,0.05,11188,-0.3285,370,0.08753267675638199,0.001,27719
301,10.0,111920,0.05,11192,-0.28750000000000003,370,0.08003153651952744,0.001,27729
301,10.0,111960,0.05,11196,-0.241,370,0.09857488423585892,0.001,27739
301,10.0,112000,0.05,11200,-0.2905,371,0.0754939541220665,0.001,27749
301,10.0,112040,0.05,11204,-0.2414999999999999,371,0.07293320447206497,0.001,27759
301,10.0,112080,0.05,11208,-0.21549999999999997,371,0.09977437555789948,0.001,27769
301,10.0,112120,0.05,11212,-0.34199999999999986,371,0.105331189930439,0.001,27779
301,10.0,112160,0.05,11216,-0.29699999999999993,371,0.09334990382194519,0.001,27789
301,10.0,112200,0.05,11220,-0.2649999999999999,372,0.08509482443332672,0.001,27799
301,10.0,112240,0.05,11224,-0.22899999999999995,372,0.12399915605783463,0.001,27809
301,10.0,112280,0.05,11228,-0.07699999999999994,372,0.10869583487510681,0.001,27819
301,10.0,112320,0.05,11232,-0.10849999999999993,372,0.10841938108205795,0.001,27829
301,10.0,112360,0.05,11236,-0.12749999999999992,373,0.09272029995918274,0.001,27839
301,10.0,112400,0.05,11240,0.014500000000000008,373,0.07388998568058014,0.001,27849
301,10.0,112440,0.05,11244,-0.02599999999999999,373,0.05899721756577492,0.001,27859
300,10.0,112480,0.05,11248,-0.006999999999999964,373,0.11276040226221085,0.001,27869
300,10.0,112520,0.05,11252,0.06600000000000004,373,0.11000125110149384,0.001,27879
300,10.0,112560,0.05,11256,0.14150000000000007,374,0.10944218933582306,0.001,27889
300,10.0,112600,0.05,11260,0.20550000000000004,374,0.09911801666021347,0.001,27899
300,10.0,112640,0.05,11264,0.2575000000000001,374,0.11207658797502518,0.001,27909
300,10.0,112680,0.05,11268,0.3335000000000001,374,0.06691017001867294,0.001,27919
300,10.0,112720,0.05,11272,0.31900000000000006,374,0.05157250910997391,0.001,27929
300,10.0,112760,0.05,11276,0.4524999999999999,374,0.07143672555685043,0.001,27939
300,10.0,112800,0.05,11280,0.38100000000000006,374,0.06727684289216995,0.001,27949
300,10.0,112840,0.05,11284,0.3360000000000001,375,0.08184343576431274,0.001,27959
300,10.0,112880,0.05,11288,0.368,375,0.10331490635871887,0.001,27969
300,10.0,112920,0.05,11292,0.29950000000000004,375,0.07995882630348206,0.001,27979
300,10.0,112960,0.05,11296,0.25800000000000006,375,0.10005736351013184,0.001,27989
300,10.0,113000,0.05,11300,0.24600000000000008,375,0.08232030272483826,0.001,27999
300,10.0,113040,0.05,11304,0.08950000000000001,375,0.09560415148735046,0.001,28009
300,10.0,113080,0.05,11308,0.022000000000000002,376,0.10073956847190857,0.001,28019
300,10.0,113120,0.05,11312,0.069,376,0.14229770004749298,0.001,28029
300,10.0,113160,0.05,11316,-0.019999999999999983,376,0.09307590872049332,0.001,28039
300,10.0,113200,0.05,11320,-0.03499999999999995,376,0.07582249492406845,0.001,28049
300,10.0,113240,0.05,11324,-0.05399999999999998,376,0.09485887736082077,0.001,28059
300,10.0,113280,0.05,11328,-0.17000000000000007,376,0.11168208718299866,0.001,28069
300,10.0,113320,0.05,11332,-0.1315,376,0.06493716686964035,0.001,28079
300,10.0,113360,0.05,11336,-0.08299999999999998,376,0.09590394049882889,0.001,28089
300,10.0,113400,0.05,11340,-0.14150000000000001,377,0.1022857278585434,0.001,28099
300,10.0,113440,0.05,11344,-0.16100000000000006,377,0.11422735452651978,0.001,28109
300,10.0,113480,0.05,11348,-0.15650000000000003,377,0.056250739842653275,0.001,28119
300,10.0,113520,0.05,11352,-0.2875,377,0.09891829639673233,0.001,28129
300,10.0,113560,0.05,11356,-0.2744999999999999,377,0.1032632514834404,0.001,28139
300,10.0,113600,0.05,11360,-0.27349999999999997,378,0.08449453860521317,0.001,28149
300,10.0,113640,0.05,11364,-0.2064999999999999,378,0.09411556273698807,0.001,28159
300,10.0,113680,0.05,11368,-0.26449999999999996,378,0.059292323887348175,0.001,28169
300,10.0,113720,0.05,11372,-0.343,378,0.07016674429178238,0.001,28179
300,10.0,113760,0.05,11376,-0.3335,378,0.09761170297861099,0.001,28189
300,10.0,113800,0.05,11380,-0.42550000000000004,378,0.08011484891176224,0.001,28199
300,10.0,113840,0.05,11384,-0.43399999999999983,378,0.08033275604248047,0.001,28209
300,10.0,113880,0.05,11388,-0.4064999999999999,378,0.08678877353668213,0.001,28219
300,10.0,113920,0.05,11392,-0.38,379,0.08881228417158127,0.001,28229
300,10.0,113960,0.05,11396,-0.335,379,0.1266656070947647,0.001,28239
300,10.0,114000,0.05,11400,-0.3605,379,0.06844360381364822,0.001,28249
300,10.0,114040,0.05,11404,-0.21199999999999997,379,0.09667603671550751,0.001,28259
300,10.0,114080,0.05,11408,-0.15200000000000002,379,0.09400069713592529,0.001,28269
300,10.0,114120,0.05,11412,-0.08650000000000002,379,0.1011301726102829,0.001,28279
300,10.0,114160,0.05,11416,-0.10200000000000001,380,0.12581968307495117,0.001,28289
300,10.0,114200,0.05,11420,-0.128,380,0.128106489777565,0.001,28299
300,10.0,114240,0.05,11424,-0.1105,380,0.11903001368045807,0.001,28309
300,10.0,114280,0.05,11428,-0.19649999999999995,380,0.10166685283184052,0.001,28319
300,10.0,114320,0.05,11432,-0.22899999999999995,380,0.10172712802886963,0.001,28329
300,10.0,114360,0.05,11436,-0.2505,381,0.12059211730957031,0.001,28339
300,10.0,114400,0.05,11440,-0.26600000000000007,381,0.07665157318115234,0.001,28349
299,10.0,114440,0.05,11444,-0.18200000000000005,381,0.07170314341783524,0.001,28359
299,10.0,114480,0.05,11448,-0.08850000000000005,381,0.07412134110927582,0.001,28369
299,10.0,114520,0.05,11452,-0.022500000000000044,382,0.11446741223335266,0.001,28379
299,10.0,114560,0.05,11456,-0.08050000000000007,382,0.10178931057453156,0.001,28389
299,10.0,114600,0.05,11460,-0.17900000000000002,382,0.09100551158189774,0.001,28399
299,10.0,114640,0.05,11464,-0.16700000000000004,382,0.11251357197761536,0.001,28409
299,10.0,114680,0.05,11468,-0.10550000000000008,383,0.07613112777471542,0.001,28419
299,10.0,114720,0.05,11472,-0.04650000000000004,383,0.08710040897130966,0.001,28429
299,10.0,114760,0.05,11476,-0.06950000000000005,383,0.12044858932495117,0.001,28439
298,10.0,114800,0.05,11480,0.028000000000000008,384,0.10424904525279999,0.001,28449
298,10.0,114840,0.05,11484,-0.0030000000000000113,384,0.0790279433131218,0.001,28459
298,10.0,114880,0.05,11488,0.06399999999999996,384,0.09906492382287979,0.001,28469
298,10.0,114920,0.05,11492,0.11699999999999995,384,0.06105547398328781,0.001,28479
298,10.0,114960,0.05,11496,0.08349999999999992,384,0.11000169813632965,0.001,28489
298,10.0,115000,0.05,11500,0.22799999999999992,384,0.07194918394088745,0.001,28499
298,10.0,115040,0.05,11504,0.2334999999999999,385,0.08193198591470718,0.001,28509
298,10.0,115080,0.05,11508,0.25549999999999995,385,0.11080316454172134,0.001,28519
298,10.0,115120,0.05,11512,0.18799999999999994,385,0.0714648962020874,0.001,28529
298,10.0,115160,0.05,11516,0.2845,385,0.11845539510250092,0.001,28539
298,10.0,115200,0.05,11520,0.27449999999999997,385,0.08356203883886337,0.001,28549
298,10.0,115240,0.05,11524,0.259,385,0.1106674075126648,0.001,28559
298,10.0,115280,0.05,11528,0.39049999999999996,385,0.08081848174333572,0.001,28569
298,10.0,115320,0.05,11532,0.41200000000000003,385,0.05419672280550003,0.001,28579
298,10.0,115360,0.05,11536,0.4065,385,0.06359709799289703,0.001,28589
298,10.0,115400,0.05,11540,0.3999999999999999,386,0.10640585422515869,0.001,28599
298,10.0,115440,0.05,11544,0.40900000000000003,386,0.08761190623044968,0.001,28609
298,10.0,115480,0.05,11548,0.3275,386,0.08776016533374786,0.001,28619
298,10.0,115520,0.05,11552,0.30699999999999994,386,0.07656865566968918,0.001,28629
298,10.0,115560,0.05,11556,0.239,386,0.07875431329011917,0.001,28639
298,10.0,115600,0.05,11560,0.29150000000000004,386,0.0682438462972641,0.001,28649
298,10.0,115640,0.05,11564,0.257,386,0.08882400393486023,0.001,28659
298,10.0,115680,0.05,11568,0.3075,387,0.08197464048862457,0.001,28669
298,10.0,115720,0.05,11572,0.3725,387,0.09673923254013062,0.001,28679
298,10.0,115760,0.05,11576,0.39949999999999997,387,0.08548928797245026,0.001,28689
298,10.0,115800,0.05,11580,0.3895000000000001,387,0.09802430123090744,0.001,28699
298,10.0,115840,0.05,11584,0.42100000000000004,387,0.08514412492513657,0.001,28709
298,10.0,115880,0.05,11588,0.39349999999999996,387,0.09340120851993561,0.001,28719
298,10.0,115920,0.05,11592,0.3875,387,0.08389713615179062,0.001,28729
298,10.0,115960,0.05,11596,0.3115,388,0.1291847974061966,0.001,28739
298,10.0,116000,0.05,11600,0.2815,388,0.11354725807905197,0.001,28749
298,10.0,116040,0.05,11604,0.207,388,0.0892552062869072,0.001,28759
298,10.0,116080,0.05,11608,0.21599999999999991,388,0.10303598642349243,0.001,28769
298,10.0,116120,0.05,11612,0.2379999999999999,388,0.0980014055967331,0.001,28779
298,10.0,116160,0.05,11616,0.18949999999999992,388,0.12386742234230042,0.001,28789
298,10.0,116200,0.05,11620,0.27149999999999996,388,0.10082799941301346,0.001,28799
298,10.0,116240,0.05,11624,0.26749999999999996,388,0.06774131953716278,0.001,28809
298,10.0,116280,0.05,11628,0.25549999999999995,389,0.07855114340782166,0.001,28819
298,10.0,116320,0.05,11632,0.2145,389,0.09829378128051758,0.001,28829
298,10.0,116360,0.05,11636,0.17550000000000002,389,0.09513109922409058,0.001,28839
298,10.0,116400,0.05,11640,0.10300000000000001,389,0.09326519817113876,0.001,28849
298,10.0,116440,0.05,11644,0.07300000000000001,389,0.11695756018161774,0.001,28859
298,10.0,116480,0.05,11648,0.059499999999999977,389,0.09938077628612518,0.001,28869
298,10.0,116520,0.05,11652,-0.0005000000000000568,389,0.09234948456287384,0.001,28879
298,10.0,116560,0.05,11656,0.02249999999999993,390,0.08751358836889267,0.001,28889
298,10.0,116600,0.05,11660,0.08699999999999992,390,0.11856234818696976,0.001,28899
298,10.0,116640,0.05,11664,0.1289999999999999,390,0.09468580782413483,0.001,28909
298,10.0,116680,0.05,11668,0.08049999999999997,390,0.10888418555259705,0.001,28919
298,10.0,116720,0.05,11672,0.04000000000000001,390,0.08710657060146332,0.001,28929
298,10.0,116760,0.05,11676,-0.032000000000000035,390,0.06404782831668854,0.001,28939
298,10.0,116800,0.05,11680,0.00899999999999995,390,0.0698210820555687,0.001,28949
298,10.0,116840,0.05,11684,-0.028500000000000036,390,0.08569063246250153,0.001,28959
298,10.0,116880,0.05,11688,-0.1065,390,0.12267942726612091,0.001,28969
298,10.0,116920,0.05,11692,-0.1025,391,0.07398548722267151,0.001,28979
298,10.0,116960,0.05,11696,0.04200000000000003,391,0.07697831839323044,0.001,28989
299,10.0,117000,0.05,11700,-0.023499999999999993,391,0.08297417312860489,0.001,28999
299,10.0,117040,0.05,11704,-0.055500000000000035,391,0.09312057495117188,0.001,29009
299,10.0,117080,0.05,11708,-0.16400000000000006,391,0.11300738155841827,0.001,29019
299,10.0,117120,0.05,11712,-0.12250000000000005,391,0.07596462219953537,0.001,29029
299,10.0,117160,0.05,11716,-0.11599999999999998,391,0.09176425635814667,0.001,29039
299,10.0,117200,0.05,11720,-0.21700000000000003,391,0.08781936764717102,0.001,29049
299,10.0,117240,0.05,11724,-0.1365,391,0.07744655758142471,0.001,29059
299,10.0,117280,0.05,11728,-0.2285,392,0.10374553501605988,0.001,29069
299,10.0,117320,0.05,11732,-0.213,392,0.08790922909975052,0.001,29079
299,10.0,117360,0.05,11736,-0.17300000000000004,392,0.0869012326002121,0.001,29089
299,10.0,117400,0.05,11740,-0.10800000000000001,392,0.08924149721860886,0.001,29099
299,10.0,117440,0.05,11744,-0.16450000000000004,392,0.09390532970428467,0.001,29109
299,10.0,117480,0.05,11748,-0.13650000000000007,392,0.1253211498260498,0.001,29119
299,10.0,117520,0.05,11752,-0.021000000000000015,392,0.08419453352689743,0.001,29129
299,10.0,117560,0.05,11756,-0.008500000000000032,392,0.05554743483662605,0.001,29139
299,10.0,117600,0.05,11760,0.003499999999999972,392,0.09450525045394897,0.001,29149
299,10.0,117640,0.05,11764,-0.02900000000000004,392,0.12390631437301636,0.001,29159
299,10.0,117680,0.05,11768,-0.008500000000000028,393,0.07313796132802963,0.001,29169
299,10.0,117720,0.05,11772,0.0010000000000000165,393,0.1388213038444519,0.001,29179
299,10.0,117760,0.05,11776,0.029000000000000022,393,0.07154607772827148,0.001,29189
299,10.0,117800,0.05,11780,-0.077,393,0.07683230936527252,0.001,29199
299,10.0,117840,0.05,11784,-0.0425,393,0.06840255111455917,0.001,29209
299,10.0,117880,0.05,11788,-0.015500000000000016,393,0.10278842598199844,0.001,29219
299,10.0,117920,0.05,11792,0.03300000000000002,393,0.09707812964916229,0.001,29229
299,10.0,117960,0.05,11796,-0.007499999999999976,393,0.11877360939979553,0.001,29239
299,10.0,118000,0.05,11800,-0.11899999999999998,393,0.08604897558689117,0.001,29249
299,10.0,118040,0.05,11804,-0.11449999999999996,393,0.0955527126789093,0.001,29259
299,10.0,118080,0.05,11808,-0.11099999999999997,394,0.08698777854442596,0.001,29269
299,10.0,118120,0.05,11812,-0.17699999999999996,394,0.08894715458154678,0.001,29279
299,10.0,118160,0.05,11816,-0.17099999999999999,394,0.10884944349527359,0.001,29289
299,10.0,118200,0.05,11820,-0.064,394,0.07035734504461288,0.001,29299
299,10.0,118240,0.05,11824,-0.077,394,0.10263325273990631,0.001,29309
299,10.0,118280,0.05,11828,0.02749999999999999,394,0.07898083329200745,0.001,29319
299,10.0,118320,0.05,11832,0.07149999999999998,394,0.09102046489715576,0.001,29329
299,10.0,118360,0.05,11836,0.1825,394,0.12345777451992035,0.001,29339
299,10.0,118400,0.05,11840,0.11299999999999999,394,0.08301930129528046,0.001,29349
299,10.0,118440,0.05,11844,0.163,394,0.10135306417942047,0.001,29359
300,10.0,118480,0.05,11848,0.23450000000000004,394,0.07258831709623337,0.001,29369
300,10.0,118520,0.05,11852,0.2535,395,0.06684204936027527,0.001,29379
300,10.0,118560,0.05,11856,0.22599999999999998,395,0.12375041842460632,0.001,29389
300,10.0,118600,0.05,11860,0.221,395,0.056250058114528656,0.001,29399
300,10.0,118640,0.05,11864,0.18950000000000003,395,0.09123171120882034,0.001,29409
300,10.0,118680,0.05,11868,0.15350000000000003,395,0.06645578145980835,0.001,29419
300,10.0,118720,0.05,11872,0.21600000000000003,395,0.0872330516576767,0.001,29429
300,10.0,118760,0.05,11876,0.23149999999999998,395,0.13908711075782776,0.001,29439
300,10.0,118800,0.05,11880,0.31650000000000006,395,0.08772820979356766,0.001,29449
300,10.0,118840,0.05,11884,0.29050000000000004,395,0.08576991409063339,0.001,29459
300,10.0,118880,0.05,11888,0.299,395,0.09308518469333649,0.001,29469
300,10.0,118920,0.05,11892,0.259,395,0.07511507719755173,0.001,29479
300,10.0,118960,0.05,11896,0.18950000000000006,396,0.08815743029117584,0.001,29489
300,10.0,119000,0.05,11900,0.3565,396,0.08515404909849167,0.001,29499
300,10.0,119040,0.05,11904,0.42900000000000005,396,0.09834419935941696,0.001,29509
300,10.0,119080,0.05,11908,0.4655,396,0.07162169367074966,0.001,29519
300,10.0,119120,0.05,11912,0.498,396,0.06645403802394867,0.001,29529
300,10.0,119160,0.05,11916,0.4725,396,0.08496583998203278,0.001,29539
300,10.0,119200,0.05,11920,0.3999999999999999,396,0.10073883831501007,0.001,29549
300,10.0,119240,0.05,11924,0.4745,396,0.09000146389007568,0.001,29559
300,10.0,119280,0.05,11928,0.44249999999999995,396,0.09171176701784134,0.001,29569
300,10.0,119320,0.05,11932,0.419,396,0.09284684807062149,0.001,29579
300,10.0,119360,0.05,11936,0.34800000000000003,396,0.06302911043167114,0.001,29589
300,10.0,119400,0.05,11940,0.48449999999999993,397,0.060831185430288315,0.001,29599
300,10.0,119440,0.05,11944,0.5235000000000001,397,0.06585505604743958,0.001,29609
300,10.0,119480,0.05,11948,0.5365000000000001,397,0.07957190275192261,0.001,29619
300,10.0,119520,0.05,11952,0.48350000000000004,397,0.07721251994371414,0.001,29629
300,10.0,119560,0.05,11956,0.4475,397,0.08438912034034729,0.001,29639
300,10.0,119600,0.05,11960,0.33199999999999996,397,0.11207903921604156,0.001,29649
300,10.0,119640,0.05,11964,0.39150000000000007,397,0.05573652684688568,0.001,29659
300,10.0,119680,0.05,11968,0.409,397,0.08880461752414703,0.001,29669
300,10.0,119720,0.05,11972,0.28950000000000004,397,0.08713427186012268,0.001,29679
300,10.0,119760,0.05,11976,0.22599999999999995,397,0.08617293834686279,0.001,29689
301,10.0,119800,0.05,11980,0.22699999999999992,397,0.07824955135583878,0.001,29699
301,10.0,119840,0.05,11984,0.253,398,0.07780881226062775,0.001,29709
301,10.0,119880,0.05,11988,0.23550000000000007,398,0.09631510823965073,0.001,29719
301,10.0,119920,0.05,11992,0.15950000000000003,398,0.09429322183132172,0.001,29729
301,10.0,119960,0.05,11996,0.16750000000000007,398,0.08784595131874084,0.001,29739
301,10.0,120000,0.05,12000,0.15750000000000003,398,0.08236537873744965,0.001,29749
