time/fps,rollout/ep_len_mean,time/total_timesteps,rollout/exploration_rate,time/episodes,rollout/ep_rew_mean,time/time_elapsed,train/loss,train/learning_rate,train/n_updates
1310,10.0,40,0.9989444444444445,4,-1.1625,0,,,
1569,10.0,80,0.9978888888888888,8,-1.00625,0,,,
1668,10.0,120,0.9968333333333333,12,-0.4500000000000001,0,,,
1800,10.0,160,0.9957777777777779,16,-0.2875,0,,,
1872,10.0,200,0.9947222222222221,20,-0.14500000000000002,0,,,
1970,10.0,240,0.9936666666666667,24,-0.29583333333333334,0,,,
2047,10.0,280,0.9926111111111112,28,-0.3392857142857143,0,,,
2095,10.0,320,0.9915555555555554,32,-0.38125,0,,,
2095,10.0,360,0.9904999999999999,36,-0.35555555555555557,0,,,
2141,10.0,400,0.9894444444444446,40,-0.22749999999999998,0,,,
2114,10.0,440,0.9883888888888888,44,-0.23750000000000002,0,,,
2161,10.0,480,0.9873333333333333,48,-0.30520833333333336,0,,,
2185,10.0,520,0.9862777777777779,52,-0.29807692307692313,0,,,
2188,10.0,560,0.9852222222222221,56,-0.26875,0,,,
2214,10.0,600,0.9841666666666666,60,-0.23833333333333334,0,,,
2228,10.0,640,0.9831111111111113,64,-0.19062500000000002,0,,,
2257,10.0,680,0.9820555555555555,68,-0.21764705882352944,0,,,
2284,10.0,720,0.981,72,-0.21111111111111114,0,,,
2302,10.0,760,0.9799444444444445,76,-0.20789473684210533,0,,,
2304,10.0,800,0.9788888888888887,80,-0.19000000000000003,0,,,
2332,10.0,840,0.9778333333333333,84,-0.1815476190476191,0,,,
2327,10.0,880,0.9767777777777779,88,-0.15909090909090912,0,,,
2299,10.0,920,0.975722222222222,92,-0.13097826086956524,0,,,
2307,10.0,960,0.9746666666666667,96,-0.06250000000000001,0,,,
2309,10.0,1000,0.9736111111111112,100,-0.09050000000000002,0,,,
1720,10.0,1040,0.9725555555555554,104,-0.054000000000000055,0,0.04263558238744736,0.001,9
830,10.0,1080,0.9715,108,-0.01100000000000003,1,0.08455130457878113,0.001,19
762,10.0,1120,0.9704444444444446,112,-0.04950000000000001,1,0.0628814846277237,0.001,29
719,10.0,1160,0.9693888888888887,116,-0.05100000000000002,1,0.058634497225284576,0.001,39
681,10.0,1200,0.9683333333333333,120,-0.06850000000000002,1,0.047071631997823715,0.001,49
647,10.0,1240,0.9672777777777779,124,0.024,1,0.01704648695886135,0.001,59
511,10.0,1280,0.9662222222222221,128,0.09,2,0.04408106580376625,0.001,69
436,10.0,1320,0.9651666666666666,132,0.09300000000000001,3,0.04865558072924614,0.001,79
425,10.0,1360,0.9641111111111111,136,0.10250000000000002,3,0.019863924011588097,0.001,89
415,10.0,1400,0.9630555555555554,140,0.04800000000000001,3,0.054697729647159576,0.001,99
394,10.0,1440,0.962,144,0.11600000000000002,3,0.04119037091732025,0.001,109
373,10.0,1480,0.9609444444444445,148,0.14899999999999997,3,0.024523969739675522,0.001,119
373,10.0,1520,0.9598888888888888,152,0.18199999999999997,4,0.1546926200389862,0.001,129
374,10.0,1560,0.9588333333333333,156,0.13349999999999998,4,0.06071601063013077,0.001,139
373,10.0,1600,0.9577777777777778,160,0.068,4,0.037892185151576996,0.001,149
369,10.0,1640,0.956722222222222,164,0.029999999999999992,4,0.04323793575167656,0.001,159
368,10.0,1680,0.9556666666666667,168,0.10799999999999997,4,0.02114129438996315,0.001,169
367,10.0,1720,0.9546111111111112,172,0.1425,4,0.031042657792568207,0.001,179
370,10.0,1760,0.9535555555555554,176,0.10599999999999998,4,0.035986192524433136,0.001,189
370,10.0,1800,0.9524999999999999,180,0.05899999999999998,4,0.021990351378917694,0.001,199
359,10.0,1840,0.9514444444444445,184,0.03599999999999999,5,0.0502607487142086,0.001,209
360,10.0,1880,0.9503888888888887,188,0.039000000000000014,5,0.0320812463760376,0.001,219
360,10.0,1920,0.9493333333333333,192,-0.01549999999999998,5,0.027325691655278206,0.001,229
361,10.0,1960,0.9482777777777779,196,-0.11149999999999997,5,0.03404032811522484,0.001,239
363,10.0,2000,0.9472222222222221,200,-0.04949999999999997,5,0.023597989231348038,0.001,249
365,10.0,2040,0.9461666666666666,204,-0.010999999999999992,5,0.08486432582139969,0.001,259
365,10.0,2080,0.9451111111111111,208,-0.00900000000000001,5,0.06114738807082176,0.001,269
366,10.0,2120,0.9440555555555554,212,-0.018000000000000002,5,0.03547227382659912,0.001,279
368,10.0,2160,0.943,216,-0.020499999999999994,5,0.03863812983036041,0.001,289
370,10.0,2200,0.9419444444444445,220,-0.0635,5,0.014818886294960976,0.001,299
372,10.0,2240,0.9408888888888888,224,-0.10149999999999998,6,0.02757064253091812,0.001,309
374,10.0,2280,0.9398333333333333,228,-0.1295,6,0.021474430337548256,0.001,319
376,10.0,2320,0.9387777777777778,232,-0.07749999999999999,6,0.027583207935094833,0.001,329
378,10.0,2360,0.937722222222222,236,-0.10599999999999998,6,0.044723741710186005,0.001,339
379,10.0,2400,0.9366666666666666,240,-0.04249999999999999,6,0.03161365166306496,0.001,349
381,10.0,2440,0.9356111111111112,244,-0.07500000000000002,6,0.016673266887664795,0.001,359
383,10.0,2480,0.9345555555555557,248,-0.10550000000000002,6,0.018803035840392113,0.001,369
385,10.0,2520,0.9335,252,-0.1595,6,0.09111989289522171,0.001,379
386,10.0,2560,0.9324444444444445,256,-0.07350000000000005,6,0.0706171840429306,0.001,389
387,10.0,2600,0.9313888888888887,260,-0.021000000000000022,6,0.053155846893787384,0.001,399
388,10.0,2640,0.9303333333333332,264,-0.052000000000000025,6,0.07284009456634521,0.001,409
388,10.0,2680,0.9292777777777779,268,-0.11200000000000006,6,0.04765075445175171,0.001,419
389,10.0,2720,0.9282222222222224,272,-0.13150000000000003,6,0.0379580482840538,0.001,429
389,10.0,2760,0.9271666666666666,276,-0.11500000000000002,7,0.03244779258966446,0.001,439
390,10.0,2800,0.9261111111111111,280,-0.0675,7,0.06595614552497864,0.001,449
391,10.0,2840,0.9250555555555557,284,0.002000000000000006,7,0.032641954720020294,0.001,459
393,10.0,2880,0.9239999999999999,288,-0.04499999999999999,7,0.024419095367193222,0.001,469
394,10.0,2920,0.9229444444444445,292,-0.035,7,0.03508128970861435,0.001,479
395,10.0,2960,0.9218888888888891,296,-0.046000000000000006,7,0.055586885660886765,0.001,489
396,10.0,3000,0.9208333333333333,300,-0.10549999999999998,7,0.03937995061278343,0.001,499
397,10.0,3040,0.9197777777777778,304,-0.14300000000000002,7,0.05283500626683235,0.001,509
399,10.0,3080,0.9187222222222224,308,-0.1665,7,0.04637463763356209,0.001,519
400,10.0,3120,0.9176666666666666,312,-0.15449999999999997,7,0.06650636345148087,0.001,529
401,10.0,3160,0.9166111111111112,316,-0.15099999999999997,7,0.06778621673583984,0.001,539
402,10.0,3200,0.9155555555555557,320,-0.07349999999999998,7,0.05384474992752075,0.001,549
403,10.0,3240,0.9144999999999999,324,-0.06949999999999998,8,0.04024813324213028,0.001,559
404,10.0,3280,0.9134444444444445,328,-0.07699999999999999,8,0.04797447472810745,0.001,569
405,10.0,3320,0.912388888888889,332,-0.13949999999999999,8,0.028004609048366547,0.001,579
406,10.0,3360,0.9113333333333332,336,-0.16849999999999998,8,0.02895744889974594,0.001,589
407,10.0,3400,0.9102777777777779,340,-0.23450000000000004,8,0.02444334700703621,0.001,599
408,10.0,3440,0.9092222222222224,344,-0.267,8,0.03371235355734825,0.001,609
408,10.0,3480,0.9081666666666666,348,-0.228,8,0.024962836876511574,0.001,619
409,10.0,3520,0.9071111111111112,352,-0.14950000000000002,8,0.06670717149972916,0.001,629
410,10.0,3560,0.9060555555555557,356,-0.218,8,0.13408160209655762,0.001,639
410,10.0,3600,0.9049999999999999,360,-0.19599999999999998,8,0.052709415555000305,0.001,649
411,10.0,3640,0.9039444444444444,364,-0.16449999999999995,8,0.0647081807255745,0.001,659
412,10.0,3680,0.9028888888888891,368,-0.17749999999999996,8,0.06877066940069199,0.001,669
413,10.0,3720,0.9018333333333333,372,-0.19549999999999992,8,0.03594527766108513,0.001,679
414,10.0,3760,0.9007777777777778,376,-0.17549999999999996,9,0.037889089435338974,0.001,689
415,10.0,3800,0.8997222222222223,380,-0.20299999999999996,9,0.04311045631766319,0.001,699
415,10.0,3840,0.8986666666666666,384,-0.2769999999999999,9,0.031137878075242043,0.001,709
416,10.0,3880,0.8976111111111111,388,-0.23949999999999996,9,0.045954037457704544,0.001,719
417,10.0,3920,0.8965555555555557,392,-0.23800000000000002,9,0.04282524436712265,0.001,729
417,10.0,3960,0.8955,396,-0.20949999999999996,9,0.028135739266872406,0.001,739
418,10.0,4000,0.8944444444444445,400,-0.20049999999999998,9,0.043647509068250656,0.001,749
419,10.0,4040,0.893388888888889,404,-0.193,9,0.061635494232177734,0.001,759
419,10.0,4080,0.8923333333333332,408,-0.20299999999999996,9,0.062421515583992004,0.001,769
419,10.0,4120,0.8912777777777778,412,-0.222,9,0.07409251481294632,0.001,779
418,10.0,4160,0.8902222222222224,416,-0.21049999999999996,9,0.059760019183158875,0.001,789
416,10.0,4200,0.8891666666666665,420,-0.24749999999999997,10,0.0404575951397419,0.001,799
413,10.0,4240,0.8881111111111111,424,-0.2965,10,0.03836926817893982,0.001,809
413,10.0,4280,0.8870555555555557,428,-0.28900000000000003,10,0.04776961728930473,0.001,819
414,10.0,4320,0.8859999999999999,432,-0.29,10,0.025961212813854218,0.001,829
415,10.0,4360,0.8849444444444444,436,-0.278,10,0.041017789393663406,0.001,839
415,10.0,4400,0.8838888888888891,440,-0.25799999999999995,10,0.03682845085859299,0.001,849
416,10.0,4440,0.8828333333333332,444,-0.22049999999999997,10,0.037518974393606186,0.001,859
416,10.0,4480,0.8817777777777778,448,-0.2415,10,0.040400080382823944,0.001,869
417,10.0,4520,0.8807222222222224,452,-0.24300000000000005,10,0.09682366251945496,0.001,879
417,10.0,4560,0.8796666666666666,456,-0.19649999999999998,10,0.08504721522331238,0.001,889
418,10.0,4600,0.8786111111111111,460,-0.23949999999999996,11,0.10630302876234055,0.001,899
418,10.0,4640,0.8775555555555556,464,-0.245,11,0.056934747844934464,0.001,909
419,10.0,4680,0.8764999999999998,468,-0.257,11,0.07387004047632217,0.001,919
419,10.0,4720,0.8754444444444445,472,-0.277,11,0.04175180941820145,0.001,929
420,10.0,4760,0.874388888888889,476,-0.3025,11,0.03013468161225319,0.001,939
421,10.0,4800,0.8733333333333332,480,-0.303,11,0.03570174798369408,0.001,949
421,10.0,4840,0.8722777777777777,484,-0.304,11,0.024704709649086,0.001,959
422,10.0,4880,0.8712222222222223,488,-0.32599999999999996,11,0.07714521139860153,0.001,969
423,10.0,4920,0.8701666666666665,492,-0.3354999999999999,11,0.03880810737609863,0.001,979
423,10.0,4960,0.8691111111111112,496,-0.32699999999999996,11,0.03437536954879761,0.001,989
424,10.0,5000,0.8680555555555557,500,-0.27599999999999997,11,0.031246475875377655,0.001,999
424,10.0,5040,0.8669999999999999,504,-0.301,11,0.059391189366579056,0.001,1009
424,10.0,5080,0.8659444444444444,508,-0.3,11,0.06689725816249847,0.001,1019
424,10.0,5120,0.864888888888889,512,-0.27899999999999997,12,0.06975840032100677,0.001,1029
425,10.0,5160,0.8638333333333332,516,-0.32049999999999995,12,0.0812864825129509,0.001,1039
425,10.0,5200,0.8627777777777778,520,-0.331,12,0.06617468595504761,0.001,1049
425,10.0,5240,0.8617222222222223,524,-0.3239999999999999,12,0.05102906376123428,0.001,1059
426,10.0,5280,0.8606666666666665,528,-0.35300000000000004,12,0.03841685131192207,0.001,1069
426,10.0,5320,0.8596111111111111,532,-0.3455,12,0.05174711346626282,0.001,1079
426,10.0,5360,0.8585555555555556,536,-0.3515,12,0.050908226519823074,0.001,1089
427,10.0,5400,0.8574999999999999,540,-0.4024999999999999,12,0.05428377911448479,0.001,1099
427,10.0,5440,0.8564444444444445,544,-0.45299999999999996,12,0.05545788258314133,0.001,1109
428,10.0,5480,0.855388888888889,548,-0.4244999999999998,12,0.043182823807001114,0.001,1119
428,10.0,5520,0.8543333333333332,552,-0.5035,12,0.12508705258369446,0.001,1129
428,10.0,5560,0.8532777777777778,556,-0.5625,12,0.08932651579380035,0.001,1139
429,10.0,5600,0.8522222222222223,560,-0.5474999999999999,13,0.10593456029891968,0.001,1149
429,10.0,5640,0.8511666666666665,564,-0.4684999999999999,13,0.06056540086865425,0.001,1159
429,10.0,5680,0.850111111111111,568,-0.44549999999999995,13,0.040745507925748825,0.001,1169
420,10.0,5720,0.8490555555555557,572,-0.46299999999999997,13,0.052444491535425186,0.001,1179
412,10.0,5760,0.8479999999999999,576,-0.47,13,0.03404996544122696,0.001,1189
411,10.0,5800,0.8469444444444445,580,-0.41350000000000003,14,0.0714736357331276,0.001,1199
409,10.0,5840,0.845888888888889,584,-0.32850000000000007,14,0.04017980396747589,0.001,1209
407,10.0,5880,0.8448333333333332,588,-0.31,14,0.046838440001010895,0.001,1219
404,10.0,5920,0.8437777777777777,592,-0.28550000000000003,14,0.047003548592329025,0.001,1229
402,10.0,5960,0.8427222222222224,596,-0.29400000000000004,14,0.03593001514673233,0.001,1239
399,10.0,6000,0.8416666666666666,600,-0.29600000000000004,15,0.03323856741189957,0.001,1249
397,10.0,6040,0.8406111111111111,604,-0.24250000000000005,15,0.09231807291507721,0.001,1259
396,10.0,6080,0.8395555555555556,608,-0.22400000000000003,15,0.040800999850034714,0.001,1269
396,10.0,6120,0.8384999999999998,612,-0.23400000000000007,15,0.06684108078479767,0.001,1279
396,10.0,6160,0.8374444444444444,616,-0.22500000000000006,15,0.049236733466386795,0.001,1289
396,10.0,6200,0.836388888888889,620,-0.24800000000000005,15,0.06168527528643608,0.001,1299
393,10.0,6240,0.8353333333333332,624,-0.2775,15,0.060394566506147385,0.001,1309
392,10.0,6280,0.8342777777777778,628,-0.2865,16,0.055160462856292725,0.001,1319
390,10.0,6320,0.8332222222222223,632,-0.28450000000000003,16,0.06911374628543854,0.001,1329
388,10.0,6360,0.8321666666666665,636,-0.26649999999999996,16,0.03668114170432091,0.001,1339
386,10.0,6400,0.8311111111111111,640,-0.24249999999999997,16,0.039405327290296555,0.001,1349
370,10.0,6440,0.8300555555555557,644,-0.2635,17,0.06590449810028076,0.001,1359
369,10.0,6480,0.8289999999999998,648,-0.23900000000000002,17,0.045522645115852356,0.001,1369
369,10.0,6520,0.8279444444444444,652,-0.188,17,0.18269222974777222,0.001,1379
369,10.0,6560,0.826888888888889,656,-0.14149999999999996,17,0.12094306200742722,0.001,1389
368,10.0,6600,0.8258333333333332,660,-0.1115,17,0.0836573988199234,0.001,1399
368,10.0,6640,0.8247777777777777,664,-0.1415,18,0.060575589537620544,0.001,1409
368,10.0,6680,0.8237222222222222,668,-0.18349999999999997,18,0.06334010511636734,0.001,1419
367,10.0,6720,0.8226666666666665,672,-0.1495,18,0.053292468190193176,0.001,1429
367,10.0,6760,0.8216111111111111,676,-0.14700000000000002,18,0.07480547577142715,0.001,1439
366,10.0,6800,0.8205555555555556,680,-0.256,18,0.05746188014745712,0.001,1449
367,10.0,6840,0.8194999999999999,684,-0.301,18,0.041203565895557404,0.001,1459
367,10.0,6880,0.8184444444444444,688,-0.32299999999999995,18,0.04406382516026497,0.001,1469
367,10.0,6920,0.8173888888888889,692,-0.32000000000000006,18,0.04029625654220581,0.001,1479
368,10.0,6960,0.8163333333333331,696,-0.297,18,0.0437866635620594,0.001,1489
368,10.0,7000,0.8152777777777778,700,-0.3375,18,0.036974240094423294,0.001,1499
369,10.0,7040,0.8142222222222223,704,-0.41550000000000004,19,0.09307794272899628,0.001,1509
369,10.0,7080,0.8131666666666668,708,-0.4535,19,0.04053213819861412,0.001,1519
370,10.0,7120,0.812111111111111,712,-0.45250000000000007,19,0.06349903345108032,0.001,1529
370,10.0,7160,0.8110555555555556,716,-0.43800000000000006,19,0.09793058037757874,0.001,1539
371,10.0,7200,0.8099999999999998,720,-0.42650000000000005,19,0.05920075625181198,0.001,1549
371,10.0,7240,0.8089444444444444,724,-0.39,19,0.07987085729837418,0.001,1559
371,10.0,7280,0.8078888888888889,728,-0.3775,19,0.05953739583492279,0.001,1569
372,10.0,7320,0.8068333333333335,732,-0.3220000000000001,19,0.04083004221320152,0.001,1579
372,10.0,7360,0.8057777777777777,736,-0.294,19,0.04696196690201759,0.001,1589
372,10.0,7400,0.8047222222222223,740,-0.31400000000000006,19,0.04092470929026604,0.001,1599
372,10.0,7440,0.8036666666666665,744,-0.2905,19,0.035309065133333206,0.001,1609
369,10.0,7480,0.802611111111111,748,-0.359,20,0.05379504710435867,0.001,1619
367,10.0,7520,0.8015555555555556,752,-0.30499999999999994,20,0.19129794836044312,0.001,1629
367,10.0,7560,0.8005000000000002,756,-0.28500000000000003,20,0.10894598811864853,0.001,1639
367,10.0,7600,0.7994444444444444,760,-0.30400000000000005,20,0.07003409415483475,0.001,1649
368,10.0,7640,0.7983888888888889,764,-0.3414999999999999,20,0.09118981659412384,0.001,1659
368,10.0,7680,0.7973333333333332,768,-0.2875,20,0.08874453604221344,0.001,1669
368,10.0,7720,0.7962777777777778,772,-0.33799999999999997,20,0.06710059195756912,0.001,1679
368,10.0,7760,0.7952222222222223,776,-0.31549999999999995,21,0.07966488599777222,0.001,1689
369,10.0,7800,0.7941666666666669,780,-0.31249999999999994,21,0.06268156319856644,0.001,1699
368,10.0,7840,0.7931111111111111,784,-0.359,21,0.08463595062494278,0.001,1709
368,10.0,7880,0.7920555555555556,788,-0.3575,21,0.0763593316078186,0.001,1719
368,10.0,7920,0.7909999999999998,792,-0.36900000000000005,21,0.06253929436206818,0.001,1729
368,10.0,7960,0.7899444444444443,796,-0.35200000000000004,21,0.057261332869529724,0.001,1739
369,10.0,8000,0.788888888888889,800,-0.37,21,0.06799333542585373,0.001,1749
369,10.0,8040,0.7878333333333335,804,-0.348,21,0.12664282321929932,0.001,1759
369,10.0,8080,0.7867777777777777,808,-0.375,21,0.12116526812314987,0.001,1769
369,10.0,8120,0.7857222222222222,812,-0.4000000000000001,21,0.0921681821346283,0.001,1779
368,10.0,8160,0.7846666666666664,816,-0.434,22,0.07929056882858276,0.001,1789
369,10.0,8200,0.783611111111111,820,-0.4159999999999999,22,0.09077788144350052,0.001,1799
369,10.0,8240,0.7825555555555556,824,-0.435,22,0.07173903286457062,0.001,1809
369,10.0,8280,0.7815000000000001,828,-0.43150000000000005,22,0.10313578695058823,0.001,1819
370,10.0,8320,0.7804444444444444,832,-0.5095,22,0.10035021603107452,0.001,1829
370,10.0,8360,0.7793888888888889,836,-0.4855,22,0.05501988157629967,0.001,1839
370,10.0,8400,0.7783333333333331,840,-0.45199999999999996,22,0.09822028130292892,0.001,1849
371,10.0,8440,0.7772777777777777,844,-0.484,22,0.0602012537419796,0.001,1859
371,10.0,8480,0.7762222222222223,848,-0.48200000000000004,22,0.08394864201545715,0.001,1869
371,10.0,8520,0.7751666666666668,852,-0.5774999999999999,22,0.11053115874528885,0.001,1879
372,10.0,8560,0.7741111111111111,856,-0.6114999999999999,23,0.148625448346138,0.001,1889
371,10.0,8600,0.7730555555555556,860,-0.6535,23,0.09806350618600845,0.001,1899
369,10.0,8640,0.7720000000000001,864,-0.6785,23,0.08595053851604462,0.001,1909
367,10.0,8680,0.7709444444444443,868,-0.7260000000000002,23,0.0679517388343811,0.001,1919
366,10.0,8720,0.769888888888889,872,-0.6565000000000002,23,0.0791565477848053,0.001,1929
366,10.0,8760,0.7688333333333335,876,-0.6535000000000001,23,0.08512409031391144,0.001,1939
366,10.0,8800,0.7677777777777777,880,-0.5870000000000001,24,0.10646407306194305,0.001,1949
366,10.0,8840,0.7667222222222222,884,-0.5625,24,0.062039025127887726,0.001,1959
367,10.0,8880,0.7656666666666668,888,-0.5349999999999999,24,0.05409184470772743,0.001,1969
367,10.0,8920,0.764611111111111,892,-0.5219999999999999,24,0.06121446192264557,0.001,1979
367,10.0,8960,0.7635555555555555,896,-0.5905,24,0.06314617395401001,0.001,1989
367,10.0,9000,0.7625000000000002,900,-0.5615,24,0.05908167362213135,0.001,1999
367,10.0,9040,0.7614444444444444,904,-0.5589999999999999,24,0.12638291716575623,0.001,2009
368,10.0,9080,0.7603888888888889,908,-0.5325,24,0.06123058497905731,0.001,2019
368,10.0,9120,0.7593333333333334,912,-0.552,24,0.0861673504114151,0.001,2029
368,10.0,9160,0.7582777777777777,916,-0.5775,24,0.09077808260917664,0.001,2039
368,10.0,9200,0.7572222222222222,920,-0.6125,24,0.053851641714572906,0.001,2049
368,10.0,9240,0.7561666666666669,924,-0.5844999999999999,25,0.08040512353181839,0.001,2059
368,10.0,9280,0.7551111111111111,928,-0.5935,25,0.08958747982978821,0.001,2069
369,10.0,9320,0.7540555555555556,932,-0.5470000000000002,25,0.05679900571703911,0.001,2079
369,10.0,9360,0.7530000000000001,936,-0.5930000000000001,25,0.09550081193447113,0.001,2089
369,10.0,9400,0.7519444444444443,940,-0.5935000000000001,25,0.052922215312719345,0.001,2099
369,10.0,9440,0.7508888888888889,944,-0.52,25,0.05788743495941162,0.001,2109
369,10.0,9480,0.7498333333333335,948,-0.5135,25,0.06172308698296547,0.001,2119
370,10.0,9520,0.7487777777777777,952,-0.5244999999999999,25,0.16918806731700897,0.001,2129
370,10.0,9560,0.7477222222222222,956,-0.5125,25,0.15836529433727264,0.001,2139
371,10.0,9600,0.7466666666666668,960,-0.5355000000000001,25,0.11189570277929306,0.001,2149
370,10.0,9640,0.745611111111111,964,-0.5165,25,0.08159779757261276,0.001,2159
370,10.0,9680,0.7445555555555555,968,-0.4465,26,0.11493244767189026,0.001,2169
371,10.0,9720,0.7435,972,-0.44449999999999995,26,0.10416710376739502,0.001,2179
371,10.0,9760,0.7424444444444444,976,-0.4734999999999999,26,0.10921722650527954,0.001,2189
371,10.0,9800,0.7413888888888889,980,-0.4445,26,0.05979456752538681,0.001,2199
372,10.0,9840,0.7403333333333335,984,-0.371,26,0.08162609487771988,0.001,2209
372,10.0,9880,0.7392777777777777,988,-0.4210000000000001,26,0.09499833732843399,0.001,2219
373,10.0,9920,0.7382222222222222,992,-0.426,26,0.09860246628522873,0.001,2229
373,10.0,9960,0.7371666666666667,996,-0.41850000000000004,26,0.06372518837451935,0.001,2239
372,10.0,10000,0.7361111111111109,1000,-0.4065000000000001,26,0.059575073421001434,0.001,2249
372,10.0,10040,0.7350555555555556,1004,-0.42100000000000004,26,0.11058209091424942,0.001,2259
372,10.0,10080,0.7340000000000001,1008,-0.3685,27,0.08771207928657532,0.001,2269
371,10.0,10120,0.7329444444444444,1012,-0.3395,27,0.06101391837000847,0.001,2279
370,10.0,10160,0.7318888888888888,1016,-0.31800000000000006,27,0.0810341015458107,0.001,2289
370,10.0,10200,0.7308333333333334,1020,-0.3165,27,0.056918319314718246,0.001,2299
370,10.0,10240,0.7297777777777776,1024,-0.3629999999999999,27,0.0805477648973465,0.001,2309
371,10.0,10280,0.7287222222222223,1028,-0.4215,27,0.06224963068962097,0.001,2319
370,10.0,10320,0.7276666666666667,1032,-0.41350000000000003,27,0.10369669646024704,0.001,2329
371,10.0,10360,0.726611111111111,1036,-0.4195,27,0.07526329159736633,0.001,2339
371,10.0,10400,0.7255555555555555,1040,-0.44249999999999995,27,0.07331649959087372,0.001,2349
372,10.0,10440,0.7245000000000001,1044,-0.4875,28,0.0869261845946312,0.001,2359
372,10.0,10480,0.7234444444444443,1048,-0.504,28,0.07707718759775162,0.001,2369
372,10.0,10520,0.7223888888888889,1052,-0.518,28,0.13529378175735474,0.001,2379
373,10.0,10560,0.7213333333333334,1056,-0.529,28,0.08711592853069305,0.001,2389
373,10.0,10600,0.7202777777777776,1060,-0.4905,28,0.08503789454698563,0.001,2399
373,10.0,10640,0.7192222222222222,1064,-0.5509999999999999,28,0.09503377974033356,0.001,2409
374,10.0,10680,0.7181666666666667,1068,-0.6025,28,0.12213755398988724,0.001,2419
374,10.0,10720,0.717111111111111,1072,-0.6339999999999999,28,0.11253795772790909,0.001,2429
374,10.0,10760,0.7160555555555556,1076,-0.6535,28,0.13228839635849,0.001,2439
374,10.0,10800,0.7150000000000001,1080,-0.7375,28,0.10898815840482712,0.001,2449
374,10.0,10840,0.7139444444444443,1084,-0.8215,28,0.06636637449264526,0.001,2459
375,10.0,10880,0.7128888888888889,1088,-0.7549999999999999,28,0.054403409361839294,0.001,2469
375,10.0,10920,0.7118333333333334,1092,-0.7604999999999998,29,0.09363961219787598,0.001,2479
375,10.0,10960,0.7107777777777777,1096,-0.7559999999999999,29,0.05954895541071892,0.001,2489
375,10.0,11000,0.7097222222222221,1100,-0.7809999999999999,29,0.09452925622463226,0.001,2499
376,10.0,11040,0.7086666666666668,1104,-0.8234999999999999,29,0.09592260420322418,0.001,2509
375,10.0,11080,0.707611111111111,1108,-0.862,29,0.10617583990097046,0.001,2519
374,10.0,11120,0.7065555555555556,1112,-0.9145,29,0.1036636233329773,0.001,2529
373,10.0,11160,0.7055,1116,-0.8655000000000002,29,0.05352836102247238,0.001,2539
372,10.0,11200,0.7044444444444442,1120,-0.9130000000000003,30,0.10830992460250854,0.001,2549
371,10.0,11240,0.7033888888888888,1124,-0.9030000000000001,30,0.09612688422203064,0.001,2559
370,10.0,11280,0.7023333333333335,1128,-0.8675,30,0.10965380817651749,0.001,2569
370,10.0,11320,0.7012777777777777,1132,-0.9209999999999999,30,0.09257396310567856,0.001,2579
369,10.0,11360,0.7002222222222222,1136,-0.912,30,0.08467286080121994,0.001,2589
369,10.0,11400,0.6991666666666667,1140,-0.8544999999999999,30,0.0756290927529335,0.001,2599
368,10.0,11440,0.6981111111111109,1144,-0.8525,31,0.05434684827923775,0.001,2609
368,10.0,11480,0.6970555555555555,1148,-0.8095,31,0.09231806546449661,0.001,2619
367,10.0,11520,0.6960000000000001,1152,-0.7925,31,0.08356926590204239,0.001,2629
366,10.0,11560,0.6949444444444444,1156,-0.8255000000000001,31,0.12448117882013321,0.001,2639
366,10.0,11600,0.6938888888888889,1160,-0.8419999999999999,31,0.11845716834068298,0.001,2649
366,10.0,11640,0.6928333333333334,1164,-0.8250000000000002,31,0.0873052105307579,0.001,2659
366,10.0,11680,0.691777777777778,1168,-0.8015000000000001,31,0.10739696025848389,0.001,2669
366,10.0,11720,0.6907222222222222,1172,-0.8214999999999999,31,0.11687802523374557,0.001,2679
365,10.0,11760,0.6896666666666668,1176,-0.805,32,0.09650683403015137,0.001,2689
365,10.0,11800,0.688611111111111,1180,-0.8370000000000001,32,0.09204152971506119,0.001,2699
365,10.0,11840,0.6875555555555555,1184,-0.8750000000000001,32,0.0866551622748375,0.001,2709
364,10.0,11880,0.6865000000000001,1188,-0.917,32,0.0723789632320404,0.001,2719
363,10.0,11920,0.6854444444444446,1192,-0.9635000000000001,32,0.09325112402439117,0.001,2729
363,10.0,11960,0.6843888888888888,1196,-0.9640000000000001,32,0.11063569784164429,0.001,2739
362,10.0,12000,0.6833333333333333,1200,-1.0125000000000002,33,0.069444939494133,0.001,2749
361,10.0,12040,0.6822777777777775,1204,-0.936,33,0.12442256510257721,0.001,2759
361,10.0,12080,0.6812222222222222,1208,-1.009,33,0.14535658061504364,0.001,2769
360,10.0,12120,0.6801666666666667,1212,-1.0034999999999998,33,0.08514444530010223,0.001,2779
360,10.0,12160,0.6791111111111112,1216,-1.07,33,0.0900505781173706,0.001,2789
359,10.0,12200,0.6780555555555555,1220,-0.976,33,0.09048965573310852,0.001,2799
359,10.0,12240,0.677,1224,-0.9980000000000001,34,0.0650104507803917,0.001,2809
359,10.0,12280,0.6759444444444442,1228,-1.014,34,0.09571593999862671,0.001,2819
359,10.0,12320,0.6748888888888889,1232,-1.064,34,0.08190792053937912,0.001,2829
359,10.0,12360,0.6738333333333334,1236,-1.0320000000000003,34,0.12424466758966446,0.001,2839
360,10.0,12400,0.6727777777777779,1240,-1.0715000000000001,34,0.08326034992933273,0.001,2849
360,10.0,12440,0.6717222222222221,1244,-1.0845,34,0.10704321414232254,0.001,2859
361,10.0,12480,0.6706666666666667,1248,-1.0570000000000004,34,0.09842309355735779,0.001,2869
361,10.0,12520,0.6696111111111109,1252,-1.0979999999999999,34,0.18292781710624695,0.001,2879
361,10.0,12560,0.6685555555555556,1256,-1.1189999999999998,34,0.060405027121305466,0.001,2889
361,10.0,12600,0.6675,1260,-1.2005,34,0.10889661312103271,0.001,2899
362,10.0,12640,0.6664444444444446,1264,-1.1355,34,0.12970176339149475,0.001,2909
362,10.0,12680,0.6653888888888888,1268,-1.182,35,0.07860829681158066,0.001,2919
362,10.0,12720,0.6643333333333334,1272,-1.1665,35,0.08788017183542252,0.001,2929
362,10.0,12760,0.6632777777777776,1276,-1.1039999999999999,35,0.06810301542282104,0.001,2939
362,10.0,12800,0.6622222222222222,1280,-0.9494999999999999,35,0.1279609650373459,0.001,2949
362,10.0,12840,0.6611666666666667,1284,-0.9614999999999999,35,0.07852015644311905,0.001,2959
362,10.0,12880,0.6601111111111113,1288,-1.025,35,0.07593823224306107,0.001,2969
363,10.0,12920,0.6590555555555555,1292,-1.013,35,0.09086491167545319,0.001,2979
363,10.0,12960,0.658,1296,-0.9560000000000001,35,0.05473203584551811,0.001,2989
363,10.0,13000,0.6569444444444443,1300,-0.9324999999999999,35,0.06818550080060959,0.001,2999
363,10.0,13040,0.6558888888888889,1304,-1.002,35,0.07735742628574371,0.001,3009
363,10.0,13080,0.6548333333333334,1308,-0.9235,35,0.10967614501714706,0.001,3019
363,10.0,13120,0.653777777777778,1312,-0.8575000000000002,36,0.09109286963939667,0.001,3029
364,10.0,13160,0.6527222222222222,1316,-0.8915000000000001,36,0.08612501621246338,0.001,3039
364,10.0,13200,0.6516666666666667,1320,-0.9179999999999999,36,0.08409865200519562,0.001,3049
364,10.0,13240,0.6506111111111109,1324,-0.879,36,0.054833345115184784,0.001,3059
364,10.0,13280,0.6495555555555554,1328,-0.8905000000000001,36,0.08697348833084106,0.001,3069
364,10.0,13320,0.6485000000000001,1332,-0.8220000000000001,36,0.09373214840888977,0.001,3079
365,10.0,13360,0.6474444444444446,1336,-0.8735,36,0.06100855767726898,0.001,3089
365,10.0,13400,0.6463888888888889,1340,-0.8944999999999999,36,0.0899103656411171,0.001,3099
365,10.0,13440,0.6453333333333333,1344,-0.919,36,0.07881490141153336,0.001,3109
365,10.0,13480,0.644277777777778,1348,-0.9665,36,0.07203225791454315,0.001,3119
365,10.0,13520,0.6432222222222221,1352,-0.9255000000000002,36,0.07843773812055588,0.001,3129
365,10.0,13560,0.6421666666666668,1356,-0.9420000000000001,37,0.09788531064987183,0.001,3139
365,10.0,13600,0.6411111111111112,1360,-0.831,37,0.09219473600387573,0.001,3149
365,10.0,13640,0.6400555555555555,1364,-0.8004999999999999,37,0.09147805720567703,0.001,3159
366,10.0,13680,0.639,1368,-0.747,37,0.0769137442111969,0.001,3169
366,10.0,13720,0.6379444444444446,1372,-0.7645000000000001,37,0.13393856585025787,0.001,3179
366,10.0,13760,0.6368888888888888,1376,-0.8390000000000001,37,0.07998515665531158,0.001,3189
366,10.0,13800,0.6358333333333334,1380,-0.9079999999999999,37,0.11823201179504395,0.001,3199
366,10.0,13840,0.6347777777777779,1384,-0.902,37,0.07212553173303604,0.001,3209
367,10.0,13880,0.6337222222222221,1388,-0.8825000000000002,37,0.09370629489421844,0.001,3219
367,10.0,13920,0.6326666666666667,1392,-0.898,37,0.06816349923610687,0.001,3229
367,10.0,13960,0.6316111111111112,1396,-0.935,37,0.07926227152347565,0.001,3239
368,10.0,14000,0.6305555555555555,1400,-0.9365000000000001,38,0.07989537715911865,0.001,3249
368,10.0,14040,0.6295000000000001,1404,-0.9109999999999999,38,0.13916879892349243,0.001,3259
368,10.0,14080,0.6284444444444446,1408,-0.95,38,0.12594017386436462,0.001,3269
368,10.0,14120,0.6273888888888888,1412,-0.9035,38,0.09199975430965424,0.001,3279
368,10.0,14160,0.6263333333333334,1416,-0.8750000000000001,38,0.10154989361763,0.001,3289
368,10.0,14200,0.6252777777777779,1420,-0.9085000000000001,38,0.09001556783914566,0.001,3299
369,10.0,14240,0.6242222222222221,1424,-0.9280000000000003,38,0.08236492425203323,0.001,3309
369,10.0,14280,0.6231666666666666,1428,-0.9825,38,0.07575474679470062,0.001,3319
369,10.0,14320,0.6221111111111113,1432,-1.028,38,0.08837543427944183,0.001,3329
369,10.0,14360,0.6210555555555555,1436,-1.0295,38,0.11700622737407684,0.001,3339
370,10.0,14400,0.62,1440,-0.9585000000000001,38,0.08254288882017136,0.001,3349
370,10.0,14440,0.6189444444444445,1444,-0.9619999999999999,39,0.1321628838777542,0.001,3359
370,10.0,14480,0.6178888888888887,1448,-0.9500000000000002,39,0.08628973364830017,0.001,3369
370,10.0,14520,0.6168333333333333,1452,-0.9399999999999998,39,0.14776594936847687,0.001,3379
370,10.0,14560,0.6157777777777779,1456,-0.899,39,0.08155468851327896,0.001,3389
370,10.0,14600,0.6147222222222222,1460,-0.943,39,0.1352548599243164,0.001,3399
371,10.0,14640,0.6136666666666667,1464,-1.0295,39,0.13791891932487488,0.001,3409
371,10.0,14680,0.6126111111111112,1468,-1.0120000000000002,39,0.11466532945632935,0.001,3419
371,10.0,14720,0.6115555555555554,1472,-1.0195,39,0.08773785829544067,0.001,3429
371,10.0,14760,0.6105,1476,-0.9330000000000002,39,0.10143763571977615,0.001,3439
371,10.0,14800,0.6094444444444446,1480,-0.9954999999999998,39,0.10566456615924835,0.001,3449
371,10.0,14840,0.6083888888888889,1484,-0.998,39,0.1135857105255127,0.001,3459
370,10.0,14880,0.6073333333333333,1488,-1.073,40,0.10283857583999634,0.001,3469
370,10.0,14920,0.6062777777777779,1492,-1.0599999999999998,40,0.07557138055562973,0.001,3479
369,10.0,14960,0.6052222222222221,1496,-1.1655,40,0.08341355621814728,0.001,3489
369,10.0,15000,0.6041666666666667,1500,-1.2205000000000001,40,0.12804141640663147,0.001,3499
368,10.0,15040,0.6031111111111112,1504,-1.231,40,0.1141432374715805,0.001,3509
368,10.0,15080,0.6020555555555553,1508,-1.2694999999999999,40,0.09021581709384918,0.001,3519
369,10.0,15120,0.601,1512,-1.3125000000000002,40,0.0924466922879219,0.001,3529
369,10.0,15160,0.5999444444444446,1516,-1.2815,41,0.09028090536594391,0.001,3539
369,10.0,15200,0.5988888888888888,1520,-1.3075,41,0.06802812218666077,0.001,3549
369,10.0,15240,0.5978333333333333,1524,-1.3660000000000003,41,0.08882725983858109,0.001,3559
369,10.0,15280,0.5967777777777779,1528,-1.2605000000000002,41,0.11298563331365585,0.001,3569
370,10.0,15320,0.595722222222222,1532,-1.2284999999999997,41,0.0837949588894844,0.001,3579
370,10.0,15360,0.5946666666666667,1536,-1.3019999999999998,41,0.10406231880187988,0.001,3589
370,10.0,15400,0.5936111111111112,1540,-1.368,41,0.08982812613248825,0.001,3599
370,10.0,15440,0.5925555555555555,1544,-1.3659999999999999,41,0.1158003956079483,0.001,3609
370,10.0,15480,0.5915,1548,-1.3464999999999998,41,0.1090463250875473,0.001,3619
371,10.0,15520,0.5904444444444445,1552,-1.3155,41,0.12507088482379913,0.001,3629
371,10.0,15560,0.5893888888888887,1556,-1.3364999999999998,41,0.10976283997297287,0.001,3639
371,10.0,15600,0.5883333333333334,1560,-1.3665,41,0.09862317889928818,0.001,3649
372,10.0,15640,0.5872777777777779,1564,-1.3260000000000003,42,0.08358696103096008,0.001,3659
372,10.0,15680,0.5862222222222221,1568,-1.4575000000000002,42,0.12186580151319504,0.001,3669
372,10.0,15720,0.5851666666666666,1572,-1.5405000000000002,42,0.12209537625312805,0.001,3679
372,10.0,15760,0.5841111111111112,1576,-1.5819999999999999,42,0.17760790884494781,0.001,3689
372,10.0,15800,0.5830555555555558,1580,-1.5729999999999997,42,0.09241142868995667,0.001,3699
373,10.0,15840,0.582,1584,-1.5385,42,0.06745150685310364,0.001,3709
373,10.0,15880,0.5809444444444445,1588,-1.4264999999999999,42,0.07766008377075195,0.001,3719
373,10.0,15920,0.5798888888888888,1592,-1.4525,42,0.20790530741214752,0.001,3729
373,10.0,15960,0.5788333333333333,1596,-1.3944999999999999,42,0.10390964150428772,0.001,3739
373,10.0,16000,0.577777777777778,1600,-1.402,42,0.12315379083156586,0.001,3749
373,10.0,16040,0.5767222222222225,1604,-1.3895,42,0.1261860579252243,0.001,3759
374,10.0,16080,0.5756666666666667,1608,-1.3675,42,0.14809516072273254,0.001,3769
374,10.0,16120,0.5746111111111112,1612,-1.3630000000000002,43,0.07677428424358368,0.001,3779
374,10.0,16160,0.5735555555555554,1616,-1.3895,43,0.11044993251562119,0.001,3789
374,10.0,16200,0.5725,1620,-1.3319999999999996,43,0.08494127541780472,0.001,3799
374,10.0,16240,0.5714444444444445,1624,-1.236,43,0.08281593024730682,0.001,3809
374,10.0,16280,0.5703888888888891,1628,-1.2939999999999998,43,0.09116130322217941,0.001,3819
374,10.0,16320,0.5693333333333332,1632,-1.2670000000000001,43,0.12252070009708405,0.001,3829
374,10.0,16360,0.5682777777777779,1636,-1.1885000000000003,43,0.09781686216592789,0.001,3839
375,10.0,16400,0.5672222222222221,1640,-1.1484999999999999,43,0.08695012331008911,0.001,3849
375,10.0,16440,0.5661666666666666,1644,-1.216,43,0.10862260311841965,0.001,3859
375,10.0,16480,0.5651111111111111,1648,-1.2655,43,0.088885098695755,0.001,3869
375,10.0,16520,0.5640555555555558,1652,-1.3390000000000004,43,0.1440059244632721,0.001,3879
375,10.0,16560,0.563,1656,-1.3179999999999998,44,0.10045778751373291,0.001,3889
376,10.0,16600,0.5619444444444446,1660,-1.3659999999999999,44,0.0744391530752182,0.001,3899
376,10.0,16640,0.5608888888888888,1664,-1.5020000000000002,44,0.1255001276731491,0.001,3909
376,10.0,16680,0.5598333333333333,1668,-1.4834999999999996,44,0.09292853623628616,0.001,3919
376,10.0,16720,0.5587777777777778,1672,-1.4549999999999996,44,0.09988118708133698,0.001,3929
376,10.0,16760,0.5577222222222225,1676,-1.47,44,0.15630312263965607,0.001,3939
376,10.0,16800,0.5566666666666666,1680,-1.5130000000000001,44,0.13776060938835144,0.001,3949
376,10.0,16840,0.5556111111111112,1684,-1.5334999999999999,44,0.13138508796691895,0.001,3959
376,10.0,16880,0.5545555555555554,1688,-1.5960000000000003,44,0.10827141255140305,0.001,3969
377,10.0,16920,0.5534999999999999,1692,-1.6295,44,0.13843297958374023,0.001,3979
377,10.0,16960,0.5524444444444445,1696,-1.6145000000000003,44,0.1293557584285736,0.001,3989
377,10.0,17000,0.551388888888889,1700,-1.5934999999999997,45,0.08810454607009888,0.001,3999
377,10.0,17040,0.5503333333333332,1704,-1.558,45,0.11024902760982513,0.001,4009
377,10.0,17080,0.5492777777777778,1708,-1.6260000000000003,45,0.12293387204408646,0.001,4019
378,10.0,17120,0.5482222222222222,1712,-1.7594999999999998,45,0.17547020316123962,0.001,4029
378,10.0,17160,0.5471666666666666,1716,-1.8260000000000003,45,0.13841228187084198,0.001,4039
377,10.0,17200,0.5461111111111112,1720,-1.8444999999999998,45,0.127428337931633,0.001,4049
377,10.0,17240,0.5450555555555558,1724,-1.906,45,0.0966813862323761,0.001,4059
376,10.0,17280,0.544,1728,-1.8705,45,0.0891382098197937,0.001,4069
375,10.0,17320,0.5429444444444445,1732,-1.9459999999999997,46,0.11044711619615555,0.001,4079
375,10.0,17360,0.5418888888888886,1736,-1.9924999999999997,46,0.08523038774728775,0.001,4089
375,10.0,17400,0.5408333333333333,1740,-2.092,46,0.12259719520807266,0.001,4099
375,10.0,17440,0.5397777777777779,1744,-2.028,46,0.10871800780296326,0.001,4109
375,10.0,17480,0.5387222222222223,1748,-2.0530000000000004,46,0.08976428955793381,0.001,4119
375,10.0,17520,0.5376666666666665,1752,-2.0885,46,0.16437609493732452,0.001,4129
374,10.0,17560,0.5366111111111111,1756,-2.0825,46,0.16753624379634857,0.001,4139
374,10.0,17600,0.5355555555555553,1760,-2.0010000000000003,47,0.09594153612852097,0.001,4149
374,10.0,17640,0.5345,1764,-1.9285000000000003,47,0.13220185041427612,0.001,4159
373,10.0,17680,0.5334444444444444,1768,-1.9114999999999998,47,0.08323267847299576,0.001,4169
373,10.0,17720,0.532388888888889,1772,-1.8884999999999998,47,0.11763252317905426,0.001,4179
373,10.0,17760,0.5313333333333333,1776,-1.9280000000000002,47,0.07130678743124008,0.001,4189
372,10.0,17800,0.5302777777777778,1780,-1.9654999999999998,47,0.15083062648773193,0.001,4199
371,10.0,17840,0.529222222222222,1784,-2.074,47,0.0751657485961914,0.001,4209
371,10.0,17880,0.5281666666666667,1788,-2.0595000000000003,48,0.10717757046222687,0.001,4219
370,10.0,17920,0.5271111111111112,1792,-2.041,48,0.06184888631105423,0.001,4229
368,10.0,17960,0.5260555555555557,1796,-2.0510000000000006,48,0.11630810797214508,0.001,4239
365,10.0,18000,0.5249999999999999,1800,-2.0705,49,0.09796158224344254,0.001,4249
364,10.0,18040,0.5239444444444445,1804,-2.1175,49,0.1613798886537552,0.001,4259
363,10.0,18080,0.5228888888888887,1808,-2.1174999999999997,49,0.1005992442369461,0.001,4269
362,10.0,18120,0.5218333333333333,1812,-2.131,49,0.1611686497926712,0.001,4279
362,10.0,18160,0.5207777777777778,1816,-2.0760000000000005,50,0.14349251985549927,0.001,4289
361,10.0,18200,0.5197222222222224,1820,-2.1109999999999998,50,0.10159951448440552,0.001,4299
362,10.0,18240,0.5186666666666666,1824,-2.0445,50,0.07942679524421692,0.001,4309
362,10.0,18280,0.5176111111111111,1828,-2.1270000000000002,50,0.07489624619483948,0.001,4319
362,10.0,18320,0.5165555555555554,1832,-2.0894999999999997,50,0.06798652559518814,0.001,4329
362,10.0,18360,0.5155,1836,-2.039,50,0.11351781338453293,0.001,4339
362,10.0,18400,0.5144444444444445,1840,-2.0925,50,0.1309889703989029,0.001,4349
361,10.0,18440,0.5133888888888891,1844,-2.1515,50,0.11920270323753357,0.001,4359
361,10.0,18480,0.5123333333333333,1848,-2.159,51,0.10631649941205978,0.001,4369
361,10.0,18520,0.5112777777777778,1852,-2.2395,51,0.07785160094499588,0.001,4379
361,10.0,18560,0.510222222222222,1856,-2.223,51,0.1294400691986084,0.001,4389
361,10.0,18600,0.5091666666666665,1860,-2.251,51,0.12553592026233673,0.001,4399
361,10.0,18640,0.5081111111111112,1864,-2.1500000000000004,51,0.08943025022745132,0.001,4409
361,10.0,18680,0.5070555555555557,1868,-2.1689999999999996,51,0.11577631533145905,0.001,4419
361,10.0,18720,0.5059999999999999,1872,-2.133,51,0.10074801743030548,0.001,4429
361,10.0,18760,0.5049444444444444,1876,-2.2085,51,0.09254971146583557,0.001,4439
362,10.0,18800,0.5038888888888886,1880,-2.1545,51,0.08083336055278778,0.001,4449
362,10.0,18840,0.5028333333333332,1884,-2.0075,52,0.12104365229606628,0.001,4459
362,10.0,18880,0.5017777777777778,1888,-1.985,52,0.09363012760877609,0.001,4469
362,10.0,18920,0.5007222222222223,1892,-1.9905000000000002,52,0.08639254420995712,0.001,4479
362,10.0,18960,0.4996666666666666,1896,-2.066,52,0.10860248655080795,0.001,4489
362,10.0,19000,0.4986111111111111,1900,-2.031,52,0.10008733719587326,0.001,4499
362,10.0,19040,0.4975555555555553,1904,-2.037,52,0.0844547301530838,0.001,4509
362,10.0,19080,0.49649999999999994,1908,-1.9805,52,0.1261991262435913,0.001,4519
362,10.0,19120,0.49544444444444447,1912,-1.832,52,0.13211753964424133,0.001,4529
362,10.0,19160,0.494388888888889,1916,-1.9095,52,0.08361756801605225,0.001,4539
362,10.0,19200,0.4933333333333332,1920,-1.8515000000000001,52,0.11624869704246521,0.001,4549
362,10.0,19240,0.4922777777777778,1924,-1.9225,53,0.10245382785797119,0.001,4559
362,10.0,19280,0.491222222222222,1928,-1.9054999999999997,53,0.14246715605258942,0.001,4569
362,10.0,19320,0.49016666666666653,1932,-1.9525,53,0.07481608539819717,0.001,4579
362,10.0,19360,0.48911111111111105,1936,-1.9794999999999998,53,0.1502486914396286,0.001,4589
362,10.0,19400,0.4880555555555557,1940,-1.9499999999999997,53,0.10589040070772171,0.001,4599
361,10.0,19440,0.4869999999999999,1944,-1.8810000000000002,53,0.08429046720266342,0.001,4609
361,10.0,19480,0.4859444444444444,1948,-1.8670000000000004,53,0.09145110100507736,0.001,4619
360,10.0,19520,0.4848888888888889,1952,-1.7625000000000002,54,0.12839940190315247,0.001,4629
360,10.0,19560,0.4838333333333332,1956,-1.8330000000000004,54,0.06679140031337738,0.001,4639
360,10.0,19600,0.48277777777777786,1960,-1.872,54,0.15240861475467682,0.001,4649
360,10.0,19640,0.4817222222222224,1964,-1.872,54,0.1180807426571846,0.001,4659
360,10.0,19680,0.4806666666666666,1968,-1.77,54,0.08748698979616165,0.001,4669
360,10.0,19720,0.4796111111111111,1972,-1.8200000000000003,54,0.1233673095703125,0.001,4679
361,10.0,19760,0.47855555555555573,1976,-1.8075,54,0.12026820331811905,0.001,4689
361,10.0,19800,0.4774999999999999,1980,-1.7960000000000005,54,0.10396470874547958,0.001,4699
361,10.0,19840,0.47644444444444445,1984,-1.8025000000000002,54,0.10103794187307358,0.001,4709
361,10.0,19880,0.47538888888888897,1988,-1.8240000000000003,54,0.1466875672340393,0.001,4719
361,10.0,19920,0.47433333333333316,1992,-1.7975,55,0.1279304474592209,0.001,4729
361,10.0,19960,0.4732777777777778,1996,-1.8054999999999999,55,0.10328952223062515,0.001,4739
361,10.0,20000,0.4722222222222223,2000,-1.7934999999999999,55,0.11819759011268616,0.001,4749
361,10.0,20040,0.4711666666666665,2004,-1.7520000000000002,55,0.08344534784555435,0.001,4759
361,10.0,20080,0.47011111111111104,2008,-1.7099999999999997,55,0.11307515949010849,0.001,4769
361,10.0,20120,0.46905555555555567,2012,-1.822,55,0.11180242151021957,0.001,4779
362,10.0,20160,0.46799999999999986,2016,-1.7274999999999998,55,0.097198486328125,0.001,4789
362,10.0,20200,0.4669444444444445,2020,-1.8030000000000002,55,0.11321815848350525,0.001,4799
362,10.0,20240,0.465888888888889,2024,-1.7914999999999999,55,0.09906376153230667,0.001,4809
362,10.0,20280,0.4648333333333332,2028,-1.7775,55,0.10236326605081558,0.001,4819
362,10.0,20320,0.46377777777777773,2032,-1.7579999999999998,56,0.10721588879823685,0.001,4829
362,10.0,20360,0.46272222222222237,2036,-1.7845000000000002,56,0.07611559331417084,0.001,4839
362,10.0,20400,0.46166666666666656,2040,-1.7220000000000002,56,0.12336733937263489,0.001,4849
362,10.0,20440,0.4606111111111111,2044,-1.693,56,0.10238774865865707,0.001,4859
362,10.0,20480,0.4595555555555556,2048,-1.6669999999999998,56,0.10720884799957275,0.001,4869
362,10.0,20520,0.4584999999999998,2052,-1.6685000000000003,56,0.11989480257034302,0.001,4879
362,10.0,20560,0.45744444444444443,2056,-1.6750000000000003,56,0.08927226811647415,0.001,4889
362,10.0,20600,0.45638888888888896,2060,-1.6399999999999997,56,0.09321604669094086,0.001,4899
362,10.0,20640,0.4553333333333335,2064,-1.745,56,0.09097746014595032,0.001,4909
362,10.0,20680,0.45427777777777767,2068,-1.8505000000000005,56,0.1240430548787117,0.001,4919
363,10.0,20720,0.4532222222222223,2072,-1.8614999999999997,57,0.10566121339797974,0.001,4929
363,10.0,20760,0.4521666666666666,2076,-1.8364999999999998,57,0.15724360942840576,0.001,4939
363,10.0,20800,0.45111111111111113,2080,-1.774,57,0.09488913416862488,0.001,4949
363,10.0,20840,0.45005555555555565,2084,-1.7904999999999998,57,0.11742167919874191,0.001,4959
363,10.0,20880,0.4490000000000003,2088,-1.825,57,0.10995764285326004,0.001,4969
363,10.0,20920,0.4479444444444445,2092,-1.8185000000000002,57,0.09970200806856155,0.001,4979
363,10.0,20960,0.446888888888889,2096,-1.7974999999999997,57,0.11218602955341339,0.001,4989
363,10.0,21000,0.4458333333333332,2100,-1.9155000000000002,57,0.11103533208370209,0.001,4999
362,10.0,21040,0.4447777777777777,2104,-1.929,57,0.0999772697687149,0.001,5009
362,10.0,21080,0.44372222222222235,2108,-1.9025,58,0.10081179440021515,0.001,5019
362,10.0,21120,0.4426666666666669,2112,-1.9155000000000002,58,0.15319176018238068,0.001,5029
362,10.0,21160,0.44161111111111107,2116,-1.9995000000000003,58,0.1083279550075531,0.001,5039
361,10.0,21200,0.4405555555555556,2120,-1.9255000000000002,58,0.2085961252450943,0.001,5049
360,10.0,21240,0.4394999999999998,2124,-1.9025,58,0.08110256493091583,0.001,5059
360,10.0,21280,0.4384444444444444,2128,-1.8655000000000002,59,0.13572457432746887,0.001,5069
360,10.0,21320,0.43738888888888894,2132,-1.838,59,0.09845174103975296,0.001,5079
360,10.0,21360,0.43633333333333346,2136,-1.8584999999999996,59,0.13070179522037506,0.001,5089
360,10.0,21400,0.43527777777777776,2140,-1.8735,59,0.15268109738826752,0.001,5099
361,10.0,21440,0.4342222222222223,2144,-2.0284999999999997,59,0.20461706817150116,0.001,5109
361,10.0,21480,0.4331666666666665,2148,-2.096,59,0.07682055979967117,0.001,5119
361,10.0,21520,0.4321111111111111,2152,-2.1255000000000006,59,0.13484814763069153,0.001,5129
361,10.0,21560,0.43105555555555564,2156,-2.105,59,0.09846757352352142,0.001,5139
361,10.0,21600,0.43000000000000016,2160,-2.1470000000000002,59,0.10812201350927353,0.001,5149
361,10.0,21640,0.42894444444444435,2164,-2.154,59,0.08754750341176987,0.001,5159
361,10.0,21680,0.427888888888889,2168,-2.1535,59,0.1061747744679451,0.001,5169
362,10.0,21720,0.4268333333333332,2172,-2.0610000000000004,59,0.1334264576435089,0.001,5179
362,10.0,21760,0.4257777777777777,2176,-2.048,60,0.11687085777521133,0.001,5189
362,10.0,21800,0.4247222222222222,2180,-2.0880000000000005,60,0.08575323224067688,0.001,5199
362,10.0,21840,0.42366666666666686,2184,-2.1095000000000006,60,0.11479838192462921,0.001,5209
362,10.0,21880,0.42261111111111105,2188,-2.1005000000000003,60,0.1324433982372284,0.001,5219
362,10.0,21920,0.42155555555555557,2192,-2.1470000000000002,60,0.10383576154708862,0.001,5229
362,10.0,21960,0.4204999999999999,2196,-2.1809999999999996,60,0.14436466991901398,0.001,5239
362,10.0,22000,0.4194444444444444,2200,-2.133,60,0.16378258168697357,0.001,5249
362,10.0,22040,0.41838888888888903,2204,-2.2125,60,0.07975500822067261,0.001,5259
362,10.0,22080,0.41733333333333356,2208,-2.1525,60,0.15032172203063965,0.001,5269
361,10.0,22120,0.41627777777777775,2212,-2.1315000000000004,61,0.08886789530515671,0.001,5279
352,10.0,22160,0.41522222222222227,2216,-2.0665,62,0.17254221439361572,0.001,5289
347,10.0,22200,0.41416666666666646,2220,-2.0595,63,0.11513727158308029,0.001,5299
346,10.0,22240,0.4131111111111111,2224,-2.048,64,0.09025479853153229,0.001,5309
346,10.0,22280,0.4120555555555556,2228,-2.1635,64,0.12245604395866394,0.001,5319
346,10.0,22320,0.41100000000000014,2232,-2.2105,64,0.1561216562986374,0.001,5329
346,10.0,22360,0.40994444444444433,2236,-2.177,64,0.12650790810585022,0.001,5339
346,10.0,22400,0.40888888888888897,2240,-2.205,64,0.09848853945732117,0.001,5349
346,10.0,22440,0.40783333333333316,2244,-2.177,64,0.11744258552789688,0.001,5359
346,10.0,22480,0.4067777777777777,2248,-2.1454999999999997,64,0.10712750256061554,0.001,5369
346,10.0,22520,0.4057222222222223,2252,-2.1040000000000005,65,0.14138290286064148,0.001,5379
346,10.0,22560,0.40466666666666684,2256,-2.121,65,0.1025206595659256,0.001,5389
346,10.0,22600,0.40361111111111103,2260,-2.0164999999999997,65,0.07705266028642654,0.001,5399
345,10.0,22640,0.40255555555555567,2264,-1.9475000000000002,65,0.08966242522001266,0.001,5409
345,10.0,22680,0.40149999999999986,2268,-2.0265,65,0.07743794471025467,0.001,5419
344,10.0,22720,0.4004444444444444,2272,-2.05,66,0.09486694633960724,0.001,5429
340,10.0,22760,0.3993888888888889,2276,-2.0215000000000005,66,0.09930025786161423,0.001,5439
339,10.0,22800,0.39833333333333354,2280,-2.073,67,0.13290004432201385,0.001,5449
338,10.0,22840,0.39727777777777773,2284,-2.134,67,0.11485875397920609,0.001,5459
336,10.0,22880,0.39622222222222225,2288,-2.071,67,0.17184238135814667,0.001,5469
336,10.0,22920,0.39516666666666644,2292,-2.0105,68,0.12703914940357208,0.001,5479
335,10.0,22960,0.39411111111111097,2296,-2.0555000000000003,68,0.10404791682958603,0.001,5489
335,10.0,23000,0.3930555555555556,2300,-2.0744999999999996,68,0.18506473302841187,0.001,5499
335,10.0,23040,0.3920000000000001,2304,-2.049499999999999,68,0.09640608727931976,0.001,5509
335,10.0,23080,0.39094444444444443,2308,-2.1879999999999997,68,0.10877738147974014,0.001,5519
335,10.0,23120,0.38988888888888895,2312,-2.2149999999999994,68,0.09837573766708374,0.001,5529
335,10.0,23160,0.38883333333333314,2316,-2.2459999999999996,68,0.14450958371162415,0.001,5539
335,10.0,23200,0.3877777777777778,2320,-2.3794999999999997,69,0.11309795826673508,0.001,5549
336,10.0,23240,0.3867222222222223,2324,-2.504,69,0.11068505793809891,0.001,5559
336,10.0,23280,0.3856666666666668,2328,-2.4665000000000004,69,0.12094663083553314,0.001,5569
336,10.0,23320,0.384611111111111,2332,-2.396,69,0.1388108730316162,0.001,5579
336,10.0,23360,0.38355555555555565,2336,-2.3605,69,0.11636888235807419,0.001,5589
336,10.0,23400,0.38249999999999984,2340,-2.3789999999999996,69,0.0982457622885704,0.001,5599
335,10.0,23440,0.38144444444444436,2344,-2.3789999999999996,69,0.14596904814243317,0.001,5609
335,10.0,23480,0.3803888888888889,2348,-2.399,69,0.08579860627651215,0.001,5619
335,10.0,23520,0.3793333333333335,2352,-2.4975000000000005,70,0.13243408501148224,0.001,5629
335,10.0,23560,0.3782777777777777,2356,-2.5915,70,0.11345861852169037,0.001,5639
335,10.0,23600,0.37722222222222224,2360,-2.7565,70,0.15548495948314667,0.001,5649
335,10.0,23640,0.37616666666666654,2364,-2.8825,70,0.1417829692363739,0.001,5659
334,10.0,23680,0.37511111111111106,2368,-2.7920000000000003,70,0.13800737261772156,0.001,5669
334,10.0,23720,0.3740555555555556,2372,-2.8805,70,0.10718690603971481,0.001,5679
333,10.0,23760,0.3730000000000002,2376,-2.9614999999999996,71,0.16466742753982544,0.001,5689
333,10.0,23800,0.3719444444444444,2380,-3.0285,71,0.10534745454788208,0.001,5699
333,10.0,23840,0.37088888888888893,2384,-3.0,71,0.10616526007652283,0.001,5709
333,10.0,23880,0.3698333333333331,2388,-3.0515,71,0.08853854238986969,0.001,5719
327,10.0,23920,0.36877777777777765,2392,-3.125,72,0.11279263347387314,0.001,5729
327,10.0,23960,0.3677222222222223,2396,-3.0090000000000003,73,0.10855929553508759,0.001,5739
326,10.0,24000,0.3666666666666668,2400,-2.9010000000000002,73,0.0949857234954834,0.001,5749
326,10.0,24040,0.365611111111111,2404,-2.8985000000000003,73,0.14902645349502563,0.001,5759
326,10.0,24080,0.3645555555555555,2408,-2.8804999999999996,73,0.16027528047561646,0.001,5769
326,10.0,24120,0.3634999999999997,2412,-2.8525,73,0.07825186848640442,0.001,5779
326,10.0,24160,0.36244444444444435,2416,-2.8205,74,0.1267860233783722,0.001,5789
325,10.0,24200,0.36138888888888887,2420,-2.7745000000000006,74,0.14946359395980835,0.001,5799
324,10.0,24240,0.3603333333333334,2424,-2.7725000000000013,74,0.14360594749450684,0.001,5809
324,10.0,24280,0.3592777777777777,2428,-2.7260000000000004,74,0.12240637838840485,0.001,5819
324,10.0,24320,0.35822222222222233,2432,-2.7744999999999997,74,0.10287994891405106,0.001,5829
324,10.0,24360,0.3571666666666665,2436,-2.793,75,0.13711200654506683,0.001,5839
324,10.0,24400,0.35611111111111104,2440,-2.7755,75,0.08249222487211227,0.001,5849
324,10.0,24440,0.35505555555555557,2444,-2.695,75,0.11558706313371658,0.001,5859
323,10.0,24480,0.3540000000000002,2448,-2.7159999999999993,75,0.13025884330272675,0.001,5869
322,10.0,24520,0.3529444444444444,2452,-2.5759999999999996,75,0.14127621054649353,0.001,5879
322,10.0,24560,0.3518888888888889,2456,-2.533,76,0.1151297390460968,0.001,5889
322,10.0,24600,0.35083333333333344,2460,-2.4575,76,0.1873701810836792,0.001,5899
322,10.0,24640,0.34977777777777763,2464,-2.5155000000000003,76,0.10752490907907486,0.001,5909
322,10.0,24680,0.34872222222222227,2468,-2.462,76,0.09799543768167496,0.001,5919
322,10.0,24720,0.3476666666666668,2472,-2.473,76,0.06825797259807587,0.001,5929
322,10.0,24760,0.346611111111111,2476,-2.4194999999999998,76,0.11602664738893509,0.001,5939
321,10.0,24800,0.3455555555555555,2480,-2.3075,77,0.11476036161184311,0.001,5949
321,10.0,24840,0.34450000000000014,2484,-2.3594999999999997,77,0.1019902378320694,0.001,5959
320,10.0,24880,0.34344444444444433,2488,-2.3714999999999997,77,0.11072389036417007,0.001,5969
319,10.0,24920,0.34238888888888896,2492,-2.2995,78,0.11585205048322678,0.001,5979
317,10.0,24960,0.3413333333333335,2496,-2.4064999999999994,78,0.14337797462940216,0.001,5989
317,10.0,25000,0.3402777777777777,2500,-2.4354999999999998,78,0.07889355719089508,0.001,5999
316,10.0,25040,0.3392222222222222,2504,-2.468,79,0.1495012640953064,0.001,6009
315,10.0,25080,0.33816666666666684,2508,-2.5525,79,0.12378772348165512,0.001,6019
314,10.0,25120,0.33711111111111103,2512,-2.6125,79,0.1386735886335373,0.001,6029
313,10.0,25160,0.33605555555555555,2516,-2.6584999999999996,80,0.1465572863817215,0.001,6039
312,10.0,25200,0.3350000000000001,2520,-2.6524999999999994,80,0.11617954075336456,0.001,6049
310,10.0,25240,0.33394444444444427,2524,-2.543,81,0.11700327694416046,0.001,6059
309,10.0,25280,0.3328888888888889,2528,-2.556,81,0.10452772676944733,0.001,6069
309,10.0,25320,0.3318333333333334,2532,-2.5265,81,0.09257779270410538,0.001,6079
309,10.0,25360,0.3307777777777776,2536,-2.6710000000000003,81,0.12123358249664307,0.001,6089
309,10.0,25400,0.32972222222222214,2540,-2.6659999999999995,82,0.16194841265678406,0.001,6099
308,10.0,25440,0.3286666666666668,2544,-2.6505,82,0.13206161558628082,0.001,6109
308,10.0,25480,0.3276111111111111,2548,-2.537,82,0.08985400199890137,0.001,6119
307,10.0,25520,0.3265555555555556,2552,-2.6609999999999996,83,0.12746545672416687,0.001,6129
306,10.0,25560,0.3255000000000001,2556,-2.5284999999999997,83,0.10875080525875092,0.001,6139
306,10.0,25600,0.3244444444444443,2560,-2.5115,83,0.12307851761579514,0.001,6149
306,10.0,25640,0.32338888888888895,2564,-2.4219999999999997,83,0.0846114233136177,0.001,6159
306,10.0,25680,0.32233333333333347,2568,-2.5385000000000004,83,0.14284013211727142,0.001,6169
306,10.0,25720,0.321277777777778,2572,-2.6069999999999998,83,0.09114756435155869,0.001,6179
306,10.0,25760,0.3202222222222222,2576,-2.5485,84,0.16448469460010529,0.001,6189
306,10.0,25800,0.3191666666666668,2580,-2.665,84,0.10467079281806946,0.001,6199
304,10.0,25840,0.318111111111111,2584,-2.5705,84,0.15064290165901184,0.001,6209
302,10.0,25880,0.31705555555555553,2588,-2.6045,85,0.11738874018192291,0.001,6219
302,10.0,25920,0.31600000000000006,2592,-2.6604999999999994,85,0.11537650227546692,0.001,6229
302,10.0,25960,0.3149444444444447,2596,-2.5045,85,0.12771674990653992,0.001,6239
301,10.0,26000,0.3138888888888889,2600,-2.5729999999999995,86,0.17517228424549103,0.001,6249
301,10.0,26040,0.3128333333333334,2604,-2.554,86,0.1782715916633606,0.001,6259
301,10.0,26080,0.3117777777777777,2608,-2.5164999999999997,86,0.11701337993144989,0.001,6269
300,10.0,26120,0.31072222222222223,2612,-2.4019999999999997,86,0.09696044027805328,0.001,6279
300,10.0,26160,0.30966666666666676,2616,-2.4095,86,0.08260024338960648,0.001,6289
300,10.0,26200,0.3086111111111114,2620,-2.4789999999999996,87,0.08308610320091248,0.001,6299
300,10.0,26240,0.3075555555555556,2624,-2.515,87,0.13321420550346375,0.001,6309
299,10.0,26280,0.3065000000000001,2628,-2.5305,87,0.12441125512123108,0.001,6319
299,10.0,26320,0.3054444444444443,2632,-2.55,87,0.15336140990257263,0.001,6329
299,10.0,26360,0.3043888888888888,2636,-2.428,88,0.137221559882164,0.001,6339
299,10.0,26400,0.30333333333333345,2640,-2.3814999999999995,88,0.10614299029111862,0.001,6349
298,10.0,26440,0.302277777777778,2644,-2.4335,88,0.17922545969486237,0.001,6359
298,10.0,26480,0.30122222222222217,2648,-2.5355000000000003,88,0.11701066792011261,0.001,6369
298,10.0,26520,0.3001666666666667,2652,-2.423,88,0.18344947695732117,0.001,6379
298,10.0,26560,0.2991111111111109,2656,-2.5365,88,0.11929160356521606,0.001,6389
298,10.0,26600,0.2980555555555555,2660,-2.5199999999999996,89,0.16077075898647308,0.001,6399
298,10.0,26640,0.29700000000000004,2664,-2.6609999999999996,89,0.08227692544460297,0.001,6409
298,10.0,26680,0.29594444444444457,2668,-2.6630000000000003,89,0.12332651019096375,0.001,6419
298,10.0,26720,0.29488888888888887,2672,-2.555,89,0.1264771670103073,0.001,6429
298,10.0,26760,0.2938333333333335,2676,-2.639,89,0.08736931532621384,0.001,6439
298,10.0,26800,0.2927777777777777,2680,-2.556,89,0.11730898916721344,0.001,6449
298,10.0,26840,0.2917222222222222,2684,-2.5210000000000004,89,0.1369732767343521,0.001,6459
298,10.0,26880,0.29066666666666674,2688,-2.4845,90,0.09071409702301025,0.001,6469
298,10.0,26920,0.2896111111111114,2692,-2.5295,90,0.12283197045326233,0.001,6479
298,10.0,26960,0.28855555555555557,2696,-2.66,90,0.112320177257061,0.001,6489
298,10.0,27000,0.2875000000000001,2700,-2.5855,90,0.1379103660583496,0.001,6499
298,10.0,27040,0.2864444444444443,2704,-2.614,90,0.08743514120578766,0.001,6509
298,10.0,27080,0.2853888888888888,2708,-2.537,90,0.1188773661851883,0.001,6519
298,10.0,27120,0.28433333333333344,2712,-2.6724999999999994,90,0.09455891698598862,0.001,6529
298,10.0,27160,0.28327777777777796,2716,-2.6875,90,0.13057991862297058,0.001,6539
298,10.0,27200,0.28222222222222215,2720,-2.678,91,0.1287343055009842,0.001,6549
298,10.0,27240,0.2811666666666667,2724,-2.7500000000000004,91,0.09773954749107361,0.001,6559
298,10.0,27280,0.280111111111111,2728,-2.7620000000000005,91,0.10006991028785706,0.001,6569
298,10.0,27320,0.2790555555555555,2732,-2.8865000000000003,91,0.08221045136451721,0.001,6579
298,10.0,27360,0.27800000000000014,2736,-2.9435,91,0.13931971788406372,0.001,6589
298,10.0,27400,0.27694444444444466,2740,-3.0869999999999997,91,0.060912664979696274,0.001,6599
298,10.0,27440,0.27588888888888885,2744,-3.07,91,0.1179123967885971,0.001,6609
298,10.0,27480,0.2748333333333334,2748,-3.1025000000000005,91,0.08392781019210815,0.001,6619
298,10.0,27520,0.27377777777777756,2752,-3.22,92,0.12389924377202988,0.001,6629
298,10.0,27560,0.2727222222222222,2756,-3.2060000000000004,92,0.13336530327796936,0.001,6639
298,10.0,27600,0.2716666666666667,2760,-3.115,92,0.1282399445772171,0.001,6649
299,10.0,27640,0.27061111111111125,2764,-2.923,92,0.11116849631071091,0.001,6659
299,10.0,27680,0.26955555555555544,2768,-2.8564999999999996,92,0.13512949645519257,0.001,6669
299,10.0,27720,0.26850000000000007,2772,-2.8865000000000003,92,0.08141326159238815,0.001,6679
299,10.0,27760,0.26744444444444426,2776,-2.9349999999999996,92,0.08033119142055511,0.001,6689
299,10.0,27800,0.2663888888888888,2780,-2.9379999999999997,92,0.1426275074481964,0.001,6699
299,10.0,27840,0.2653333333333333,2784,-3.0159999999999996,93,0.08777070790529251,0.001,6709
299,10.0,27880,0.26427777777777794,2788,-3.0579999999999994,93,0.1002587229013443,0.001,6719
299,10.0,27920,0.26322222222222225,2792,-2.869,93,0.11978915333747864,0.001,6729
297,10.0,27960,0.26216666666666677,2796,-2.8240000000000003,93,0.1076708436012268,0.001,6739
296,10.0,28000,0.26111111111111096,2800,-2.8659999999999997,94,0.07620696723461151,0.001,6749
295,10.0,28040,0.2600555555555555,2804,-2.8200000000000007,94,0.13023336231708527,0.001,6759
295,10.0,28080,0.2590000000000001,2808,-2.9130000000000007,95,0.12649235129356384,0.001,6769
294,10.0,28120,0.25794444444444464,2812,-2.8080000000000003,95,0.14206993579864502,0.001,6779
294,10.0,28160,0.25688888888888883,2816,-2.782,95,0.12291917949914932,0.001,6789
294,10.0,28200,0.25583333333333336,2820,-2.7784999999999997,95,0.11616764217615128,0.001,6799
293,10.0,28240,0.25477777777777755,2824,-2.7025000000000006,96,0.11991403251886368,0.001,6809
293,10.0,28280,0.2537222222222222,2828,-2.7560000000000002,96,0.10179457813501358,0.001,6819
292,10.0,28320,0.2526666666666667,2832,-2.7034999999999996,96,0.12735773622989655,0.001,6829
292,10.0,28360,0.25161111111111123,2836,-2.5929999999999995,96,0.066608726978302,0.001,6839
291,10.0,28400,0.2505555555555554,2840,-2.5120000000000005,97,0.1107952669262886,0.001,6849
291,10.0,28440,0.24950000000000006,2844,-2.5000000000000004,97,0.07342206686735153,0.001,6859
290,10.0,28480,0.24844444444444425,2848,-2.3119999999999994,97,0.12087470293045044,0.001,6869
290,10.0,28520,0.24738888888888888,2852,-2.3409999999999997,98,0.1233699843287468,0.001,6879
290,10.0,28560,0.2463333333333334,2856,-2.3635,98,0.12740226089954376,0.001,6889
289,10.0,28600,0.24527777777777793,2860,-2.447,98,0.11680606007575989,0.001,6899
289,10.0,28640,0.24422222222222212,2864,-2.594,98,0.11768097430467606,0.001,6909
290,10.0,28680,0.24316666666666675,2868,-2.5685,98,0.1597694754600525,0.001,6919
290,10.0,28720,0.24211111111111094,2872,-2.5715000000000003,99,0.09258388727903366,0.001,6929
290,10.0,28760,0.24105555555555547,2876,-2.4589999999999996,99,0.1374073177576065,0.001,6939
290,10.0,28800,0.24,2880,-2.3884999999999996,99,0.10737789422273636,0.001,6949
290,10.0,28840,0.23894444444444463,2884,-2.519,99,0.11091231554746628,0.001,6959
290,10.0,28880,0.23788888888888882,2888,-2.5835000000000004,99,0.12386155873537064,0.001,6969
290,10.0,28920,0.23683333333333334,2892,-2.7735,99,0.08934113383293152,0.001,6979
290,10.0,28960,0.23577777777777753,2896,-2.8034999999999997,99,0.09982539713382721,0.001,6989
290,10.0,29000,0.23472222222222205,2900,-2.8624999999999994,99,0.11210378259420395,0.001,6999
290,10.0,29040,0.2336666666666667,2904,-2.7760000000000002,100,0.15261057019233704,0.001,7009
290,10.0,29080,0.2326111111111112,2908,-2.8169999999999997,100,0.11981289833784103,0.001,7019
290,10.0,29120,0.23155555555555551,2912,-2.78,100,0.13077996671199799,0.001,7029
290,10.0,29160,0.23050000000000004,2916,-2.7125,100,0.12069616466760635,0.001,7039
290,10.0,29200,0.22944444444444423,2920,-2.572,100,0.12127996981143951,0.001,7049
290,10.0,29240,0.22838888888888886,2924,-2.446,100,0.10993631184101105,0.001,7059
290,10.0,29280,0.2273333333333334,2928,-2.3249999999999993,100,0.13443878293037415,0.001,7069
290,10.0,29320,0.2262777777777779,2932,-2.3055,100,0.11588577926158905,0.001,7079
290,10.0,29360,0.2252222222222221,2936,-2.2545,101,0.1265287846326828,0.001,7089
290,10.0,29400,0.22416666666666674,2940,-2.1450000000000005,101,0.08865942060947418,0.001,7099
290,10.0,29440,0.22311111111111126,2944,-2.2235,101,0.12075500190258026,0.001,7109
290,10.0,29480,0.22205555555555545,2948,-2.431,101,0.14527949690818787,0.001,7119
290,10.0,29520,0.22099999999999997,2952,-2.41,101,0.12325025349855423,0.001,7129
290,10.0,29560,0.2199444444444446,2956,-2.3979999999999997,101,0.11310460418462753,0.001,7139
290,10.0,29600,0.2188888888888888,2960,-2.5435000000000003,102,0.14922738075256348,0.001,7149
284,10.0,29640,0.21783333333333332,2964,-2.562,104,0.1369059979915619,0.001,7159
282,10.0,29680,0.21677777777777785,2968,-2.7304999999999997,104,0.13244570791721344,0.001,7169
282,10.0,29720,0.21572222222222215,2972,-2.679499999999999,105,0.10138708353042603,0.001,7179
282,10.0,29760,0.21466666666666667,2976,-2.782,105,0.12039363384246826,0.001,7189
282,10.0,29800,0.2136111111111113,2980,-2.8235,105,0.13914690911769867,0.001,7199
282,10.0,29840,0.2125555555555555,2984,-2.7215,105,0.1444074809551239,0.001,7209
282,10.0,29880,0.21150000000000002,2988,-2.5679999999999996,105,0.1340552270412445,0.001,7219
282,10.0,29920,0.21044444444444455,2992,-2.554,105,0.12223359942436218,0.001,7229
282,10.0,29960,0.20938888888888874,2996,-2.5775,106,0.08784139156341553,0.001,7239
282,10.0,30000,0.20833333333333337,3000,-2.5854999999999997,106,0.08887448906898499,0.001,7249
282,10.0,30040,0.2072777777777779,3004,-2.720500000000001,106,0.158143550157547,0.001,7259
282,10.0,30080,0.20622222222222242,3008,-2.6505,106,0.12138780206441879,0.001,7269
282,10.0,30120,0.2051666666666666,3012,-2.733,106,0.09481819719076157,0.001,7279
282,10.0,30160,0.2041111111111108,3016,-2.7540000000000004,106,0.08467955142259598,0.001,7289
282,10.0,30200,0.20305555555555543,3020,-2.7439999999999998,106,0.11834181845188141,0.001,7299
281,10.0,30240,0.20199999999999996,3024,-2.9075,107,0.08399955183267593,0.001,7309
281,10.0,30280,0.20094444444444448,3028,-2.9995,107,0.1060648262500763,0.001,7319
281,10.0,30320,0.19988888888888912,3032,-2.9489999999999994,107,0.09392504394054413,0.001,7329
281,10.0,30360,0.19883333333333342,3036,-3.1194999999999995,107,0.10768340528011322,0.001,7339
281,10.0,30400,0.1977777777777776,3040,-3.348499999999999,108,0.12169504910707474,0.001,7349
281,10.0,30440,0.19672222222222213,3044,-3.3304999999999993,108,0.11457249522209167,0.001,7359
280,10.0,30480,0.19566666666666666,3048,-3.2575000000000007,108,0.09446736425161362,0.001,7369
280,10.0,30520,0.1946111111111113,3052,-3.1665000000000005,108,0.13279201090335846,0.001,7379
280,10.0,30560,0.1935555555555558,3056,-3.1485,108,0.13079418241977692,0.001,7389
280,10.0,30600,0.1925,3060,-3.0000000000000004,109,0.11250977218151093,0.001,7399
280,10.0,30640,0.1914444444444442,3064,-2.8364999999999996,109,0.07430092245340347,0.001,7409
280,10.0,30680,0.19038888888888872,3068,-2.656,109,0.1146666407585144,0.001,7419
280,10.0,30720,0.18933333333333335,3072,-2.6740000000000004,109,0.09752053767442703,0.001,7429
279,10.0,30760,0.18827777777777788,3076,-2.6730000000000005,110,0.10837263613939285,0.001,7439
277,10.0,30800,0.1872222222222224,3080,-2.7495,110,0.09446820616722107,0.001,7449
277,10.0,30840,0.1861666666666666,3084,-2.76,111,0.164166659116745,0.001,7459
277,10.0,30880,0.1851111111111109,3088,-2.8764999999999996,111,0.11214832216501236,0.001,7469
276,10.0,30920,0.18405555555555542,3092,-2.8620000000000005,111,0.08944538235664368,0.001,7479
275,10.0,30960,0.18300000000000005,3096,-2.9330000000000007,112,0.08454591035842896,0.001,7489
273,10.0,31000,0.18194444444444458,3100,-2.943,113,0.0828743726015091,0.001,7499
272,10.0,31040,0.1808888888888891,3104,-2.9019999999999997,113,0.12693539261817932,0.001,7509
272,10.0,31080,0.1798333333333333,3108,-2.9465,114,0.1290549486875534,0.001,7519
272,10.0,31120,0.17877777777777748,3112,-2.9259999999999997,114,0.14006982743740082,0.001,7529
272,10.0,31160,0.17772222222222211,3116,-2.9814999999999996,114,0.13093914091587067,0.001,7539
272,10.0,31200,0.17666666666666664,3120,-3.1459999999999995,114,0.13777349889278412,0.001,7549
271,10.0,31240,0.17561111111111116,3124,-3.1439999999999997,114,0.11946024745702744,0.001,7559
271,10.0,31280,0.1745555555555558,3128,-3.1245000000000003,115,0.11135803908109665,0.001,7569
271,10.0,31320,0.1735,3132,-3.184,115,0.08412283658981323,0.001,7579
271,10.0,31360,0.1724444444444445,3136,-3.1720000000000006,115,0.12061478197574615,0.001,7589
271,10.0,31400,0.1713888888888887,3140,-3.041499999999999,115,0.12936796247959137,0.001,7599
271,10.0,31440,0.17033333333333323,3144,-2.8865000000000003,115,0.08555947244167328,0.001,7609
271,10.0,31480,0.16927777777777786,3148,-2.9015,115,0.12445707619190216,0.001,7619
271,10.0,31520,0.16822222222222238,3152,-3.0244999999999997,115,0.15057972073554993,0.001,7629
272,10.0,31560,0.16716666666666669,3156,-3.033,116,0.10828240215778351,0.001,7639
272,10.0,31600,0.1661111111111111,3160,-3.0865000000000005,116,0.1351141482591629,0.001,7649
272,10.0,31640,0.1650555555555553,3164,-3.2125,116,0.13674019277095795,0.001,7659
272,10.0,31680,0.16399999999999992,3168,-3.3635,116,0.09552817046642303,0.001,7669
272,10.0,31720,0.16294444444444445,3172,-3.387499999999999,116,0.16374973952770233,0.001,7679
272,10.0,31760,0.16188888888888897,3176,-3.3944999999999994,116,0.11921407282352448,0.001,7689
272,10.0,31800,0.16083333333333338,3180,-3.2885000000000004,116,0.1450677067041397,0.001,7699
271,10.0,31840,0.1597777777777779,3184,-3.2094999999999994,117,0.08930157124996185,0.001,7709
271,10.0,31880,0.1587222222222221,3188,-3.1319999999999992,117,0.09370503574609756,0.001,7719
271,10.0,31920,0.15766666666666673,3192,-3.1064999999999996,117,0.1290072202682495,0.001,7729
271,10.0,31960,0.15661111111111126,3196,-2.9459999999999997,117,0.0968371331691742,0.001,7739
272,10.0,32000,0.15555555555555578,3200,-2.7710000000000004,117,0.13413047790527344,0.001,7749
272,10.0,32040,0.15449999999999997,3204,-2.8259999999999996,117,0.1254984587430954,0.001,7759
272,10.0,32080,0.1534444444444446,3208,-2.8409999999999993,117,0.14500679075717926,0.001,7769
272,10.0,32120,0.1523888888888888,3212,-2.8794999999999993,117,0.11071576178073883,0.001,7779
272,10.0,32160,0.15133333333333332,3216,-2.8599999999999994,118,0.13905297219753265,0.001,7789
272,10.0,32200,0.15027777777777784,3220,-2.830999999999999,118,0.1087319627404213,0.001,7799
272,10.0,32240,0.14922222222222248,3224,-2.8199999999999994,118,0.11965512484312057,0.001,7809
272,10.0,32280,0.14816666666666667,3228,-2.855,118,0.1300683170557022,0.001,7819
272,10.0,32320,0.1471111111111112,3232,-2.7865,118,0.11342769861221313,0.001,7829
271,10.0,32360,0.14605555555555538,3236,-2.725,119,0.1152486652135849,0.001,7839
271,10.0,32400,0.1449999999999999,3240,-2.6655,119,0.10115356743335724,0.001,7849
271,10.0,32440,0.14394444444444454,3244,-2.7099999999999995,119,0.0628402903676033,0.001,7859
271,10.0,32480,0.14288888888888907,3248,-2.6529999999999996,119,0.07746687531471252,0.001,7869
271,10.0,32520,0.14183333333333326,3252,-2.577,119,0.14382080733776093,0.001,7879
271,10.0,32560,0.14077777777777778,3256,-2.575,119,0.09581427276134491,0.001,7889
271,10.0,32600,0.13972222222222197,3260,-2.5989999999999998,120,0.06382285058498383,0.001,7899
271,10.0,32640,0.1386666666666666,3264,-2.467,120,0.09515492618083954,0.001,7909
271,10.0,32680,0.13761111111111113,3268,-2.3215,120,0.10202882438898087,0.001,7919
270,10.0,32720,0.13655555555555565,3272,-2.25,120,0.08791458606719971,0.001,7929
270,10.0,32760,0.13549999999999984,3276,-2.225,121,0.08562438935041428,0.001,7939
270,10.0,32800,0.13444444444444448,3280,-2.2885000000000004,121,0.12957540154457092,0.001,7949
270,10.0,32840,0.13338888888888867,3284,-2.2625,121,0.12704281508922577,0.001,7959
269,10.0,32880,0.1323333333333332,3288,-2.28,121,0.13493289053440094,0.001,7969
269,10.0,32920,0.13127777777777772,3292,-2.1734999999999998,122,0.07231353223323822,0.001,7979
269,10.0,32960,0.13022222222222235,3296,-2.2565,122,0.11137519031763077,0.001,7989
269,10.0,33000,0.12916666666666665,3300,-2.4045,122,0.13567772507667542,0.001,7999
269,10.0,33040,0.1281111111111113,3304,-2.39,122,0.16191473603248596,0.001,8009
269,10.0,33080,0.12705555555555548,3308,-2.3234999999999997,122,0.13390423357486725,0.001,8019
269,10.0,33120,0.126,3312,-2.318,122,0.13668251037597656,0.001,8029
269,10.0,33160,0.12494444444444452,3316,-2.2465,123,0.12347384542226791,0.001,8039
269,10.0,33200,0.12388888888888916,3320,-2.1820000000000004,123,0.15163715183734894,0.001,8049
269,10.0,33240,0.12283333333333335,3324,-2.1910000000000003,123,0.13007226586341858,0.001,8059
269,10.0,33280,0.12177777777777787,3328,-2.1474999999999995,123,0.13798746466636658,0.001,8069
269,10.0,33320,0.12072222222222206,3332,-2.1620000000000004,123,0.06897035986185074,0.001,8079
269,10.0,33360,0.11966666666666659,3336,-2.144,123,0.09445688128471375,0.001,8089
269,10.0,33400,0.11861111111111122,3340,-2.2035,123,0.12881621718406677,0.001,8099
269,10.0,33440,0.11755555555555575,3344,-2.269,123,0.11313489824533463,0.001,8109
269,10.0,33480,0.11649999999999994,3348,-2.3585,124,0.1680568903684616,0.001,8119
269,10.0,33520,0.11544444444444446,3352,-2.391,124,0.10424979776144028,0.001,8129
270,10.0,33560,0.11438888888888865,3356,-2.494,124,0.19049595296382904,0.001,8139
270,10.0,33600,0.11333333333333329,3360,-2.477,124,0.11353480070829391,0.001,8149
270,10.0,33640,0.11227777777777781,3364,-2.5265000000000004,124,0.13711902499198914,0.001,8159
270,10.0,33680,0.11122222222222233,3368,-2.5115,124,0.11865278333425522,0.001,8169
270,10.0,33720,0.11016666666666652,3372,-2.5404999999999998,124,0.08869589120149612,0.001,8179
270,10.0,33760,0.10911111111111116,3376,-2.57,125,0.1626283824443817,0.001,8189
270,10.0,33800,0.10805555555555535,3380,-2.6520000000000006,125,0.07295211404561996,0.001,8199
270,10.0,33840,0.10699999999999987,3384,-2.783000000000001,125,0.11087736487388611,0.001,8209
270,10.0,33880,0.1059444444444444,3388,-2.7754999999999996,125,0.10863793641328812,0.001,8219
270,10.0,33920,0.10488888888888903,3392,-2.8950000000000005,125,0.13378220796585083,0.001,8229
269,10.0,33960,0.10383333333333356,3396,-2.8725000000000005,125,0.10361099243164062,0.001,8239
269,10.0,34000,0.10277777777777775,3400,-2.8325,126,0.11165840178728104,0.001,8249
269,10.0,34040,0.10172222222222194,3404,-2.876500000000001,126,0.11437952518463135,0.001,8259
269,10.0,34080,0.10066666666666646,3408,-2.881,126,0.1103685051202774,0.001,8269
268,10.0,34120,0.0996111111111111,3412,-2.7675,126,0.1132911890745163,0.001,8279
268,10.0,34160,0.09855555555555562,3416,-2.819,127,0.0937754362821579,0.001,8289
268,10.0,34200,0.09750000000000014,3420,-2.765,127,0.1210981234908104,0.001,8299
268,10.0,34240,0.09644444444444455,3424,-2.7410000000000014,127,0.13061505556106567,0.001,8309
268,10.0,34280,0.09538888888888875,3428,-2.7110000000000003,127,0.09591767191886902,0.001,8319
267,10.0,34320,0.09433333333333327,3432,-2.7490000000000006,128,0.08101765066385269,0.001,8329
267,10.0,34360,0.0932777777777779,3436,-2.7904999999999998,128,0.1335189938545227,0.001,8339
267,10.0,34400,0.09222222222222243,3440,-2.7720000000000002,128,0.10705605894327164,0.001,8349
267,10.0,34440,0.09116666666666695,3444,-2.673499999999999,128,0.10209913551807404,0.001,8359
267,10.0,34480,0.09011111111111114,3448,-2.7065,129,0.1206626147031784,0.001,8369
266,10.0,34520,0.08905555555555533,3452,-2.6375,129,0.12976300716400146,0.001,8379
266,10.0,34560,0.08799999999999997,3456,-2.571,129,0.0821237713098526,0.001,8389
266,10.0,34600,0.08694444444444449,3460,-2.4965,129,0.13561148941516876,0.001,8399
266,10.0,34640,0.08588888888888901,3464,-2.4045,129,0.1252470314502716,0.001,8409
266,10.0,34680,0.08483333333333365,3468,-2.3645,130,0.14623774588108063,0.001,8419
266,10.0,34720,0.08377777777777784,3472,-2.2975000000000003,130,0.073035828769207,0.001,8429
266,10.0,34760,0.08272222222222203,3476,-2.1865,130,0.09820760786533356,0.001,8439
266,10.0,34800,0.08166666666666655,3480,-2.03,130,0.07502968609333038,0.001,8449
267,10.0,34840,0.08061111111111108,3484,-1.9490000000000003,130,0.11825782060623169,0.001,8459
267,10.0,34880,0.07955555555555571,3488,-1.851,130,0.11340522021055222,0.001,8469
267,10.0,34920,0.07850000000000024,3492,-1.773,130,0.09486716240644455,0.001,8479
267,10.0,34960,0.07744444444444443,3496,-1.7134999999999996,130,0.08057843148708344,0.001,8489
267,10.0,35000,0.07638888888888862,3500,-1.7109999999999999,130,0.11193385720252991,0.001,8499
267,10.0,35040,0.07533333333333314,3504,-1.5650000000000004,130,0.1137145608663559,0.001,8509
267,10.0,35080,0.07427777777777778,3508,-1.5615,131,0.128112331032753,0.001,8519
267,10.0,35120,0.0732222222222223,3512,-1.7015,131,0.15091341733932495,0.001,8529
267,10.0,35160,0.07216666666666682,3516,-1.6705,131,0.11952130496501923,0.001,8539
267,10.0,35200,0.07111111111111101,3520,-1.6859999999999997,131,0.12775056064128876,0.001,8549
268,10.0,35240,0.0700555555555552,3524,-1.6690000000000003,131,0.11035668849945068,0.001,8559
268,10.0,35280,0.06899999999999984,3528,-1.686,131,0.12098398804664612,0.001,8569
268,10.0,35320,0.06794444444444436,3532,-1.6730000000000005,131,0.11424905806779861,0.001,8579
268,10.0,35360,0.06688888888888889,3536,-1.5910000000000002,131,0.10930651426315308,0.001,8589
268,10.0,35400,0.06583333333333352,3540,-1.6535,131,0.153085857629776,0.001,8599
268,10.0,35440,0.06477777777777782,3544,-1.635,132,0.14664360880851746,0.001,8609
268,10.0,35480,0.06372222222222201,3548,-1.56,132,0.07238862663507462,0.001,8619
268,10.0,35520,0.06266666666666665,3552,-1.4854999999999998,132,0.09726110845804214,0.001,8629
268,10.0,35560,0.06161111111111117,3556,-1.4554999999999998,132,0.12853527069091797,0.001,8639
268,10.0,35600,0.060555555555555696,3560,-1.4685,132,0.1301569938659668,0.001,8649
268,10.0,35640,0.05950000000000033,3564,-1.5120000000000002,132,0.07757629454135895,0.001,8659
268,10.0,35680,0.05844444444444452,3568,-1.5809999999999997,132,0.1802482306957245,0.001,8669
269,10.0,35720,0.05738888888888871,3572,-1.597,132,0.11025215685367584,0.001,8679
269,10.0,35760,0.056333333333333235,3576,-1.7065000000000001,132,0.11628323048353195,0.001,8689
269,10.0,35800,0.05527777777777776,3580,-1.7365000000000004,132,0.08287185430526733,0.001,8699
269,10.0,35840,0.054222222222222394,3584,-1.6830000000000005,133,0.10652031004428864,0.001,8709
269,10.0,35880,0.05316666666666692,3588,-1.8085000000000002,133,0.10676293820142746,0.001,8719
269,10.0,35920,0.05211111111111111,3592,-1.895,133,0.11948812752962112,0.001,8729
269,10.0,35960,0.0510555555555553,3596,-1.9485000000000001,133,0.09324883669614792,0.001,8739
269,10.0,36000,0.05,3600,-1.936,133,0.14822998642921448,0.001,8749
269,10.0,36040,0.05,3604,-2.0435000000000003,133,0.14028987288475037,0.001,8759
269,10.0,36080,0.05,3608,-2.0395,133,0.12331075966358185,0.001,8769
270,10.0,36120,0.05,3612,-1.8725,133,0.1150074228644371,0.001,8779
270,10.0,36160,0.05,3616,-1.9940000000000004,133,0.140239879488945,0.001,8789
270,10.0,36200,0.05,3620,-2.0265,133,0.15909048914909363,0.001,8799
270,10.0,36240,0.05,3624,-2.1254999999999997,134,0.09966304153203964,0.001,8809
270,10.0,36280,0.05,3628,-2.14,134,0.08119386434555054,0.001,8819
270,10.0,36320,0.05,3632,-2.0695000000000006,134,0.1316184401512146,0.001,8829
270,10.0,36360,0.05,3636,-2.1115000000000004,134,0.13870981335639954,0.001,8839
270,10.0,36400,0.05,3640,-1.9729999999999996,134,0.1152835413813591,0.001,8849
270,10.0,36440,0.05,3644,-2.0020000000000002,134,0.1479765623807907,0.001,8859
271,10.0,36480,0.05,3648,-1.8940000000000003,134,0.09665130823850632,0.001,8869
271,10.0,36520,0.05,3652,-2.073,134,0.1269785463809967,0.001,8879
271,10.0,36560,0.05,3656,-2.0679999999999996,134,0.12425938993692398,0.001,8889
271,10.0,36600,0.05,3660,-2.045,134,0.11157562583684921,0.001,8899
271,10.0,36640,0.05,3664,-2.093,134,0.12308843433856964,0.001,8909
271,10.0,36680,0.05,3668,-2.162,135,0.08088468015193939,0.001,8919
271,10.0,36720,0.05,3672,-2.1635000000000004,135,0.10714194923639297,0.001,8929
271,10.0,36760,0.05,3676,-2.0745,135,0.11870255321264267,0.001,8939
272,10.0,36800,0.05,3680,-2.016,135,0.06974547356367111,0.001,8949
272,10.0,36840,0.05,3684,-2.091,135,0.11514714360237122,0.001,8959
272,10.0,36880,0.05,3688,-2.0015000000000005,135,0.12091872096061707,0.001,8969
272,10.0,36920,0.05,3692,-1.8419999999999999,135,0.08500318974256516,0.001,8979
272,10.0,36960,0.05,3696,-1.7469999999999999,135,0.09660311043262482,0.001,8989
272,10.0,37000,0.05,3700,-1.6999999999999997,135,0.0819847360253334,0.001,8999
272,10.0,37040,0.05,3704,-1.5619999999999998,135,0.10916244238615036,0.001,9009
272,10.0,37080,0.05,3708,-1.4410000000000003,135,0.17305073142051697,0.001,9019
272,10.0,37120,0.05,3712,-1.6494999999999995,136,0.10642638802528381,0.001,9029
272,10.0,37160,0.05,3716,-1.6364999999999994,136,0.1298469603061676,0.001,9039
273,10.0,37200,0.05,3720,-1.5924999999999998,136,0.07273794710636139,0.001,9049
273,10.0,37240,0.05,3724,-1.5130000000000001,136,0.10874051600694656,0.001,9059
273,10.0,37280,0.05,3728,-1.3604999999999998,136,0.0928032249212265,0.001,9069
273,10.0,37320,0.05,3732,-1.39,136,0.11502761393785477,0.001,9079
273,10.0,37360,0.05,3736,-1.4160000000000001,136,0.13584564626216888,0.001,9089
273,10.0,37400,0.05,3740,-1.5200000000000002,136,0.14628583192825317,0.001,9099
273,10.0,37440,0.05,3744,-1.5919999999999999,136,0.07586093246936798,0.001,9109
273,10.0,37480,0.05,3748,-1.705,136,0.07931727170944214,0.001,9119
273,10.0,37520,0.05,3752,-1.5814999999999997,137,0.10557549446821213,0.001,9129
273,10.0,37560,0.05,3756,-1.515,137,0.09801642596721649,0.001,9139
273,10.0,37600,0.05,3760,-1.5644999999999996,137,0.15096256136894226,0.001,9149
273,10.0,37640,0.05,3764,-1.5504999999999998,137,0.12339045852422714,0.001,9159
274,10.0,37680,0.05,3768,-1.5230000000000001,137,0.1033400148153305,0.001,9169
274,10.0,37720,0.05,3772,-1.5360000000000003,137,0.10946596413850784,0.001,9179
274,10.0,37760,0.05,3776,-1.4749999999999996,137,0.10250461101531982,0.001,9189
274,10.0,37800,0.05,3780,-1.5445,137,0.07868719100952148,0.001,9199
274,10.0,37840,0.05,3784,-1.4115,137,0.09654656052589417,0.001,9209
274,10.0,37880,0.05,3788,-1.3835000000000002,138,0.1086784079670906,0.001,9219
273,10.0,37920,0.05,3792,-1.4254999999999995,138,0.10388316214084625,0.001,9229
273,10.0,37960,0.05,3796,-1.4144999999999999,138,0.13459880650043488,0.001,9239
273,10.0,38000,0.05,3800,-1.4364999999999997,138,0.10291318595409393,0.001,9249
273,10.0,38040,0.05,3804,-1.411,138,0.12954148650169373,0.001,9259
273,10.0,38080,0.05,3808,-1.485,139,0.11087681353092194,0.001,9269
272,10.0,38120,0.05,3812,-1.3085,139,0.10777129232883453,0.001,9279
273,10.0,38160,0.05,3816,-1.1965,139,0.09443255513906479,0.001,9289
273,10.0,38200,0.05,3820,-1.2554999999999998,139,0.11875443160533905,0.001,9299
273,10.0,38240,0.05,3824,-1.2645,140,0.1430579423904419,0.001,9309
272,10.0,38280,0.05,3828,-1.286,140,0.09911742806434631,0.001,9319
273,10.0,38320,0.05,3832,-1.359,140,0.1096382588148117,0.001,9329
273,10.0,38360,0.05,3836,-1.4020000000000001,140,0.10562078654766083,0.001,9339
273,10.0,38400,0.05,3840,-1.508,140,0.08401361107826233,0.001,9349
273,10.0,38440,0.05,3844,-1.4955,140,0.09247676283121109,0.001,9359
273,10.0,38480,0.05,3848,-1.4265,140,0.11575104296207428,0.001,9369
273,10.0,38520,0.05,3852,-1.472,140,0.08381635695695877,0.001,9379
273,10.0,38560,0.05,3856,-1.4979999999999998,141,0.11275143921375275,0.001,9389
273,10.0,38600,0.05,3860,-1.4180000000000004,141,0.08097852766513824,0.001,9399
273,10.0,38640,0.05,3864,-1.305,141,0.09764305502176285,0.001,9409
273,10.0,38680,0.05,3868,-1.251,141,0.11319860070943832,0.001,9419
273,10.0,38720,0.05,3872,-1.255,141,0.14750781655311584,0.001,9429
273,10.0,38760,0.05,3876,-1.2325,141,0.097819983959198,0.001,9439
273,10.0,38800,0.05,3880,-1.2115,141,0.11073800921440125,0.001,9449
273,10.0,38840,0.05,3884,-1.2025,142,0.11028747260570526,0.001,9459
273,10.0,38880,0.05,3888,-1.1975,142,0.10071778297424316,0.001,9469
273,10.0,38920,0.05,3892,-1.2554999999999998,142,0.11188924312591553,0.001,9479
272,10.0,38960,0.05,3896,-1.328,142,0.06100540980696678,0.001,9489
272,10.0,39000,0.05,3900,-1.4425000000000003,142,0.06265965104103088,0.001,9499
272,10.0,39040,0.05,3904,-1.5630000000000004,143,0.1136200949549675,0.001,9509
272,10.0,39080,0.05,3908,-1.5270000000000001,143,0.08377911895513535,0.001,9519
272,10.0,39120,0.05,3912,-1.6045000000000003,143,0.09469807893037796,0.001,9529
272,10.0,39160,0.05,3916,-1.6400000000000006,143,0.10994033515453339,0.001,9539
272,10.0,39200,0.05,3920,-1.592,143,0.10742723941802979,0.001,9549
272,10.0,39240,0.05,3924,-1.544,143,0.13825219869613647,0.001,9559
272,10.0,39280,0.05,3928,-1.5475,144,0.14338593184947968,0.001,9569
272,10.0,39320,0.05,3932,-1.4535,144,0.09903020411729813,0.001,9579
272,10.0,39360,0.05,3936,-1.3935,144,0.07323256880044937,0.001,9589
272,10.0,39400,0.05,3940,-1.207,144,0.12621411681175232,0.001,9599
272,10.0,39440,0.05,3944,-1.1825,144,0.11856811493635178,0.001,9609
272,10.0,39480,0.05,3948,-1.1500000000000001,144,0.07218465209007263,0.001,9619
272,10.0,39520,0.05,3952,-1.0605,144,0.09650120139122009,0.001,9629
272,10.0,39560,0.05,3956,-1.1345,145,0.11809839308261871,0.001,9639
272,10.0,39600,0.05,3960,-1.1864999999999999,145,0.06031464785337448,0.001,9649
272,10.0,39640,0.05,3964,-1.2685,145,0.10675700753927231,0.001,9659
272,10.0,39680,0.05,3968,-1.285,145,0.11309529840946198,0.001,9669
272,10.0,39720,0.05,3972,-1.328,145,0.1150120347738266,0.001,9679
272,10.0,39760,0.05,3976,-1.3404999999999998,145,0.10006619989871979,0.001,9689
272,10.0,39800,0.05,3980,-1.324,145,0.07621262967586517,0.001,9699
272,10.0,39840,0.05,3984,-1.4389999999999998,146,0.12624450027942657,0.001,9709
272,10.0,39880,0.05,3988,-1.4664999999999997,146,0.07062865048646927,0.001,9719
272,10.0,39920,0.05,3992,-1.4794999999999998,146,0.10466136038303375,0.001,9729
273,10.0,39960,0.05,3996,-1.4854999999999998,146,0.0798715129494667,0.001,9739
273,10.0,40000,0.05,4000,-1.4014999999999997,146,0.10910244286060333,0.001,9749
273,10.0,40040,0.05,4004,-1.459,146,0.0783248320221901,0.001,9759
273,10.0,40080,0.05,4008,-1.504,146,0.12382575869560242,0.001,9769
273,10.0,40120,0.05,4012,-1.4084999999999999,146,0.13446363806724548,0.001,9779
273,10.0,40160,0.05,4016,-1.4875,146,0.12219393998384476,0.001,9789
273,10.0,40200,0.05,4020,-1.574,146,0.058755554258823395,0.001,9799
273,10.0,40240,0.05,4024,-1.6075,146,0.09491655975580215,0.001,9809
273,10.0,40280,0.05,4028,-1.6435,147,0.11314608156681061,0.001,9819
273,10.0,40320,0.05,4032,-1.6744999999999999,147,0.11007297039031982,0.001,9829
274,10.0,40360,0.05,4036,-1.696,147,0.06925419718027115,0.001,9839
274,10.0,40400,0.05,4040,-1.6535,147,0.11083061993122101,0.001,9849
274,10.0,40440,0.05,4044,-1.6070000000000002,147,0.09190551191568375,0.001,9859
274,10.0,40480,0.05,4048,-1.6335,147,0.10946661978960037,0.001,9869
274,10.0,40520,0.05,4052,-1.651,147,0.08933720737695694,0.001,9879
274,10.0,40560,0.05,4056,-1.54,147,0.10729162395000458,0.001,9889
274,10.0,40600,0.05,4060,-1.5895000000000001,147,0.09272342175245285,0.001,9899
274,10.0,40640,0.05,4064,-1.526,147,0.10939674824476242,0.001,9909
274,10.0,40680,0.05,4068,-1.4300000000000004,147,0.10405366867780685,0.001,9919
274,10.0,40720,0.05,4072,-1.4269999999999998,148,0.06717117875814438,0.001,9929
275,10.0,40760,0.05,4076,-1.5275000000000003,148,0.10698133707046509,0.001,9939
275,10.0,40800,0.05,4080,-1.6304999999999998,148,0.07796125113964081,0.001,9949
275,10.0,40840,0.05,4084,-1.6540000000000001,148,0.08742841333150864,0.001,9959
275,10.0,40880,0.05,4088,-1.7045,148,0.10479912906885147,0.001,9969
275,10.0,40920,0.05,4092,-1.6575,148,0.06785115599632263,0.001,9979
275,10.0,40960,0.05,4096,-1.5864999999999998,148,0.11163198947906494,0.001,9989
275,10.0,41000,0.05,4100,-1.53,148,0.0862235352396965,0.001,9999
275,10.0,41040,0.05,4104,-1.4,148,0.12935151159763336,0.001,10009
275,10.0,41080,0.05,4108,-1.4600000000000002,148,0.12996357679367065,0.001,10019
275,10.0,41120,0.05,4112,-1.4529999999999998,149,0.08584362268447876,0.001,10029
275,10.0,41160,0.05,4116,-1.3635000000000002,149,0.0914597362279892,0.001,10039
276,10.0,41200,0.05,4120,-1.34,149,0.09156333655118942,0.001,10049
276,10.0,41240,0.05,4124,-1.3185000000000002,149,0.09332691133022308,0.001,10059
276,10.0,41280,0.05,4128,-1.3345000000000002,149,0.12421538680791855,0.001,10069
276,10.0,41320,0.05,4132,-1.3005000000000002,149,0.0882200077176094,0.001,10079
276,10.0,41360,0.05,4136,-1.2385,149,0.060280442237854004,0.001,10089
276,10.0,41400,0.05,4140,-1.413,149,0.10861425846815109,0.001,10099
276,10.0,41440,0.05,4144,-1.4369999999999998,149,0.06896328926086426,0.001,10109
276,10.0,41480,0.05,4148,-1.4385,149,0.08735277503728867,0.001,10119
276,10.0,41520,0.05,4152,-1.4925,149,0.10127852857112885,0.001,10129
276,10.0,41560,0.05,4156,-1.5295,150,0.1297193169593811,0.001,10139
277,10.0,41600,0.05,4160,-1.4709999999999999,150,0.09226980060338974,0.001,10149
277,10.0,41640,0.05,4164,-1.5460000000000003,150,0.11226632446050644,0.001,10159
277,10.0,41680,0.05,4168,-1.61,150,0.11376213282346725,0.001,10169
277,10.0,41720,0.05,4172,-1.4825,150,0.08771587908267975,0.001,10179
277,10.0,41760,0.05,4176,-1.4585000000000001,150,0.09503088146448135,0.001,10189
277,10.0,41800,0.05,4180,-1.4250000000000003,150,0.06914810091257095,0.001,10199
277,10.0,41840,0.05,4184,-1.3970000000000002,150,0.1388426572084427,0.001,10209
277,10.0,41880,0.05,4188,-1.3969999999999998,150,0.09409364312887192,0.001,10219
277,10.0,41920,0.05,4192,-1.4040000000000001,150,0.10807769000530243,0.001,10229
277,10.0,41960,0.05,4196,-1.3585000000000005,151,0.08669835329055786,0.001,10239
277,10.0,42000,0.05,4200,-1.3450000000000002,151,0.10490896552801132,0.001,10249
277,10.0,42040,0.05,4204,-1.3760000000000003,151,0.12682823836803436,0.001,10259
278,10.0,42080,0.05,4208,-1.222,151,0.1145169660449028,0.001,10269
278,10.0,42120,0.05,4212,-1.242,151,0.1402244120836258,0.001,10279
278,10.0,42160,0.05,4216,-1.3175000000000003,151,0.10018572956323624,0.001,10289
278,10.0,42200,0.05,4220,-1.2505000000000002,151,0.11648078262805939,0.001,10299
278,10.0,42240,0.05,4224,-1.2765,151,0.08363911509513855,0.001,10309
278,10.0,42280,0.05,4228,-1.2465000000000002,151,0.13244609534740448,0.001,10319
278,10.0,42320,0.05,4232,-1.254,151,0.13385015726089478,0.001,10329
278,10.0,42360,0.05,4236,-1.308,151,0.1078571304678917,0.001,10339
278,10.0,42400,0.05,4240,-1.2255,151,0.08972739428281784,0.001,10349
279,10.0,42440,0.05,4244,-1.252,152,0.08301752805709839,0.001,10359
279,10.0,42480,0.05,4248,-1.285,152,0.1283932626247406,0.001,10369
279,10.0,42520,0.05,4252,-1.2385000000000002,152,0.12732204794883728,0.001,10379
279,10.0,42560,0.05,4256,-1.2405000000000002,152,0.13744300603866577,0.001,10389
279,10.0,42600,0.05,4260,-1.2965,152,0.09680387377738953,0.001,10399
279,10.0,42640,0.05,4264,-1.3225,152,0.09118172526359558,0.001,10409
279,10.0,42680,0.05,4268,-1.2595,152,0.09964597970247269,0.001,10419
279,10.0,42720,0.05,4272,-1.29,152,0.12570184469223022,0.001,10429
279,10.0,42760,0.05,4276,-1.317,152,0.1029716357588768,0.001,10439
279,10.0,42800,0.05,4280,-1.2505000000000002,152,0.10372453927993774,0.001,10449
280,10.0,42840,0.05,4284,-1.2294999999999998,152,0.09092918783426285,0.001,10459
280,10.0,42880,0.05,4288,-1.301,153,0.07850469648838043,0.001,10469
280,10.0,42920,0.05,4292,-1.4370000000000003,153,0.11690710484981537,0.001,10479
280,10.0,42960,0.05,4296,-1.4780000000000004,153,0.11643528193235397,0.001,10489
280,10.0,43000,0.05,4300,-1.5685,153,0.10283917188644409,0.001,10499
280,10.0,43040,0.05,4304,-1.5460000000000003,153,0.11342834681272507,0.001,10509
280,10.0,43080,0.05,4308,-1.5610000000000002,153,0.09304822236299515,0.001,10519
280,10.0,43120,0.05,4312,-1.5894999999999997,153,0.1200476661324501,0.001,10529
280,10.0,43160,0.05,4316,-1.4810000000000003,153,0.11972326785326004,0.001,10539
280,10.0,43200,0.05,4320,-1.4485000000000001,153,0.10651560872793198,0.001,10549
281,10.0,43240,0.05,4324,-1.3735000000000002,153,0.07334490120410919,0.001,10559
281,10.0,43280,0.05,4328,-1.3895000000000002,153,0.07557464390993118,0.001,10569
281,10.0,43320,0.05,4332,-1.3820000000000001,154,0.05740245431661606,0.001,10579
281,10.0,43360,0.05,4336,-1.3629999999999998,154,0.09679723531007767,0.001,10589
281,10.0,43400,0.05,4340,-1.3304999999999998,154,0.13060234487056732,0.001,10599
281,10.0,43440,0.05,4344,-1.3415000000000001,154,0.09731034934520721,0.001,10609
281,10.0,43480,0.05,4348,-1.3360000000000005,154,0.07418988645076752,0.001,10619
281,10.0,43520,0.05,4352,-1.3159999999999996,154,0.10592958331108093,0.001,10629
281,10.0,43560,0.05,4356,-1.332,154,0.12768183648586273,0.001,10639
281,10.0,43600,0.05,4360,-1.2825000000000002,154,0.15455849468708038,0.001,10649
282,10.0,43640,0.05,4364,-1.2165000000000001,154,0.10971736162900925,0.001,10659
282,10.0,43680,0.05,4368,-1.2295,154,0.0887000560760498,0.001,10669
282,10.0,43720,0.05,4372,-1.2770000000000001,154,0.07383570075035095,0.001,10679
282,10.0,43760,0.05,4376,-1.2845000000000002,154,0.08709219843149185,0.001,10689
282,10.0,43800,0.05,4380,-1.2670000000000001,155,0.1046672835946083,0.001,10699
282,10.0,43840,0.05,4384,-1.328,155,0.0978163480758667,0.001,10709
282,10.0,43880,0.05,4388,-1.2265000000000001,155,0.08584722876548767,0.001,10719
282,10.0,43920,0.05,4392,-1.1705000000000003,155,0.06310328841209412,0.001,10729
282,10.0,43960,0.05,4396,-1.1685000000000003,155,0.07599690556526184,0.001,10739
282,10.0,44000,0.05,4400,-1.0510000000000002,155,0.1382995843887329,0.001,10749
282,10.0,44040,0.05,4404,-1.0225,155,0.09565931558609009,0.001,10759
283,10.0,44080,0.05,4408,-1.1175000000000002,155,0.11597232520580292,0.001,10769
283,10.0,44120,0.05,4412,-1.113,155,0.09096114337444305,0.001,10779
283,10.0,44160,0.05,4416,-1.063,155,0.07920851558446884,0.001,10789
283,10.0,44200,0.05,4420,-1.085,155,0.09701219946146011,0.001,10799
283,10.0,44240,0.05,4424,-1.1485,156,0.09928431361913681,0.001,10809
283,10.0,44280,0.05,4428,-1.1980000000000002,156,0.16429626941680908,0.001,10819
283,10.0,44320,0.05,4432,-1.2309999999999999,156,0.06340456008911133,0.001,10829
283,10.0,44360,0.05,4436,-1.3159999999999998,156,0.09951850026845932,0.001,10839
283,10.0,44400,0.05,4440,-1.3910000000000002,156,0.12186962366104126,0.001,10849
283,10.0,44440,0.05,4444,-1.4515,156,0.07718715816736221,0.001,10859
284,10.0,44480,0.05,4448,-1.5085,156,0.09721976518630981,0.001,10869
284,10.0,44520,0.05,4452,-1.6015000000000001,156,0.10558563470840454,0.001,10879
284,10.0,44560,0.05,4456,-1.4335,156,0.12251228839159012,0.001,10889
284,10.0,44600,0.05,4460,-1.3789999999999998,156,0.13420774042606354,0.001,10899
284,10.0,44640,0.05,4464,-1.4075,156,0.11757347732782364,0.001,10909
284,10.0,44680,0.05,4468,-1.4975,157,0.11933635920286179,0.001,10919
284,10.0,44720,0.05,4472,-1.435,157,0.08783192187547684,0.001,10929
284,10.0,44760,0.05,4476,-1.3735000000000002,157,0.08120588958263397,0.001,10939
284,10.0,44800,0.05,4480,-1.3770000000000002,157,0.07003017514944077,0.001,10949
284,10.0,44840,0.05,4484,-1.3015,157,0.08393679559230804,0.001,10959
284,10.0,44880,0.05,4488,-1.195,157,0.1007055789232254,0.001,10969
284,10.0,44920,0.05,4492,-1.1050000000000002,157,0.09835456311702728,0.001,10979
284,10.0,44960,0.05,4496,-1.0635000000000001,157,0.1213541179895401,0.001,10989
284,10.0,45000,0.05,4500,-1.1395,158,0.10238524526357651,0.001,10999
284,10.0,45040,0.05,4504,-1.1955,158,0.09244363754987717,0.001,11009
284,10.0,45080,0.05,4508,-1.1705000000000003,158,0.09956265985965729,0.001,11019
284,10.0,45120,0.05,4512,-1.1555000000000002,158,0.07871891558170319,0.001,11029
284,10.0,45160,0.05,4516,-1.285,158,0.09224993735551834,0.001,11039
284,10.0,45200,0.05,4520,-1.234,158,0.08309874683618546,0.001,11049
284,10.0,45240,0.05,4524,-1.1575,158,0.12887947261333466,0.001,11059
284,10.0,45280,0.05,4528,-0.9705000000000001,158,0.12531651556491852,0.001,11069
284,10.0,45320,0.05,4532,-0.8830000000000002,159,0.10877865552902222,0.001,11079
284,10.0,45360,0.05,4536,-0.7955000000000001,159,0.07163108885288239,0.001,11089
284,10.0,45400,0.05,4540,-0.7334999999999998,159,0.1537116914987564,0.001,11099
284,10.0,45440,0.05,4544,-0.6435,159,0.08570528030395508,0.001,11109
284,10.0,45480,0.05,4548,-0.5415000000000001,159,0.0887136459350586,0.001,11119
284,10.0,45520,0.05,4552,-0.4150000000000001,159,0.07580950111150742,0.001,11129
284,10.0,45560,0.05,4556,-0.44199999999999995,160,0.1359146386384964,0.001,11139
284,10.0,45600,0.05,4560,-0.4575,160,0.10069389641284943,0.001,11149
284,10.0,45640,0.05,4564,-0.4690000000000001,160,0.1084243506193161,0.001,11159
284,10.0,45680,0.05,4568,-0.4525,160,0.06715573370456696,0.001,11169
284,10.0,45720,0.05,4572,-0.344,160,0.07105281949043274,0.001,11179
284,10.0,45760,0.05,4576,-0.24000000000000005,160,0.08986050635576248,0.001,11189
284,10.0,45800,0.05,4580,-0.28500000000000003,161,0.09500283002853394,0.001,11199
284,10.0,45840,0.05,4584,-0.35700000000000004,161,0.08524404466152191,0.001,11209
284,10.0,45880,0.05,4588,-0.433,161,0.08558580279350281,0.001,11219
284,10.0,45920,0.05,4592,-0.467,161,0.09714114665985107,0.001,11229
284,10.0,45960,0.05,4596,-0.5159999999999999,161,0.09896419197320938,0.001,11239
284,10.0,46000,0.05,4600,-0.48050000000000004,161,0.09633108228445053,0.001,11249
284,10.0,46040,0.05,4604,-0.49099999999999994,161,0.11316225677728653,0.001,11259
284,10.0,46080,0.05,4608,-0.47100000000000003,161,0.05633816495537758,0.001,11269
284,10.0,46120,0.05,4612,-0.5529999999999999,161,0.08459402620792389,0.001,11279
284,10.0,46160,0.05,4616,-0.5365,162,0.06510891765356064,0.001,11289
284,10.0,46200,0.05,4620,-0.672,162,0.08427594602108002,0.001,11299
284,10.0,46240,0.05,4624,-0.6630000000000001,162,0.06621214747428894,0.001,11309
285,10.0,46280,0.05,4628,-0.773,162,0.12173737585544586,0.001,11319
285,10.0,46320,0.05,4632,-0.8504999999999999,162,0.08851809799671173,0.001,11329
285,10.0,46360,0.05,4636,-0.8740000000000001,162,0.1160271167755127,0.001,11339
285,10.0,46400,0.05,4640,-0.935,162,0.07082124054431915,0.001,11349
285,10.0,46440,0.05,4644,-0.9710000000000001,162,0.1172039657831192,0.001,11359
285,10.0,46480,0.05,4648,-1.0909999999999997,162,0.11331818997859955,0.001,11369
285,10.0,46520,0.05,4652,-1.184,162,0.100460484623909,0.001,11379
285,10.0,46560,0.05,4656,-1.2435,162,0.09323488920927048,0.001,11389
285,10.0,46600,0.05,4660,-1.3114999999999997,163,0.12524206936359406,0.001,11399
285,10.0,46640,0.05,4664,-1.2694999999999999,163,0.15301799774169922,0.001,11409
285,10.0,46680,0.05,4668,-1.3424999999999998,163,0.06087473779916763,0.001,11419
286,10.0,46720,0.05,4672,-1.614,163,0.1867479681968689,0.001,11429
286,10.0,46760,0.05,4676,-1.7184999999999997,163,0.09828675538301468,0.001,11439
286,10.0,46800,0.05,4680,-1.7785000000000002,163,0.11198022216558456,0.001,11449
286,10.0,46840,0.05,4684,-1.755,163,0.08166719973087311,0.001,11459
286,10.0,46880,0.05,4688,-1.8639999999999999,163,0.0945649966597557,0.001,11469
286,10.0,46920,0.05,4692,-1.817,163,0.10049647837877274,0.001,11479
286,10.0,46960,0.05,4696,-1.801,163,0.13517612218856812,0.001,11489
286,10.0,47000,0.05,4700,-1.8455,163,0.0955425500869751,0.001,11499
286,10.0,47040,0.05,4704,-1.7694999999999999,164,0.11390039324760437,0.001,11509
286,10.0,47080,0.05,4708,-1.7804999999999997,164,0.16287191212177277,0.001,11519
286,10.0,47120,0.05,4712,-1.659,164,0.09773577749729156,0.001,11529
287,10.0,47160,0.05,4716,-1.5204999999999997,164,0.10288931429386139,0.001,11539
287,10.0,47200,0.05,4720,-1.5579999999999998,164,0.15937143564224243,0.001,11549
287,10.0,47240,0.05,4724,-1.5795000000000003,164,0.09351763129234314,0.001,11559
287,10.0,47280,0.05,4728,-1.5795000000000001,164,0.08671488612890244,0.001,11569
287,10.0,47320,0.05,4732,-1.5215000000000003,164,0.10476166009902954,0.001,11579
287,10.0,47360,0.05,4736,-1.4825,164,0.10387125611305237,0.001,11589
287,10.0,47400,0.05,4740,-1.3325000000000002,164,0.05807926505804062,0.001,11599
287,10.0,47440,0.05,4744,-1.2875000000000003,164,0.12360276281833649,0.001,11609
287,10.0,47480,0.05,4748,-1.1375,165,0.09066811203956604,0.001,11619
287,10.0,47520,0.05,4752,-1.0339999999999998,165,0.07979460060596466,0.001,11629
287,10.0,47560,0.05,4756,-1.0755,165,0.11201423406600952,0.001,11639
288,10.0,47600,0.05,4760,-1.077,165,0.15209680795669556,0.001,11649
288,10.0,47640,0.05,4764,-1.1185,165,0.0784728080034256,0.001,11659
288,10.0,47680,0.05,4768,-1.0910000000000002,165,0.10306566953659058,0.001,11669
288,10.0,47720,0.05,4772,-1.1685,165,0.09493587911128998,0.001,11679
288,10.0,47760,0.05,4776,-1.159,165,0.11716979742050171,0.001,11689
288,10.0,47800,0.05,4780,-1.1124999999999998,165,0.10783981531858444,0.001,11699
288,10.0,47840,0.05,4784,-1.0975000000000001,165,0.09049296379089355,0.001,11709
288,10.0,47880,0.05,4788,-0.98,165,0.09477785229682922,0.001,11719
288,10.0,47920,0.05,4792,-1.1285,165,0.09127511084079742,0.001,11729
288,10.0,47960,0.05,4796,-1.0315,166,0.1004224568605423,0.001,11739
288,10.0,48000,0.05,4800,-0.9445,166,0.09808679670095444,0.001,11749
289,10.0,48040,0.05,4804,-0.9404999999999998,166,0.12572091817855835,0.001,11759
289,10.0,48080,0.05,4808,-0.8404999999999998,166,0.07994809001684189,0.001,11769
289,10.0,48120,0.05,4812,-0.8509999999999998,166,0.13696834444999695,0.001,11779
289,10.0,48160,0.05,4816,-0.9704999999999999,166,0.0885993242263794,0.001,11789
289,10.0,48200,0.05,4820,-0.9024999999999999,166,0.1545107066631317,0.001,11799
289,10.0,48240,0.05,4824,-0.9185,166,0.1340084820985794,0.001,11809
289,10.0,48280,0.05,4828,-1.0174999999999998,166,0.10829019546508789,0.001,11819
289,10.0,48320,0.05,4832,-1.1025,166,0.08818625658750534,0.001,11829
289,10.0,48360,0.05,4836,-1.1660000000000001,166,0.11968238651752472,0.001,11839
289,10.0,48400,0.05,4840,-1.3175,167,0.09833300113677979,0.001,11849
289,10.0,48440,0.05,4844,-1.3045,167,0.10623865574598312,0.001,11859
289,10.0,48480,0.05,4848,-1.3809999999999996,167,0.11741366237401962,0.001,11869
290,10.0,48520,0.05,4852,-1.4079999999999995,167,0.10019247233867645,0.001,11879
290,10.0,48560,0.05,4856,-1.4435000000000002,167,0.0922754779458046,0.001,11889
290,10.0,48600,0.05,4860,-1.4305000000000003,167,0.08832667022943497,0.001,11899
290,10.0,48640,0.05,4864,-1.4210000000000003,167,0.10793143510818481,0.001,11909
290,10.0,48680,0.05,4868,-1.3650000000000002,167,0.12120877951383591,0.001,11919
290,10.0,48720,0.05,4872,-1.2109999999999999,167,0.12687666714191437,0.001,11929
290,10.0,48760,0.05,4876,-1.2699999999999998,167,0.18170426785945892,0.001,11939
290,10.0,48800,0.05,4880,-1.2279999999999998,167,0.11372480541467667,0.001,11949
290,10.0,48840,0.05,4884,-1.21,168,0.08414825797080994,0.001,11959
290,10.0,48880,0.05,4888,-1.2525,168,0.12384550273418427,0.001,11969
290,10.0,48920,0.05,4892,-1.1315,168,0.07298103719949722,0.001,11979
290,10.0,48960,0.05,4896,-1.2369999999999999,168,0.11772559583187103,0.001,11989
291,10.0,49000,0.05,4900,-1.249,168,0.05920424312353134,0.001,11999
291,10.0,49040,0.05,4904,-1.256,168,0.16301767528057098,0.001,12009
291,10.0,49080,0.05,4908,-1.351,168,0.10676325857639313,0.001,12019
291,10.0,49120,0.05,4912,-1.459,168,0.12974031269550323,0.001,12029
291,10.0,49160,0.05,4916,-1.4714999999999998,168,0.21799039840698242,0.001,12039
291,10.0,49200,0.05,4920,-1.4979999999999998,168,0.14137569069862366,0.001,12049
291,10.0,49240,0.05,4924,-1.5595,168,0.11311343312263489,0.001,12059
291,10.0,49280,0.05,4928,-1.5240000000000002,168,0.15918339788913727,0.001,12069
291,10.0,49320,0.05,4932,-1.57,169,0.13767988979816437,0.001,12079
291,10.0,49360,0.05,4936,-1.538,169,0.14538666605949402,0.001,12089
291,10.0,49400,0.05,4940,-1.3925000000000005,169,0.10367652773857117,0.001,12099
291,10.0,49440,0.05,4944,-1.5035000000000003,169,0.12705174088478088,0.001,12109
292,10.0,49480,0.05,4948,-1.6105,169,0.09483198821544647,0.001,12119
292,10.0,49520,0.05,4952,-1.6025,169,0.10344831645488739,0.001,12129
292,10.0,49560,0.05,4956,-1.6025,169,0.11816035211086273,0.001,12139
292,10.0,49600,0.05,4960,-1.5255,169,0.10689801722764969,0.001,12149
292,10.0,49640,0.05,4964,-1.4889999999999999,169,0.08699242770671844,0.001,12159
292,10.0,49680,0.05,4968,-1.5215,169,0.10631425678730011,0.001,12169
292,10.0,49720,0.05,4972,-1.545,169,0.09968363493680954,0.001,12179
292,10.0,49760,0.05,4976,-1.501,170,0.0884295329451561,0.001,12189
292,10.0,49800,0.05,4980,-1.4894999999999998,170,0.09134039282798767,0.001,12199
292,10.0,49840,0.05,4984,-1.3829999999999998,170,0.11777026951313019,0.001,12209
292,10.0,49880,0.05,4988,-1.4335000000000002,170,0.11958496272563934,0.001,12219
292,10.0,49920,0.05,4992,-1.496,170,0.16424375772476196,0.001,12229
293,10.0,49960,0.05,4996,-1.4845000000000002,170,0.12929150462150574,0.001,12239
293,10.0,50000,0.05,5000,-1.4360000000000002,170,0.11329662799835205,0.001,12249
293,10.0,50040,0.05,5004,-1.5215,170,0.08909618109464645,0.001,12259
293,10.0,50080,0.05,5008,-1.4905,170,0.10631152987480164,0.001,12269
293,10.0,50120,0.05,5012,-1.4829999999999999,170,0.12344978749752045,0.001,12279
293,10.0,50160,0.05,5016,-1.4405000000000001,170,0.06972110271453857,0.001,12289
293,10.0,50200,0.05,5020,-1.3755000000000002,171,0.09516360610723495,0.001,12299
293,10.0,50240,0.05,5024,-1.3370000000000002,171,0.1013449877500534,0.001,12309
293,10.0,50280,0.05,5028,-1.3175,171,0.11099281907081604,0.001,12319
293,10.0,50320,0.05,5032,-1.2200000000000002,171,0.09619059413671494,0.001,12329
293,10.0,50360,0.05,5036,-1.236,171,0.10114459693431854,0.001,12339
293,10.0,50400,0.05,5040,-1.3,171,0.12686371803283691,0.001,12349
293,10.0,50440,0.05,5044,-1.2695,171,0.15649482607841492,0.001,12359
293,10.0,50480,0.05,5048,-1.1795,171,0.07830169796943665,0.001,12369
294,10.0,50520,0.05,5052,-1.3140000000000003,171,0.11811013519763947,0.001,12379
294,10.0,50560,0.05,5056,-1.2685000000000002,171,0.08650326728820801,0.001,12389
294,10.0,50600,0.05,5060,-1.3205,172,0.13541507720947266,0.001,12399
294,10.0,50640,0.05,5064,-1.2854999999999999,172,0.08132613450288773,0.001,12409
294,10.0,50680,0.05,5068,-1.3655,172,0.13167792558670044,0.001,12419
294,10.0,50720,0.05,5072,-1.2099999999999997,172,0.11366952955722809,0.001,12429
294,10.0,50760,0.05,5076,-1.2294999999999998,172,0.09651698917150497,0.001,12439
294,10.0,50800,0.05,5080,-1.2764999999999997,172,0.11942879110574722,0.001,12449
294,10.0,50840,0.05,5084,-1.341,172,0.08362051099538803,0.001,12459
294,10.0,50880,0.05,5088,-1.27,172,0.12206152826547623,0.001,12469
294,10.0,50920,0.05,5092,-1.25,172,0.10171360522508621,0.001,12479
294,10.0,50960,0.05,5096,-1.201,172,0.14913764595985413,0.001,12489
294,10.0,51000,0.05,5100,-1.218,172,0.11389438807964325,0.001,12499
294,10.0,51040,0.05,5104,-1.1974999999999998,173,0.11441829055547714,0.001,12509
295,10.0,51080,0.05,5108,-1.262,173,0.09759775549173355,0.001,12519
295,10.0,51120,0.05,5112,-1.2755,173,0.0872655063867569,0.001,12529
295,10.0,51160,0.05,5116,-1.3065,173,0.1138974279165268,0.001,12539
295,10.0,51200,0.05,5120,-1.335,173,0.11117269843816757,0.001,12549
295,10.0,51240,0.05,5124,-1.2574999999999998,173,0.1779749095439911,0.001,12559
295,10.0,51280,0.05,5128,-1.2890000000000001,173,0.21938444674015045,0.001,12569
294,10.0,51320,0.05,5132,-1.3005000000000002,173,0.08624765276908875,0.001,12579
294,10.0,51360,0.05,5136,-1.204,174,0.07819478213787079,0.001,12589
294,10.0,51400,0.05,5140,-1.2325000000000002,174,0.09604253619909286,0.001,12599
294,10.0,51440,0.05,5144,-1.175,174,0.10627960413694382,0.001,12609
294,10.0,51480,0.05,5148,-1.106,174,0.11824583262205124,0.001,12619
294,10.0,51520,0.05,5152,-1.038,174,0.08555202931165695,0.001,12629
294,10.0,51560,0.05,5156,-1.0839999999999999,174,0.12520115077495575,0.001,12639
294,10.0,51600,0.05,5160,-1.131,175,0.08325111865997314,0.001,12649
294,10.0,51640,0.05,5164,-1.1785,175,0.06864164769649506,0.001,12659
294,10.0,51680,0.05,5168,-1.0665,175,0.14637532830238342,0.001,12669
294,10.0,51720,0.05,5172,-1.1495,175,0.10071390867233276,0.001,12679
294,10.0,51760,0.05,5176,-1.0665,175,0.13384927809238434,0.001,12689
294,10.0,51800,0.05,5180,-1.113,175,0.10341335088014603,0.001,12699
294,10.0,51840,0.05,5184,-1.1945000000000001,176,0.13961893320083618,0.001,12709
294,10.0,51880,0.05,5188,-1.2080000000000002,176,0.2157437950372696,0.001,12719
294,10.0,51920,0.05,5192,-1.3105000000000002,176,0.11424916237592697,0.001,12729
294,10.0,51960,0.05,5196,-1.4594999999999998,176,0.15205150842666626,0.001,12739
294,10.0,52000,0.05,5200,-1.6529999999999998,176,0.14654187858104706,0.001,12749
294,10.0,52040,0.05,5204,-1.7555000000000005,176,0.11767244338989258,0.001,12759
294,10.0,52080,0.05,5208,-1.805,176,0.11235208809375763,0.001,12769
294,10.0,52120,0.05,5212,-1.7325,176,0.1295662373304367,0.001,12779
294,10.0,52160,0.05,5216,-1.6684999999999999,177,0.08748611062765121,0.001,12789
294,10.0,52200,0.05,5220,-1.6604999999999999,177,0.09066624939441681,0.001,12799
294,10.0,52240,0.05,5224,-1.7510000000000003,177,0.0820574015378952,0.001,12809
294,10.0,52280,0.05,5228,-1.6969999999999998,177,0.09666214138269424,0.001,12819
294,10.0,52320,0.05,5232,-1.6914999999999998,177,0.1761855036020279,0.001,12829
294,10.0,52360,0.05,5236,-1.7775,177,0.1008569672703743,0.001,12839
294,10.0,52400,0.05,5240,-1.798,177,0.12024108320474625,0.001,12849
294,10.0,52440,0.05,5244,-1.7665000000000004,178,0.14783570170402527,0.001,12859
294,10.0,52480,0.05,5248,-1.7555,178,0.16422244906425476,0.001,12869
294,10.0,52520,0.05,5252,-1.7720000000000002,178,0.11069963872432709,0.001,12879
294,10.0,52560,0.05,5256,-1.7880000000000005,178,0.09681133180856705,0.001,12889
294,10.0,52600,0.05,5260,-1.7560000000000002,178,0.1117180585861206,0.001,12899
294,10.0,52640,0.05,5264,-1.7690000000000001,178,0.18611611425876617,0.001,12909
295,10.0,52680,0.05,5268,-1.7325,178,0.16892363131046295,0.001,12919
295,10.0,52720,0.05,5272,-1.7125,178,0.1094033420085907,0.001,12929
295,10.0,52760,0.05,5276,-1.7894999999999999,178,0.1472163200378418,0.001,12939
295,10.0,52800,0.05,5280,-1.6600000000000004,178,0.14541377127170563,0.001,12949
295,10.0,52840,0.05,5284,-1.6480000000000004,178,0.12943433225154877,0.001,12959
295,10.0,52880,0.05,5288,-1.6284999999999998,179,0.13632483780384064,0.001,12969
295,10.0,52920,0.05,5292,-1.464,179,0.1432030200958252,0.001,12979
295,10.0,52960,0.05,5296,-1.4000000000000004,179,0.09374461323022842,0.001,12989
295,10.0,53000,0.05,5300,-1.2905000000000002,179,0.1024729534983635,0.001,12999
295,10.0,53040,0.05,5304,-1.1275000000000002,179,0.24058809876441956,0.001,13009
295,10.0,53080,0.05,5308,-1.0859999999999999,179,0.08668487519025803,0.001,13019
295,10.0,53120,0.05,5312,-1.1600000000000001,179,0.10943931341171265,0.001,13029
295,10.0,53160,0.05,5316,-1.2610000000000001,179,0.22987917065620422,0.001,13039
295,10.0,53200,0.05,5320,-1.2605,179,0.10883788764476776,0.001,13049
296,10.0,53240,0.05,5324,-1.2335000000000003,179,0.1927662491798401,0.001,13059
296,10.0,53280,0.05,5328,-1.2715000000000003,179,0.08355250954627991,0.001,13069
296,10.0,53320,0.05,5332,-1.3025000000000002,179,0.1990576535463333,0.001,13079
296,10.0,53360,0.05,5336,-1.278,180,0.12991055846214294,0.001,13089
296,10.0,53400,0.05,5340,-1.276,180,0.08302310854196548,0.001,13099
296,10.0,53440,0.05,5344,-1.3665,180,0.11667473614215851,0.001,13109
296,10.0,53480,0.05,5348,-1.4165000000000003,180,0.17848621308803558,0.001,13119
296,10.0,53520,0.05,5352,-1.376,180,0.10365458577871323,0.001,13129
296,10.0,53560,0.05,5356,-1.3430000000000002,180,0.16001112759113312,0.001,13139
296,10.0,53600,0.05,5360,-1.3149999999999997,180,0.11544645577669144,0.001,13149
296,10.0,53640,0.05,5364,-1.3695000000000002,180,0.14640015363693237,0.001,13159
296,10.0,53680,0.05,5368,-1.5569999999999995,180,0.13019227981567383,0.001,13169
296,10.0,53720,0.05,5372,-1.7,180,0.1293211728334427,0.001,13179
297,10.0,53760,0.05,5376,-1.6590000000000003,181,0.11485279351472855,0.001,13189
297,10.0,53800,0.05,5380,-1.729,181,0.07698342949151993,0.001,13199
297,10.0,53840,0.05,5384,-1.7045,181,0.09745769202709198,0.001,13209
297,10.0,53880,0.05,5388,-1.764,181,0.10580277442932129,0.001,13219
297,10.0,53920,0.05,5392,-1.7785000000000002,181,0.0899961069226265,0.001,13229
297,10.0,53960,0.05,5396,-1.736,181,0.11888091266155243,0.001,13239
297,10.0,54000,0.05,5400,-1.6945000000000001,181,0.12970419228076935,0.001,13249
297,10.0,54040,0.05,5404,-1.8144999999999998,181,0.13431601226329803,0.001,13259
297,10.0,54080,0.05,5408,-1.7995,181,0.12702402472496033,0.001,13269
297,10.0,54120,0.05,5412,-1.7595,181,0.3220634460449219,0.001,13279
297,10.0,54160,0.05,5416,-1.7135,181,0.08743571490049362,0.001,13289
297,10.0,54200,0.05,5420,-1.6380000000000003,181,0.11135651171207428,0.001,13299
297,10.0,54240,0.05,5424,-1.6965000000000001,182,0.14023467898368835,0.001,13309
298,10.0,54280,0.05,5428,-1.7065000000000003,182,0.09670016169548035,0.001,13319
298,10.0,54320,0.05,5432,-1.6640000000000004,182,0.1473875343799591,0.001,13329
298,10.0,54360,0.05,5436,-1.5965000000000003,182,0.0685233622789383,0.001,13339
298,10.0,54400,0.05,5440,-1.5355,182,0.09509805589914322,0.001,13349
298,10.0,54440,0.05,5444,-1.4635000000000002,182,0.1514907330274582,0.001,13359
298,10.0,54480,0.05,5448,-1.4505000000000001,182,0.1363525688648224,0.001,13369
298,10.0,54520,0.05,5452,-1.3984999999999999,182,0.1001274585723877,0.001,13379
298,10.0,54560,0.05,5456,-1.401,182,0.2171047180891037,0.001,13389
298,10.0,54600,0.05,5460,-1.3525,182,0.16731277108192444,0.001,13399
298,10.0,54640,0.05,5464,-1.2479999999999998,182,0.12151361256837845,0.001,13409
298,10.0,54680,0.05,5468,-1.0425,183,0.1535789668560028,0.001,13419
298,10.0,54720,0.05,5472,-0.9814999999999999,183,0.11275001615285873,0.001,13429
298,10.0,54760,0.05,5476,-0.96,183,0.11362369358539581,0.001,13439
299,10.0,54800,0.05,5480,-0.905,183,0.09958069026470184,0.001,13449
299,10.0,54840,0.05,5484,-0.9774999999999998,183,0.16700857877731323,0.001,13459
299,10.0,54880,0.05,5488,-1.0289999999999997,183,0.11890453845262527,0.001,13469
299,10.0,54920,0.05,5492,-0.9979999999999998,183,0.10891565680503845,0.001,13479
299,10.0,54960,0.05,5496,-1.051,183,0.1489998698234558,0.001,13489
299,10.0,55000,0.05,5500,-1.0979999999999999,183,0.06120690703392029,0.001,13499
299,10.0,55040,0.05,5504,-1.0415,183,0.10396003723144531,0.001,13509
299,10.0,55080,0.05,5508,-1.102,184,0.11629292368888855,0.001,13519
299,10.0,55120,0.05,5512,-1.0805,184,0.20459860563278198,0.001,13529
299,10.0,55160,0.05,5516,-1.0975000000000001,184,0.13765358924865723,0.001,13539
299,10.0,55200,0.05,5520,-1.148,184,0.10455220192670822,0.001,13549
299,10.0,55240,0.05,5524,-1.1765,184,0.19300131499767303,0.001,13559
299,10.0,55280,0.05,5528,-1.1735,184,0.1236666887998581,0.001,13569
299,10.0,55320,0.05,5532,-1.2365000000000002,184,0.1018352285027504,0.001,13579
299,10.0,55360,0.05,5536,-1.317,184,0.17864975333213806,0.001,13589
299,10.0,55400,0.05,5540,-1.357,184,0.23203472793102264,0.001,13599
300,10.0,55440,0.05,5544,-1.3410000000000002,184,0.159155935049057,0.001,13609
300,10.0,55480,0.05,5548,-1.3295,184,0.12997305393218994,0.001,13619
300,10.0,55520,0.05,5552,-1.47,184,0.16863059997558594,0.001,13629
300,10.0,55560,0.05,5556,-1.5105000000000002,185,0.25710442662239075,0.001,13639
300,10.0,55600,0.05,5560,-1.5370000000000001,185,0.14911247789859772,0.001,13649
300,10.0,55640,0.05,5564,-1.6260000000000006,185,0.0957331508398056,0.001,13659
300,10.0,55680,0.05,5568,-1.6495000000000002,185,0.09835077822208405,0.001,13669
300,10.0,55720,0.05,5572,-1.6555000000000002,185,0.12149970978498459,0.001,13679
300,10.0,55760,0.05,5576,-1.6275000000000004,185,0.1358158439397812,0.001,13689
300,10.0,55800,0.05,5580,-1.6669999999999998,185,0.1166200339794159,0.001,13699
300,10.0,55840,0.05,5584,-1.704,185,0.07990264147520065,0.001,13709
300,10.0,55880,0.05,5588,-1.6335000000000002,186,0.11726877838373184,0.001,13719
300,10.0,55920,0.05,5592,-1.6544999999999999,186,0.14553090929985046,0.001,13729
300,10.0,55960,0.05,5596,-1.6115000000000002,186,0.10937090218067169,0.001,13739
300,10.0,56000,0.05,5600,-1.618,186,0.12305491417646408,0.001,13749
300,10.0,56040,0.05,5604,-1.5989999999999998,186,0.13004155457019806,0.001,13759
300,10.0,56080,0.05,5608,-1.4869999999999999,186,0.19923442602157593,0.001,13769
300,10.0,56120,0.05,5612,-1.4465000000000001,187,0.23269149661064148,0.001,13779
300,10.0,56160,0.05,5616,-1.4075,187,0.117888905107975,0.001,13789
299,10.0,56200,0.05,5620,-1.4199999999999997,187,0.19015179574489594,0.001,13799
299,10.0,56240,0.05,5624,-1.4605000000000001,187,0.22095446288585663,0.001,13809
299,10.0,56280,0.05,5628,-1.476,187,0.11080998182296753,0.001,13819
299,10.0,56320,0.05,5632,-1.4375000000000002,187,0.3176192343235016,0.001,13829
299,10.0,56360,0.05,5636,-1.4199999999999997,187,0.1112581118941307,0.001,13839
299,10.0,56400,0.05,5640,-1.4350000000000003,188,0.1265747845172882,0.001,13849
299,10.0,56440,0.05,5644,-1.557,188,0.12637710571289062,0.001,13859
299,10.0,56480,0.05,5648,-1.5385,188,0.10887227952480316,0.001,13869
300,10.0,56520,0.05,5652,-1.5190000000000001,188,0.17843718826770782,0.001,13879
300,10.0,56560,0.05,5656,-1.4809999999999999,188,0.11873924732208252,0.001,13889
300,10.0,56600,0.05,5660,-1.4820000000000002,188,0.14704641699790955,0.001,13899
300,10.0,56640,0.05,5664,-1.4350000000000003,188,0.1027427539229393,0.001,13909
300,10.0,56680,0.05,5668,-1.5124999999999997,188,0.09228775650262833,0.001,13919
300,10.0,56720,0.05,5672,-1.5179999999999998,188,0.10951025038957596,0.001,13929
300,10.0,56760,0.05,5676,-1.5065000000000004,188,0.20143188536167145,0.001,13939
300,10.0,56800,0.05,5680,-1.4389999999999998,189,0.14163823425769806,0.001,13949
300,10.0,56840,0.05,5684,-1.3574999999999997,189,0.13062480092048645,0.001,13959
300,10.0,56880,0.05,5688,-1.43,189,0.2260776162147522,0.001,13969
300,10.0,56920,0.05,5692,-1.6225,189,0.08331270515918732,0.001,13979
300,10.0,56960,0.05,5696,-1.7169999999999999,189,0.2394414246082306,0.001,13989
300,10.0,57000,0.05,5700,-1.6439999999999997,189,0.17942604422569275,0.001,13999
300,10.0,57040,0.05,5704,-1.696,190,0.13166800141334534,0.001,14009
299,10.0,57080,0.05,5708,-1.7514999999999998,190,0.12029361724853516,0.001,14019
299,10.0,57120,0.05,5712,-1.7925,190,0.14148889482021332,0.001,14029
299,10.0,57160,0.05,5716,-1.7445,190,0.2769832909107208,0.001,14039
299,10.0,57200,0.05,5720,-1.7420000000000002,190,0.4495193064212799,0.001,14049
299,10.0,57240,0.05,5724,-1.6270000000000002,191,0.14717082679271698,0.001,14059
299,10.0,57280,0.05,5728,-1.6340000000000001,191,0.10548673570156097,0.001,14069
299,10.0,57320,0.05,5732,-1.8775,191,0.08412985503673553,0.001,14079
298,10.0,57360,0.05,5736,-1.9124999999999996,191,0.11840911209583282,0.001,14089
298,10.0,57400,0.05,5740,-1.9405000000000001,192,0.19447611272335052,0.001,14099
298,10.0,57440,0.05,5744,-1.8170000000000002,192,0.11394058912992477,0.001,14109
298,10.0,57480,0.05,5748,-1.9725,192,0.12038366496562958,0.001,14119
298,10.0,57520,0.05,5752,-1.9425,192,0.13846570253372192,0.001,14129
298,10.0,57560,0.05,5756,-1.9175,192,0.12966717779636383,0.001,14139
298,10.0,57600,0.05,5760,-1.9750000000000003,193,0.1297958493232727,0.001,14149
298,10.0,57640,0.05,5764,-2.0170000000000003,193,0.1252567321062088,0.001,14159
297,10.0,57680,0.05,5768,-1.9974999999999996,193,0.17310552299022675,0.001,14169
297,10.0,57720,0.05,5772,-1.9575,193,0.14652259647846222,0.001,14179
297,10.0,57760,0.05,5776,-1.9505000000000001,193,0.11737871170043945,0.001,14189
297,10.0,57800,0.05,5780,-2.0805000000000002,193,0.12685461342334747,0.001,14199
297,10.0,57840,0.05,5784,-1.9775000000000003,194,0.10207454860210419,0.001,14209
297,10.0,57880,0.05,5788,-1.9994999999999998,194,0.342475950717926,0.001,14219
297,10.0,57920,0.05,5792,-2.0005,194,0.10258415341377258,0.001,14229
297,10.0,57960,0.05,5796,-2.0540000000000003,194,0.13148197531700134,0.001,14239
297,10.0,58000,0.05,5800,-2.21,194,0.08028078824281693,0.001,14249
297,10.0,58040,0.05,5804,-2.412,194,0.09623982012271881,0.001,14259
297,10.0,58080,0.05,5808,-2.3720000000000003,195,0.19220532476902008,0.001,14269
297,10.0,58120,0.05,5812,-2.4365000000000006,195,0.18876895308494568,0.001,14279
297,10.0,58160,0.05,5816,-2.5000000000000004,195,0.14736858010292053,0.001,14289
297,10.0,58200,0.05,5820,-2.5309999999999997,195,0.5501624345779419,0.001,14299
297,10.0,58240,0.05,5824,-2.5415000000000005,195,0.1340646892786026,0.001,14309
297,10.0,58280,0.05,5828,-2.4330000000000003,195,0.14815856516361237,0.001,14319
297,10.0,58320,0.05,5832,-2.2045000000000003,195,0.10646247863769531,0.001,14329
297,10.0,58360,0.05,5836,-2.1590000000000003,195,0.11572158336639404,0.001,14339
297,10.0,58400,0.05,5840,-2.064,196,0.12215755134820938,0.001,14349
297,10.0,58440,0.05,5844,-2.1860000000000004,196,0.08932651579380035,0.001,14359
297,10.0,58480,0.05,5848,-2.0194999999999994,196,0.11142782866954803,0.001,14369
298,10.0,58520,0.05,5852,-2.0145,196,0.1640298068523407,0.001,14379
298,10.0,58560,0.05,5856,-1.95,196,0.35720083117485046,0.001,14389
298,10.0,58600,0.05,5860,-1.8695,196,0.20410144329071045,0.001,14399
298,10.0,58640,0.05,5864,-1.818,196,0.11364075541496277,0.001,14409
298,10.0,58680,0.05,5868,-1.7215,196,0.11595398187637329,0.001,14419
298,10.0,58720,0.05,5872,-1.7879999999999998,197,0.15312829613685608,0.001,14429
298,10.0,58760,0.05,5876,-1.9314999999999998,197,0.4530419707298279,0.001,14439
298,10.0,58800,0.05,5880,-1.8505,197,0.14093104004859924,0.001,14449
298,10.0,58840,0.05,5884,-1.9480000000000002,197,0.10251365602016449,0.001,14459
298,10.0,58880,0.05,5888,-1.7049999999999996,197,0.11597073823213577,0.001,14469
297,10.0,58920,0.05,5892,-1.4839999999999998,197,0.32331225275993347,0.001,14479
297,10.0,58960,0.05,5896,-1.4014999999999997,197,0.17366532981395721,0.001,14489
297,10.0,59000,0.05,5900,-1.2325,198,0.12300152331590652,0.001,14499
297,10.0,59040,0.05,5904,-1.0164999999999997,198,0.11283500492572784,0.001,14509
297,10.0,59080,0.05,5908,-0.9645,198,0.11437247693538666,0.001,14519
297,10.0,59120,0.05,5912,-0.8304999999999998,198,0.14211393892765045,0.001,14529
297,10.0,59160,0.05,5916,-0.7999999999999998,198,0.10607314854860306,0.001,14539
297,10.0,59200,0.05,5920,-0.7299999999999999,198,0.2925187349319458,0.001,14549
297,10.0,59240,0.05,5924,-0.7695000000000001,198,0.12891247868537903,0.001,14559
297,10.0,59280,0.05,5928,-0.7975000000000001,198,0.08735926449298859,0.001,14569
298,10.0,59320,0.05,5932,-0.7430000000000001,199,0.14186039566993713,0.001,14579
298,10.0,59360,0.05,5936,-0.862,199,0.21852648258209229,0.001,14589
298,10.0,59400,0.05,5940,-0.8290000000000002,199,0.08543281257152557,0.001,14599
298,10.0,59440,0.05,5944,-0.6959999999999998,199,0.09942250698804855,0.001,14609
298,10.0,59480,0.05,5948,-0.8079999999999999,199,0.17742857336997986,0.001,14619
298,10.0,59520,0.05,5952,-0.6509999999999999,199,0.12448986619710922,0.001,14629
298,10.0,59560,0.05,5956,-0.8204999999999998,199,0.14120855927467346,0.001,14639
298,10.0,59600,0.05,5960,-0.8290000000000001,199,0.12486764043569565,0.001,14649
298,10.0,59640,0.05,5964,-0.8160000000000001,199,0.07823002338409424,0.001,14659
298,10.0,59680,0.05,5968,-0.8619999999999999,199,0.17732545733451843,0.001,14669
298,10.0,59720,0.05,5972,-0.782,200,0.15122750401496887,0.001,14679
298,10.0,59760,0.05,5976,-0.7025000000000001,200,0.4410466253757477,0.001,14689
298,10.0,59800,0.05,5980,-0.7545000000000001,200,0.10587647557258606,0.001,14699
298,10.0,59840,0.05,5984,-0.7865000000000002,200,0.11715282499790192,0.001,14709
298,10.0,59880,0.05,5988,-0.882,200,0.11405009776353836,0.001,14719
298,10.0,59920,0.05,5992,-0.9405,200,0.08105894178152084,0.001,14729
298,10.0,59960,0.05,5996,-0.9555,200,0.16547922790050507,0.001,14739
298,10.0,60000,0.05,6000,-0.9855000000000002,200,0.09601464867591858,0.001,14749
298,10.0,60040,0.05,6004,-0.9520000000000001,200,0.13532930612564087,0.001,14759
298,10.0,60080,0.05,6008,-0.9520000000000001,201,0.19537121057510376,0.001,14769
298,10.0,60120,0.05,6012,-0.9875000000000002,201,0.09400217235088348,0.001,14779
298,10.0,60160,0.05,6016,-0.961,201,0.31730395555496216,0.001,14789
298,10.0,60200,0.05,6020,-1.04,201,0.11945859342813492,0.001,14799
298,10.0,60240,0.05,6024,-0.9819999999999999,201,0.2316720187664032,0.001,14809
298,10.0,60280,0.05,6028,-0.9305,201,0.208744615316391,0.001,14819
298,10.0,60320,0.05,6032,-0.9854999999999998,201,0.1097169816493988,0.001,14829
298,10.0,60360,0.05,6036,-0.7874999999999999,202,0.175324484705925,0.001,14839
298,10.0,60400,0.05,6040,-0.8074999999999999,202,0.17696237564086914,0.001,14849
298,10.0,60440,0.05,6044,-0.94,202,0.13693401217460632,0.001,14859
298,10.0,60480,0.05,6048,-0.8654999999999999,202,0.11874833703041077,0.001,14869
298,10.0,60520,0.05,6052,-1.015,202,0.18784469366073608,0.001,14879
298,10.0,60560,0.05,6056,-0.9215000000000001,202,0.231051504611969,0.001,14889
298,10.0,60600,0.05,6060,-0.9339999999999999,202,0.2783731520175934,0.001,14899
298,10.0,60640,0.05,6064,-0.8889999999999999,203,0.09690775722265244,0.001,14909
298,10.0,60680,0.05,6068,-0.945,203,0.10454267263412476,0.001,14919
298,10.0,60720,0.05,6072,-0.9844999999999999,203,0.11995113641023636,0.001,14929
298,10.0,60760,0.05,6076,-0.9259999999999999,203,0.08680601418018341,0.001,14939
298,10.0,60800,0.05,6080,-0.9515000000000002,203,0.09008216857910156,0.001,14949
298,10.0,60840,0.05,6084,-0.879,203,0.10170009732246399,0.001,14959
298,10.0,60880,0.05,6088,-0.9325000000000001,203,0.1562119573354721,0.001,14969
298,10.0,60920,0.05,6092,-0.9565000000000002,203,0.10202329605817795,0.001,14979
298,10.0,60960,0.05,6096,-0.9055,203,0.16752669215202332,0.001,14989
298,10.0,61000,0.05,6100,-0.895,204,0.10343965888023376,0.001,14999
298,10.0,61040,0.05,6104,-0.8220000000000001,204,0.4622644782066345,0.001,15009
298,10.0,61080,0.05,6108,-0.857,204,0.15473487973213196,0.001,15019
298,10.0,61120,0.05,6112,-0.7325000000000002,204,0.1185460090637207,0.001,15029
298,10.0,61160,0.05,6116,-0.7080000000000001,204,0.10912501811981201,0.001,15039
298,10.0,61200,0.05,6120,-0.67,204,0.12242194265127182,0.001,15049
298,10.0,61240,0.05,6124,-0.5820000000000001,204,0.14260812103748322,0.001,15059
298,10.0,61280,0.05,6128,-0.6220000000000001,205,0.11281102150678635,0.001,15069
298,10.0,61320,0.05,6132,-0.5380000000000001,205,0.12743379175662994,0.001,15079
298,10.0,61360,0.05,6136,-0.5930000000000001,205,0.10965074598789215,0.001,15089
298,10.0,61400,0.05,6140,-0.5865000000000002,205,0.1690235137939453,0.001,15099
298,10.0,61440,0.05,6144,-0.43800000000000006,205,0.18294285237789154,0.001,15109
298,10.0,61480,0.05,6148,-0.371,206,0.10530032217502594,0.001,15119
298,10.0,61520,0.05,6152,-0.31400000000000006,206,0.1791912466287613,0.001,15129
298,10.0,61560,0.05,6156,-0.30450000000000005,206,0.11204066127538681,0.001,15139
297,10.0,61600,0.05,6160,-0.32050000000000006,206,0.19671311974525452,0.001,15149
297,10.0,61640,0.05,6164,-0.4749999999999999,206,0.17108680307865143,0.001,15159
297,10.0,61680,0.05,6168,-0.4910000000000001,207,0.11501138657331467,0.001,15169
297,10.0,61720,0.05,6172,-0.491,207,0.08094853907823563,0.001,15179
297,10.0,61760,0.05,6176,-0.5275000000000001,207,0.13860498368740082,0.001,15189
297,10.0,61800,0.05,6180,-0.45399999999999996,207,0.103699691593647,0.001,15199
297,10.0,61840,0.05,6184,-0.46549999999999997,207,0.12933354079723358,0.001,15209
297,10.0,61880,0.05,6188,-0.4479999999999999,208,0.09979666024446487,0.001,15219
297,10.0,61920,0.05,6192,-0.4014999999999999,208,0.5096055269241333,0.001,15229
296,10.0,61960,0.05,6196,-0.3345,208,0.11758002638816833,0.001,15239
296,10.0,62000,0.05,6200,-0.36699999999999994,208,0.186603844165802,0.001,15249
296,10.0,62040,0.05,6204,-0.31449999999999995,209,0.6653172373771667,0.001,15259
296,10.0,62080,0.05,6208,-0.361,209,0.1177627444267273,0.001,15269
296,10.0,62120,0.05,6212,-0.41350000000000003,209,0.3605635464191437,0.001,15279
296,10.0,62160,0.05,6216,-0.44099999999999995,209,0.1717614084482193,0.001,15289
296,10.0,62200,0.05,6220,-0.4075,209,0.14121216535568237,0.001,15299
296,10.0,62240,0.05,6224,-0.5075000000000001,209,0.21494901180267334,0.001,15309
296,10.0,62280,0.05,6228,-0.5559999999999999,210,0.08569519966840744,0.001,15319
296,10.0,62320,0.05,6232,-0.5085,210,0.10675883293151855,0.001,15329
296,10.0,62360,0.05,6236,-0.49749999999999994,210,0.08672751486301422,0.001,15339
296,10.0,62400,0.05,6240,-0.4975,210,0.2595865726470947,0.001,15349
296,10.0,62440,0.05,6244,-0.5305000000000001,210,0.12304983288049698,0.001,15359
296,10.0,62480,0.05,6248,-0.6495000000000001,210,0.17402426898479462,0.001,15369
296,10.0,62520,0.05,6252,-0.7564999999999997,210,0.2233673632144928,0.001,15379
296,10.0,62560,0.05,6256,-0.695,210,0.13412423431873322,0.001,15389
296,10.0,62600,0.05,6260,-0.6439999999999999,211,0.13381600379943848,0.001,15399
296,10.0,62640,0.05,6264,-0.5385,211,0.16427172720432281,0.001,15409
296,10.0,62680,0.05,6268,-0.3484999999999999,211,0.10981163382530212,0.001,15419
296,10.0,62720,0.05,6272,-0.3264999999999999,211,0.1783696860074997,0.001,15429
296,10.0,62760,0.05,6276,-0.2849999999999999,211,0.10448142141103745,0.001,15439
296,10.0,62800,0.05,6280,-0.31249999999999994,211,0.07087121903896332,0.001,15449
296,10.0,62840,0.05,6284,-0.21899999999999994,212,0.17183943092823029,0.001,15459
296,10.0,62880,0.05,6288,-0.22150000000000003,212,0.2053535282611847,0.001,15469
296,10.0,62920,0.05,6292,-0.295,212,0.09341926872730255,0.001,15479
296,10.0,62960,0.05,6296,-0.3525,212,0.14725016057491302,0.001,15489
296,10.0,63000,0.05,6300,-0.24900000000000005,212,0.25496333837509155,0.001,15499
296,10.0,63040,0.05,6304,-0.29,212,0.13236112892627716,0.001,15509
296,10.0,63080,0.05,6308,-0.18199999999999997,212,0.15606412291526794,0.001,15519
296,10.0,63120,0.05,6312,-0.22599999999999995,213,0.1908654123544693,0.001,15529
296,10.0,63160,0.05,6316,-0.256,213,0.11732729524374008,0.001,15539
296,10.0,63200,0.05,6320,-0.2635,213,0.23330771923065186,0.001,15549
296,10.0,63240,0.05,6324,-0.2545,213,0.08480393141508102,0.001,15559
296,10.0,63280,0.05,6328,-0.2045,213,0.18183383345603943,0.001,15569
296,10.0,63320,0.05,6332,-0.2995,213,0.08342984318733215,0.001,15579
296,10.0,63360,0.05,6336,-0.428,213,0.16889885067939758,0.001,15589
296,10.0,63400,0.05,6340,-0.4435,213,0.1660253405570984,0.001,15599
296,10.0,63440,0.05,6344,-0.5315,214,0.10434731841087341,0.001,15609
296,10.0,63480,0.05,6348,-0.44500000000000006,214,0.07279597967863083,0.001,15619
296,10.0,63520,0.05,6352,-0.391,214,0.12850604951381683,0.001,15629
296,10.0,63560,0.05,6356,-0.4235,214,0.09909334778785706,0.001,15639
296,10.0,63600,0.05,6360,-0.5205000000000001,214,0.15338939428329468,0.001,15649
296,10.0,63640,0.05,6364,-0.5409999999999999,214,0.2049841582775116,0.001,15659
296,10.0,63680,0.05,6368,-0.736,214,0.16441603004932404,0.001,15669
296,10.0,63720,0.05,6372,-0.7,215,0.08055560290813446,0.001,15679
296,10.0,63760,0.05,6376,-0.7494999999999998,215,0.07977797836065292,0.001,15689
296,10.0,63800,0.05,6380,-0.715,215,0.19049029052257538,0.001,15699
296,10.0,63840,0.05,6384,-0.8689999999999999,215,0.1626802384853363,0.001,15709
296,10.0,63880,0.05,6388,-0.8619999999999999,215,0.10908626765012741,0.001,15719
296,10.0,63920,0.05,6392,-0.8415,215,0.09345220774412155,0.001,15729
296,10.0,63960,0.05,6396,-0.7479999999999998,215,0.4312172830104828,0.001,15739
296,10.0,64000,0.05,6400,-0.8420000000000001,216,0.11532915383577347,0.001,15749
296,10.0,64040,0.05,6404,-0.9169999999999999,216,0.1171538233757019,0.001,15759
296,10.0,64080,0.05,6408,-0.986,216,0.20997324585914612,0.001,15769
296,10.0,64120,0.05,6412,-1.0715000000000001,216,0.15368038415908813,0.001,15779
296,10.0,64160,0.05,6416,-1.072,216,0.2156093865633011,0.001,15789
296,10.0,64200,0.05,6420,-1.0570000000000002,216,0.09679937362670898,0.001,15799
296,10.0,64240,0.05,6424,-1.034,216,0.1297145038843155,0.001,15809
296,10.0,64280,0.05,6428,-1.0899999999999999,216,0.18129390478134155,0.001,15819
296,10.0,64320,0.05,6432,-1.1760000000000002,217,0.09484102576971054,0.001,15829
296,10.0,64360,0.05,6436,-1.0795,217,0.12052161991596222,0.001,15839
296,10.0,64400,0.05,6440,-1.0534999999999999,217,0.08204370737075806,0.001,15849
296,10.0,64440,0.05,6444,-1.0635,217,0.08250311762094498,0.001,15859
296,10.0,64480,0.05,6448,-1.0644999999999998,217,0.15979844331741333,0.001,15869
296,10.0,64520,0.05,6452,-1.0665,217,0.1665695607662201,0.001,15879
296,10.0,64560,0.05,6456,-1.067,218,0.1187143549323082,0.001,15889
296,10.0,64600,0.05,6460,-0.9905000000000002,218,0.13680928945541382,0.001,15899
296,10.0,64640,0.05,6464,-0.982,218,0.1123545914888382,0.001,15909
296,10.0,64680,0.05,6468,-0.8240000000000001,218,0.10884058475494385,0.001,15919
295,10.0,64720,0.05,6472,-0.7825,218,0.1354154646396637,0.001,15929
295,10.0,64760,0.05,6476,-0.7795000000000002,218,0.11068322509527206,0.001,15939
295,10.0,64800,0.05,6480,-0.7504999999999998,218,0.08098110556602478,0.001,15949
295,10.0,64840,0.05,6484,-0.6264999999999998,219,0.10834049433469772,0.001,15959
296,10.0,64880,0.05,6488,-0.624,219,0.10978489369153976,0.001,15969
296,10.0,64920,0.05,6492,-0.59,219,0.1377883106470108,0.001,15979
296,10.0,64960,0.05,6496,-0.6245,219,0.07879409939050674,0.001,15989
295,10.0,65000,0.05,6500,-0.6210000000000001,219,0.30412715673446655,0.001,15999
295,10.0,65040,0.05,6504,-0.5980000000000001,219,0.15818573534488678,0.001,16009
295,10.0,65080,0.05,6508,-0.5890000000000001,219,0.13406535983085632,0.001,16019
295,10.0,65120,0.05,6512,-0.542,220,0.10899995267391205,0.001,16029
295,10.0,65160,0.05,6516,-0.5329999999999999,220,0.09603554010391235,0.001,16039
295,10.0,65200,0.05,6520,-0.5890000000000001,220,0.11263393610715866,0.001,16049
295,10.0,65240,0.05,6524,-0.5805,220,0.20908154547214508,0.001,16059
295,10.0,65280,0.05,6528,-0.4985,220,0.08420099318027496,0.001,16069
295,10.0,65320,0.05,6532,-0.26800000000000007,221,0.18607571721076965,0.001,16079
295,10.0,65360,0.05,6536,-0.25200000000000006,221,0.14968091249465942,0.001,16089
295,10.0,65400,0.05,6540,-0.2805,221,0.15870074927806854,0.001,16099
295,10.0,65440,0.05,6544,-0.24599999999999994,221,0.09193744510412216,0.001,16109
295,10.0,65480,0.05,6548,-0.32549999999999996,221,0.07781755179166794,0.001,16119
294,10.0,65520,0.05,6552,-0.2820000000000001,222,0.1137116551399231,0.001,16129
294,10.0,65560,0.05,6556,-0.283,222,0.29337701201438904,0.001,16139
294,10.0,65600,0.05,6560,-0.32349999999999995,222,0.1175793707370758,0.001,16149
294,10.0,65640,0.05,6564,-0.30599999999999994,222,0.11006832122802734,0.001,16159
294,10.0,65680,0.05,6568,-0.38099999999999995,222,0.10787589848041534,0.001,16169
294,10.0,65720,0.05,6572,-0.46349999999999997,223,0.16057716310024261,0.001,16179
294,10.0,65760,0.05,6576,-0.45449999999999996,223,0.1302037537097931,0.001,16189
294,10.0,65800,0.05,6580,-0.46299999999999997,223,0.12999211251735687,0.001,16199
293,10.0,65840,0.05,6584,-0.46699999999999986,223,0.09200487285852432,0.001,16209
293,10.0,65880,0.05,6588,-0.4149999999999999,224,0.10231122374534607,0.001,16219
293,10.0,65920,0.05,6592,-0.36950000000000005,224,0.11186078190803528,0.001,16229
293,10.0,65960,0.05,6596,-0.34199999999999986,224,0.08615808933973312,0.001,16239
293,10.0,66000,0.05,6600,-0.27349999999999997,224,0.06984016299247742,0.001,16249
293,10.0,66040,0.05,6604,-0.16200000000000003,225,0.08504515141248703,0.001,16259
293,10.0,66080,0.05,6608,-0.152,225,0.10072914510965347,0.001,16269
293,10.0,66120,0.05,6612,-0.1635,225,0.10089243948459625,0.001,16279
292,10.0,66160,0.05,6616,-0.09349999999999997,225,0.21428541839122772,0.001,16289
292,10.0,66200,0.05,6620,0.0435,226,0.309915691614151,0.001,16299
292,10.0,66240,0.05,6624,0.06649999999999995,226,0.14629144966602325,0.001,16309
292,10.0,66280,0.05,6628,-0.010500000000000018,226,0.2764991819858551,0.001,16319
292,10.0,66320,0.05,6632,-0.10000000000000002,226,0.14064735174179077,0.001,16329
292,10.0,66360,0.05,6636,-0.155,226,0.07822136580944061,0.001,16339
292,10.0,66400,0.05,6640,-0.08200000000000002,226,0.09476873278617859,0.001,16349
292,10.0,66440,0.05,6644,0.0014999999999999924,226,0.09745532274246216,0.001,16359
292,10.0,66480,0.05,6648,0.07700000000000001,226,0.10366542637348175,0.001,16369
292,10.0,66520,0.05,6652,0.11699999999999999,227,0.13599443435668945,0.001,16379
292,10.0,66560,0.05,6656,0.13199999999999998,227,0.3433842062950134,0.001,16389
292,10.0,66600,0.05,6660,0.014499999999999987,227,0.08131805062294006,0.001,16399
292,10.0,66640,0.05,6664,-0.02650000000000003,227,0.09465774148702621,0.001,16409
292,10.0,66680,0.05,6668,-0.09050000000000004,227,0.2832760810852051,0.001,16419
292,10.0,66720,0.05,6672,-0.14300000000000002,227,0.1182233914732933,0.001,16429
292,10.0,66760,0.05,6676,-0.22799999999999998,227,0.11180382966995239,0.001,16439
292,10.0,66800,0.05,6680,-0.2784999999999999,228,0.08268087357282639,0.001,16449
292,10.0,66840,0.05,6684,-0.2945,228,0.1091594249010086,0.001,16459
292,10.0,66880,0.05,6688,-0.29399999999999993,228,0.11020827293395996,0.001,16469
292,10.0,66920,0.05,6692,-0.3919999999999999,228,0.16539780795574188,0.001,16479
292,10.0,66960,0.05,6696,-0.3975000000000001,228,0.11265650391578674,0.001,16489
292,10.0,67000,0.05,6700,-0.5385,228,0.06398028880357742,0.001,16499
292,10.0,67040,0.05,6704,-0.7245,228,0.07127588242292404,0.001,16509
292,10.0,67080,0.05,6708,-0.6855,229,0.16463719308376312,0.001,16519
292,10.0,67120,0.05,6712,-0.671,229,0.2125668078660965,0.001,16529
292,10.0,67160,0.05,6716,-0.7085000000000001,229,0.07594186812639236,0.001,16539
292,10.0,67200,0.05,6720,-0.826,229,0.1673325002193451,0.001,16549
292,10.0,67240,0.05,6724,-0.8915,229,0.10752372443675995,0.001,16559
292,10.0,67280,0.05,6728,-0.8769999999999999,230,0.3088810443878174,0.001,16569
292,10.0,67320,0.05,6732,-0.9400000000000002,230,0.24024133384227753,0.001,16579
292,10.0,67360,0.05,6736,-0.8469999999999999,230,0.1171945258975029,0.001,16589
292,10.0,67400,0.05,6740,-0.8715,230,0.09158863127231598,0.001,16599
292,10.0,67440,0.05,6744,-0.9059999999999999,230,0.10403835028409958,0.001,16609
292,10.0,67480,0.05,6748,-0.9135000000000002,230,0.1525656282901764,0.001,16619
292,10.0,67520,0.05,6752,-0.9120000000000001,230,0.20636282861232758,0.001,16629
292,10.0,67560,0.05,6756,-0.9130000000000001,231,0.07970775663852692,0.001,16639
292,10.0,67600,0.05,6760,-0.7889999999999999,231,0.14880311489105225,0.001,16649
292,10.0,67640,0.05,6764,-0.6964999999999999,231,0.15172575414180756,0.001,16659
292,10.0,67680,0.05,6768,-0.597,231,0.15539780259132385,0.001,16669
292,10.0,67720,0.05,6772,-0.5275000000000001,231,0.059704240411520004,0.001,16679
292,10.0,67760,0.05,6776,-0.48249999999999993,231,0.13867484033107758,0.001,16689
292,10.0,67800,0.05,6780,-0.43699999999999994,232,0.07440108060836792,0.001,16699
292,10.0,67840,0.05,6784,-0.40399999999999997,232,0.11809749156236649,0.001,16709
292,10.0,67880,0.05,6788,-0.5235,232,0.23621034622192383,0.001,16719
292,10.0,67920,0.05,6792,-0.409,232,0.14436160027980804,0.001,16729
292,10.0,67960,0.05,6796,-0.3975,232,0.09469157457351685,0.001,16739
292,10.0,68000,0.05,6800,-0.2874999999999999,232,0.1078411117196083,0.001,16749
292,10.0,68040,0.05,6804,-0.1775,232,0.12209182977676392,0.001,16759
292,10.0,68080,0.05,6808,-0.3145,233,0.17873740196228027,0.001,16769
292,10.0,68120,0.05,6812,-0.294,233,0.09839241951704025,0.001,16779
292,10.0,68160,0.05,6816,-0.391,233,0.13262927532196045,0.001,16789
292,10.0,68200,0.05,6820,-0.3820000000000001,233,0.09119714051485062,0.001,16799
292,10.0,68240,0.05,6824,-0.3995000000000001,233,0.2137923240661621,0.001,16809
292,10.0,68280,0.05,6828,-0.33599999999999997,233,0.21838313341140747,0.001,16819
292,10.0,68320,0.05,6832,-0.276,233,0.15816354751586914,0.001,16829
292,10.0,68360,0.05,6836,-0.2880000000000001,234,0.17719629406929016,0.001,16839
292,10.0,68400,0.05,6840,-0.441,234,0.17491814494132996,0.001,16849
291,10.0,68440,0.05,6844,-0.436,234,0.19156737625598907,0.001,16859
291,10.0,68480,0.05,6848,-0.508,234,0.12355268746614456,0.001,16869
291,10.0,68520,0.05,6852,-0.655,234,0.1424574851989746,0.001,16879
291,10.0,68560,0.05,6856,-0.7944999999999999,234,0.08999782055616379,0.001,16889
291,10.0,68600,0.05,6860,-0.676,235,0.1783427745103836,0.001,16899
291,10.0,68640,0.05,6864,-0.6465,235,0.08878639340400696,0.001,16909
291,10.0,68680,0.05,6868,-0.6425,235,0.21230347454547882,0.001,16919
291,10.0,68720,0.05,6872,-0.5720000000000001,235,0.12923234701156616,0.001,16929
291,10.0,68760,0.05,6876,-0.5335,235,0.26591572165489197,0.001,16939
291,10.0,68800,0.05,6880,-0.5305000000000001,235,0.1577540636062622,0.001,16949
291,10.0,68840,0.05,6884,-0.5215000000000001,235,0.14124011993408203,0.001,16959
291,10.0,68880,0.05,6888,-0.449,235,0.06830776482820511,0.001,16969
292,10.0,68920,0.05,6892,-0.44050000000000006,236,0.15094421803951263,0.001,16979
291,10.0,68960,0.05,6896,-0.4210000000000001,236,0.1449621468782425,0.001,16989
291,10.0,69000,0.05,6900,-0.5454999999999999,236,0.3091045022010803,0.001,16999
291,10.0,69040,0.05,6904,-0.5354999999999999,236,0.0639573261141777,0.001,17009
291,10.0,69080,0.05,6908,-0.42199999999999993,236,0.07421278208494186,0.001,17019
291,10.0,69120,0.05,6912,-0.5170000000000001,236,0.08002839237451553,0.001,17029
291,10.0,69160,0.05,6916,-0.5185,236,0.18406909704208374,0.001,17039
291,10.0,69200,0.05,6920,-0.4539999999999999,237,0.10402829200029373,0.001,17049
291,10.0,69240,0.05,6924,-0.392,237,0.10060486942529678,0.001,17059
291,10.0,69280,0.05,6928,-0.4145,237,0.32675349712371826,0.001,17069
291,10.0,69320,0.05,6932,-0.43399999999999994,237,0.12740640342235565,0.001,17079
291,10.0,69360,0.05,6936,-0.4384999999999999,237,0.11061427742242813,0.001,17089
291,10.0,69400,0.05,6940,-0.3365000000000001,238,0.13620860874652863,0.001,17099
291,10.0,69440,0.05,6944,-0.2575,238,0.07698970288038254,0.001,17109
291,10.0,69480,0.05,6948,-0.1845,238,0.0914895236492157,0.001,17119
291,10.0,69520,0.05,6952,-0.09900000000000002,238,0.12986484169960022,0.001,17129
291,10.0,69560,0.05,6956,0.03450000000000001,238,0.0871664360165596,0.001,17139
291,10.0,69600,0.05,6960,-0.06199999999999997,238,0.15679243206977844,0.001,17149
291,10.0,69640,0.05,6964,-0.10499999999999997,239,0.23952928185462952,0.001,17159
291,10.0,69680,0.05,6968,-0.12249999999999997,239,0.12629029154777527,0.001,17169
291,10.0,69720,0.05,6972,-0.09449999999999996,239,0.08181416243314743,0.001,17179
291,10.0,69760,0.05,6976,-0.1425,239,0.12782076001167297,0.001,17189
291,10.0,69800,0.05,6980,-0.13299999999999998,239,0.11894693225622177,0.001,17199
291,10.0,69840,0.05,6984,-0.159,239,0.12992385029792786,0.001,17209
291,10.0,69880,0.05,6988,-0.10099999999999998,239,0.11242827773094177,0.001,17219
291,10.0,69920,0.05,6992,-0.13149999999999998,240,0.10028489679098129,0.001,17229
291,10.0,69960,0.05,6996,-0.18600000000000003,240,0.09425684809684753,0.001,17239
291,10.0,70000,0.05,7000,-0.10700000000000001,240,0.13224540650844574,0.001,17249
291,10.0,70040,0.05,7004,-0.23850000000000002,240,0.09236419945955276,0.001,17259
291,10.0,70080,0.05,7008,-0.254,240,0.2268129587173462,0.001,17269
291,10.0,70120,0.05,7012,-0.23399999999999999,240,0.10833120346069336,0.001,17279
291,10.0,70160,0.05,7016,-0.132,241,0.1400572955608368,0.001,17289
291,10.0,70200,0.05,7020,-0.242,241,0.2534087002277374,0.001,17299
291,10.0,70240,0.05,7024,-0.18300000000000005,241,0.11844837665557861,0.001,17309
290,10.0,70280,0.05,7028,-0.18650000000000008,241,0.11392389982938766,0.001,17319
290,10.0,70320,0.05,7032,-0.18450000000000005,241,0.09253934770822525,0.001,17329
290,10.0,70360,0.05,7036,-0.11950000000000002,241,0.08687180280685425,0.001,17339
290,10.0,70400,0.05,7040,-0.054500000000000076,241,0.09546097368001938,0.001,17349
291,10.0,70440,0.05,7044,-0.15500000000000008,242,0.5838291645050049,0.001,17359
291,10.0,70480,0.05,7048,-0.19700000000000004,242,0.08478158712387085,0.001,17369
291,10.0,70520,0.05,7052,-0.13450000000000004,242,0.16886721551418304,0.001,17379
291,10.0,70560,0.05,7056,-0.1120000000000001,242,0.11144381761550903,0.001,17389
291,10.0,70600,0.05,7060,-0.03500000000000006,242,0.09897571802139282,0.001,17399
291,10.0,70640,0.05,7064,-0.0070000000000000505,242,0.10561609268188477,0.001,17409
291,10.0,70680,0.05,7068,-0.024500000000000063,242,0.14234310388565063,0.001,17419
291,10.0,70720,0.05,7072,-0.14600000000000002,242,0.1885373592376709,0.001,17429
291,10.0,70760,0.05,7076,-0.11350000000000002,242,0.40341028571128845,0.001,17439
291,10.0,70800,0.05,7080,-0.10850000000000003,242,0.1792500913143158,0.001,17449
291,10.0,70840,0.05,7084,-0.19950000000000007,242,0.08731338381767273,0.001,17459
291,10.0,70880,0.05,7088,-0.30100000000000005,243,0.1600005179643631,0.001,17469
291,10.0,70920,0.05,7092,-0.3195,243,0.09458108246326447,0.001,17479
291,10.0,70960,0.05,7096,-0.4000000000000001,243,0.0831247866153717,0.001,17489
291,10.0,71000,0.05,7100,-0.32250000000000006,243,0.08672384172677994,0.001,17499
291,10.0,71040,0.05,7104,-0.21600000000000003,243,0.30426615476608276,0.001,17509
291,10.0,71080,0.05,7108,-0.24500000000000002,243,0.14692369103431702,0.001,17519
291,10.0,71120,0.05,7112,-0.17999999999999997,243,0.201898455619812,0.001,17529
291,10.0,71160,0.05,7116,-0.185,243,0.09368946403265,0.001,17539
291,10.0,71200,0.05,7120,-0.09700000000000002,243,0.07037690281867981,0.001,17549
291,10.0,71240,0.05,7124,-0.08899999999999998,243,0.08208613097667694,0.001,17559
292,10.0,71280,0.05,7128,-0.06499999999999999,244,0.47487589716911316,0.001,17569
292,10.0,71320,0.05,7132,-0.08149999999999999,244,0.11156749725341797,0.001,17579
292,10.0,71360,0.05,7136,-0.12399999999999999,244,0.1436970978975296,0.001,17589
292,10.0,71400,0.05,7140,-0.165,244,0.41630613803863525,0.001,17599
292,10.0,71440,0.05,7144,-0.09949999999999998,244,0.12650299072265625,0.001,17609
292,10.0,71480,0.05,7148,-0.09700000000000003,244,0.0792338103055954,0.001,17619
292,10.0,71520,0.05,7152,-0.09600000000000003,244,0.21172647178173065,0.001,17629
292,10.0,71560,0.05,7156,-0.12100000000000001,244,0.08194057643413544,0.001,17639
292,10.0,71600,0.05,7160,-0.1335,244,0.09526070952415466,0.001,17649
292,10.0,71640,0.05,7164,-0.14649999999999996,244,0.32731956243515015,0.001,17659
292,10.0,71680,0.05,7168,-0.1185,245,0.1036704033613205,0.001,17669
292,10.0,71720,0.05,7172,-0.14350000000000002,245,0.17307201027870178,0.001,17679
292,10.0,71760,0.05,7176,-0.059000000000000004,245,0.11242914199829102,0.001,17689
292,10.0,71800,0.05,7180,-0.07699999999999999,245,0.15796378254890442,0.001,17699
292,10.0,71840,0.05,7184,-0.003999999999999975,245,0.11502401530742645,0.001,17709
292,10.0,71880,0.05,7188,0.12300000000000004,245,0.15193316340446472,0.001,17719
292,10.0,71920,0.05,7192,0.13200000000000003,245,0.14188547432422638,0.001,17729
292,10.0,71960,0.05,7196,0.19800000000000004,245,0.11315934360027313,0.001,17739
292,10.0,72000,0.05,7200,0.138,245,0.09847057610750198,0.001,17749
292,10.0,72040,0.05,7204,0.16449999999999998,246,0.09873318672180176,0.001,17759
292,10.0,72080,0.05,7208,0.1905,246,0.10561704635620117,0.001,17769
292,10.0,72120,0.05,7212,0.2025,246,0.10572770982980728,0.001,17779
292,10.0,72160,0.05,7216,0.251,246,0.19965533912181854,0.001,17789
292,10.0,72200,0.05,7220,0.20800000000000002,246,0.3886588215827942,0.001,17799
292,10.0,72240,0.05,7224,0.11499999999999996,246,0.09572465717792511,0.001,17809
292,10.0,72280,0.05,7228,0.003999999999999972,246,0.17695823311805725,0.001,17819
292,10.0,72320,0.05,7232,0.010500000000000016,247,0.09543012082576752,0.001,17829
292,10.0,72360,0.05,7236,-0.025999999999999975,247,0.1548433005809784,0.001,17839
292,10.0,72400,0.05,7240,-0.04899999999999999,247,0.21838456392288208,0.001,17849
292,10.0,72440,0.05,7244,-0.07949999999999997,247,0.11556930094957352,0.001,17859
292,10.0,72480,0.05,7248,-0.1815,247,0.7161130905151367,0.001,17869
292,10.0,72520,0.05,7252,-0.30100000000000005,247,0.0994720458984375,0.001,17879
292,10.0,72560,0.05,7256,-0.3195000000000001,247,0.07001291960477829,0.001,17889
292,10.0,72600,0.05,7260,-0.517,247,0.09374697506427765,0.001,17899
292,10.0,72640,0.05,7264,-0.681,248,0.12537260353565216,0.001,17909
292,10.0,72680,0.05,7268,-0.6834999999999998,248,0.07703226059675217,0.001,17919
292,10.0,72720,0.05,7272,-0.6375,248,0.12630411982536316,0.001,17929
292,10.0,72760,0.05,7276,-0.7464999999999999,248,0.13279440999031067,0.001,17939
292,10.0,72800,0.05,7280,-0.7680000000000001,248,0.10108185559511185,0.001,17949
292,10.0,72840,0.05,7284,-0.8355,248,0.14495310187339783,0.001,17959
292,10.0,72880,0.05,7288,-0.9055,248,0.12175396829843521,0.001,17969
292,10.0,72920,0.05,7292,-0.879,249,0.16052551567554474,0.001,17979
292,10.0,72960,0.05,7296,-0.9079999999999999,249,0.09367793798446655,0.001,17989
292,10.0,73000,0.05,7300,-0.9279999999999999,249,0.2838774621486664,0.001,17999
292,10.0,73040,0.05,7304,-0.9890000000000001,249,0.1486542522907257,0.001,18009
292,10.0,73080,0.05,7308,-1.013,249,0.12281329184770584,0.001,18019
292,10.0,73120,0.05,7312,-1.134,249,0.2012511044740677,0.001,18029
292,10.0,73160,0.05,7316,-1.2055,249,0.10350591689348221,0.001,18039
292,10.0,73200,0.05,7320,-1.1704999999999999,250,0.07520797103643417,0.001,18049
292,10.0,73240,0.05,7324,-1.1655000000000002,250,0.22134634852409363,0.001,18059
292,10.0,73280,0.05,7328,-1.0635,250,0.17320138216018677,0.001,18069
292,10.0,73320,0.05,7332,-1.0905,250,0.3425959050655365,0.001,18079
292,10.0,73360,0.05,7336,-1.0279999999999998,250,0.5205857753753662,0.001,18089
292,10.0,73400,0.05,7340,-1.0135,250,0.14294244349002838,0.001,18099
292,10.0,73440,0.05,7344,-0.9585000000000001,250,0.06631158292293549,0.001,18109
292,10.0,73480,0.05,7348,-0.8910000000000002,250,0.09234462678432465,0.001,18119
292,10.0,73520,0.05,7352,-0.872,250,0.4611169397830963,0.001,18129
293,10.0,73560,0.05,7356,-0.8290000000000001,251,0.08000234514474869,0.001,18139
293,10.0,73600,0.05,7360,-0.6505,251,0.08817538619041443,0.001,18149
293,10.0,73640,0.05,7364,-0.532,251,0.18548163771629333,0.001,18159
293,10.0,73680,0.05,7368,-0.561,251,0.11708838492631912,0.001,18169
293,10.0,73720,0.05,7372,-0.568,251,0.1858920305967331,0.001,18179
293,10.0,73760,0.05,7376,-0.4635000000000001,251,0.49270328879356384,0.001,18189
293,10.0,73800,0.05,7380,-0.4375,251,0.3859943747520447,0.001,18199
293,10.0,73840,0.05,7384,-0.39699999999999996,251,0.16576194763183594,0.001,18209
293,10.0,73880,0.05,7388,-0.434,251,0.10234175622463226,0.001,18219
293,10.0,73920,0.05,7392,-0.4855000000000001,251,0.08722839504480362,0.001,18229
293,10.0,73960,0.05,7396,-0.4435,252,0.0768711119890213,0.001,18239
293,10.0,74000,0.05,7400,-0.501,252,0.21384988725185394,0.001,18249
293,10.0,74040,0.05,7404,-0.49149999999999994,252,0.11378546804189682,0.001,18259
293,10.0,74080,0.05,7408,-0.4594999999999999,252,0.1155882403254509,0.001,18269
293,10.0,74120,0.05,7412,-0.34199999999999997,252,0.1704430878162384,0.001,18279
293,10.0,74160,0.05,7416,-0.332,252,0.11989055573940277,0.001,18289
293,10.0,74200,0.05,7420,-0.43199999999999994,252,0.11126542836427689,0.001,18299
293,10.0,74240,0.05,7424,-0.39,252,0.09255996346473694,0.001,18309
293,10.0,74280,0.05,7428,-0.395,252,0.12082605808973312,0.001,18319
293,10.0,74320,0.05,7432,-0.4440000000000001,252,0.2434927374124527,0.001,18329
293,10.0,74360,0.05,7436,-0.5075,252,0.09740331768989563,0.001,18339
294,10.0,74400,0.05,7440,-0.536,253,0.14752097427845,0.001,18349
294,10.0,74440,0.05,7444,-0.5560000000000002,253,0.1199551373720169,0.001,18359
294,10.0,74480,0.05,7448,-0.501,253,0.08740268647670746,0.001,18369
294,10.0,74520,0.05,7452,-0.3875,253,0.2900422513484955,0.001,18379
294,10.0,74560,0.05,7456,-0.5045000000000001,253,0.09726189076900482,0.001,18389
294,10.0,74600,0.05,7460,-0.5275000000000001,253,0.20246344804763794,0.001,18399
294,10.0,74640,0.05,7464,-0.466,253,0.18518929183483124,0.001,18409
294,10.0,74680,0.05,7468,-0.409,253,0.24020440876483917,0.001,18419
294,10.0,74720,0.05,7472,-0.3195,254,0.1346813440322876,0.001,18429
294,10.0,74760,0.05,7476,-0.38249999999999984,254,0.12791773676872253,0.001,18439
294,10.0,74800,0.05,7480,-0.3839999999999999,254,0.20041468739509583,0.001,18449
294,10.0,74840,0.05,7484,-0.347,254,0.06320945918560028,0.001,18459
294,10.0,74880,0.05,7488,-0.27399999999999997,254,0.1280006766319275,0.001,18469
294,10.0,74920,0.05,7492,-0.2555,254,0.1072949543595314,0.001,18479
294,10.0,74960,0.05,7496,-0.27599999999999997,254,0.08004432916641235,0.001,18489
294,10.0,75000,0.05,7500,-0.21800000000000005,254,0.10746362060308456,0.001,18499
294,10.0,75040,0.05,7504,-0.22700000000000004,255,0.18482480943202972,0.001,18509
294,10.0,75080,0.05,7508,-0.24900000000000003,255,0.2157687246799469,0.001,18519
294,10.0,75120,0.05,7512,-0.31850000000000006,255,0.10814075171947479,0.001,18529
293,10.0,75160,0.05,7516,-0.293,255,0.20416581630706787,0.001,18539
293,10.0,75200,0.05,7520,-0.27899999999999997,255,0.08818468451499939,0.001,18549
293,10.0,75240,0.05,7524,-0.292,256,0.15095089375972748,0.001,18559
293,10.0,75280,0.05,7528,-0.33349999999999996,256,0.06230557709932327,0.001,18569
293,10.0,75320,0.05,7532,-0.199,256,0.08277763426303864,0.001,18579
293,10.0,75360,0.05,7536,-0.16750000000000004,256,0.1438130885362625,0.001,18589
293,10.0,75400,0.05,7540,-0.20450000000000002,256,0.08487258851528168,0.001,18599
293,10.0,75440,0.05,7544,-0.2375,256,0.11140873283147812,0.001,18609
293,10.0,75480,0.05,7548,-0.21600000000000003,256,0.12295353412628174,0.001,18619
293,10.0,75520,0.05,7552,-0.29200000000000004,257,0.6620491147041321,0.001,18629
293,10.0,75560,0.05,7556,-0.22550000000000003,257,0.08633004873991013,0.001,18639
293,10.0,75600,0.05,7560,-0.207,257,0.09655000269412994,0.001,18649
293,10.0,75640,0.05,7564,-0.28350000000000003,257,0.08090057224035263,0.001,18659
293,10.0,75680,0.05,7568,-0.24250000000000008,257,0.09228573739528656,0.001,18669
293,10.0,75720,0.05,7572,-0.3135000000000001,257,0.09587462246417999,0.001,18679
293,10.0,75760,0.05,7576,-0.3345000000000001,257,0.15094244480133057,0.001,18689
293,10.0,75800,0.05,7580,-0.3195,257,0.342568576335907,0.001,18699
294,10.0,75840,0.05,7584,-0.36750000000000005,257,0.1324860155582428,0.001,18709
294,10.0,75880,0.05,7588,-0.4945000000000001,257,0.09181173145771027,0.001,18719
294,10.0,75920,0.05,7592,-0.45599999999999996,258,0.1116475984454155,0.001,18729
294,10.0,75960,0.05,7596,-0.491,258,0.09102457761764526,0.001,18739
294,10.0,76000,0.05,7600,-0.5640000000000001,258,0.07057280093431473,0.001,18749
294,10.0,76040,0.05,7604,-0.6035,258,0.1773824244737625,0.001,18759
294,10.0,76080,0.05,7608,-0.5995000000000001,258,0.14346638321876526,0.001,18769
294,10.0,76120,0.05,7612,-0.561,258,0.0836290493607521,0.001,18779
294,10.0,76160,0.05,7616,-0.5984999999999999,258,0.10182587802410126,0.001,18789
294,10.0,76200,0.05,7620,-0.6865000000000001,258,0.10284635424613953,0.001,18799
294,10.0,76240,0.05,7624,-0.5980000000000001,258,0.32692474126815796,0.001,18809
294,10.0,76280,0.05,7628,-0.5655,258,0.11211651563644409,0.001,18819
294,10.0,76320,0.05,7632,-0.671,259,0.07294581085443497,0.001,18829
294,10.0,76360,0.05,7636,-0.6674999999999999,259,0.09220875799655914,0.001,18839
294,10.0,76400,0.05,7640,-0.6150000000000001,259,0.45820352435112,0.001,18849
294,10.0,76440,0.05,7644,-0.616,259,0.2075762301683426,0.001,18859
294,10.0,76480,0.05,7648,-0.624,259,0.2650044858455658,0.001,18869
294,10.0,76520,0.05,7652,-0.5869999999999999,259,0.12268275022506714,0.001,18879
294,10.0,76560,0.05,7656,-0.521,259,0.10004885494709015,0.001,18889
294,10.0,76600,0.05,7660,-0.5130000000000001,259,0.08239179849624634,0.001,18899
294,10.0,76640,0.05,7664,-0.504,259,0.19153495132923126,0.001,18909
295,10.0,76680,0.05,7668,-0.6225000000000002,259,0.08597269654273987,0.001,18919
295,10.0,76720,0.05,7672,-0.5569999999999999,259,0.07725757360458374,0.001,18929
295,10.0,76760,0.05,7676,-0.5135000000000001,260,0.10992549359798431,0.001,18939
295,10.0,76800,0.05,7680,-0.503,260,0.09655500948429108,0.001,18949
295,10.0,76840,0.05,7684,-0.39899999999999997,260,0.16757455468177795,0.001,18959
295,10.0,76880,0.05,7688,-0.23850000000000002,260,0.09340093284845352,0.001,18969
295,10.0,76920,0.05,7692,-0.2960000000000001,260,0.0996159166097641,0.001,18979
295,10.0,76960,0.05,7696,-0.2375,260,0.07758262753486633,0.001,18989
295,10.0,77000,0.05,7700,-0.14249999999999996,260,0.14305901527404785,0.001,18999
295,10.0,77040,0.05,7704,-0.13550000000000006,260,0.14954450726509094,0.001,19009
295,10.0,77080,0.05,7708,-0.12150000000000004,260,0.180364727973938,0.001,19019
295,10.0,77120,0.05,7712,-0.0805,260,0.11164289712905884,0.001,19029
295,10.0,77160,0.05,7716,-0.09500000000000001,261,0.08163762837648392,0.001,19039
295,10.0,77200,0.05,7720,0.09299999999999999,261,0.08256884664297104,0.001,19049
295,10.0,77240,0.05,7724,0.03400000000000002,261,0.2320254147052765,0.001,19059
295,10.0,77280,0.05,7728,0.029000000000000005,261,0.09135644137859344,0.001,19069
295,10.0,77320,0.05,7732,0.103,261,0.2902924418449402,0.001,19079
295,10.0,77360,0.05,7736,0.048500000000000015,261,0.10092947632074356,0.001,19089
295,10.0,77400,0.05,7740,0.026500000000000003,261,0.1415197253227234,0.001,19099
296,10.0,77440,0.05,7744,0.018999999999999996,261,0.3842834234237671,0.001,19109
296,10.0,77480,0.05,7748,-0.012500000000000018,261,0.09801361709833145,0.001,19119
296,10.0,77520,0.05,7752,-0.19400000000000006,261,0.09747438132762909,0.001,19129
296,10.0,77560,0.05,7756,-0.24150000000000005,261,0.07157408446073532,0.001,19139
296,10.0,77600,0.05,7760,-0.25750000000000006,262,0.20822229981422424,0.001,19149
296,10.0,77640,0.05,7764,-0.27349999999999997,262,0.0918005034327507,0.001,19159
296,10.0,77680,0.05,7768,-0.25649999999999995,262,0.053042516112327576,0.001,19169
296,10.0,77720,0.05,7772,-0.26249999999999996,262,0.23919150233268738,0.001,19179
296,10.0,77760,0.05,7776,-0.22349999999999995,262,0.06969942897558212,0.001,19189
296,10.0,77800,0.05,7780,-0.2535,262,0.1509508490562439,0.001,19199
296,10.0,77840,0.05,7784,-0.31149999999999994,262,0.11150827258825302,0.001,19209
296,10.0,77880,0.05,7788,-0.39449999999999996,262,0.0654161348938942,0.001,19219
296,10.0,77920,0.05,7792,-0.35800000000000004,262,0.5452970862388611,0.001,19229
296,10.0,77960,0.05,7796,-0.32799999999999996,262,0.05496043711900711,0.001,19239
296,10.0,78000,0.05,7800,-0.3134999999999999,262,0.10167311131954193,0.001,19249
296,10.0,78040,0.05,7804,-0.2075,263,0.11194396018981934,0.001,19259
296,10.0,78080,0.05,7808,-0.20800000000000005,263,0.06994890421628952,0.001,19269
296,10.0,78120,0.05,7812,-0.21050000000000008,263,0.2722187340259552,0.001,19279
296,10.0,78160,0.05,7816,-0.2585,263,0.08424724638462067,0.001,19289
296,10.0,78200,0.05,7820,-0.36450000000000005,263,0.12549594044685364,0.001,19299
296,10.0,78240,0.05,7824,-0.4745,263,0.08386743068695068,0.001,19309
297,10.0,78280,0.05,7828,-0.5529999999999999,263,0.10387511551380157,0.001,19319
297,10.0,78320,0.05,7832,-0.5875,263,0.15008853375911713,0.001,19329
297,10.0,78360,0.05,7836,-0.558,263,0.1262580156326294,0.001,19339
297,10.0,78400,0.05,7840,-0.6040000000000001,263,0.07507959008216858,0.001,19349
297,10.0,78440,0.05,7844,-0.6465000000000001,263,0.05852023884654045,0.001,19359
297,10.0,78480,0.05,7848,-0.6625,264,0.5240605473518372,0.001,19369
297,10.0,78520,0.05,7852,-0.44,264,0.13480216264724731,0.001,19379
297,10.0,78560,0.05,7856,-0.4054999999999999,264,0.10735569894313812,0.001,19389
297,10.0,78600,0.05,7860,-0.43599999999999994,264,0.08264423906803131,0.001,19399
297,10.0,78640,0.05,7864,-0.384,264,0.08999064564704895,0.001,19409
297,10.0,78680,0.05,7868,-0.34,264,0.08288344740867615,0.001,19419
297,10.0,78720,0.05,7872,-0.47050000000000003,264,0.08605438470840454,0.001,19429
297,10.0,78760,0.05,7876,-0.5249999999999999,264,0.24603687226772308,0.001,19439
297,10.0,78800,0.05,7880,-0.5755,264,0.22017085552215576,0.001,19449
297,10.0,78840,0.05,7884,-0.6024999999999998,264,0.06777777522802353,0.001,19459
297,10.0,78880,0.05,7888,-0.6084999999999999,264,0.07106072455644608,0.001,19469
297,10.0,78920,0.05,7892,-0.6664999999999998,264,0.08638256043195724,0.001,19479
297,10.0,78960,0.05,7896,-0.7129999999999999,265,0.08894411474466324,0.001,19489
297,10.0,79000,0.05,7900,-0.731,265,0.4042567312717438,0.001,19499
297,10.0,79040,0.05,7904,-0.7619999999999999,265,0.2339223325252533,0.001,19509
298,10.0,79080,0.05,7908,-0.7214999999999998,265,0.1049378365278244,0.001,19519
298,10.0,79120,0.05,7912,-0.7275,265,0.20118767023086548,0.001,19529
298,10.0,79160,0.05,7916,-0.6355,265,0.07175419479608536,0.001,19539
298,10.0,79200,0.05,7920,-0.5644999999999999,265,0.10738357156515121,0.001,19549
298,10.0,79240,0.05,7924,-0.5575000000000001,265,0.11314453184604645,0.001,19559
298,10.0,79280,0.05,7928,-0.545,265,0.2869775593280792,0.001,19569
298,10.0,79320,0.05,7932,-0.5495,265,0.07253721356391907,0.001,19579
298,10.0,79360,0.05,7936,-0.49050000000000005,265,0.10783921182155609,0.001,19589
298,10.0,79400,0.05,7940,-0.4370000000000001,266,0.054671429097652435,0.001,19599
298,10.0,79440,0.05,7944,-0.4159999999999999,266,0.18770477175712585,0.001,19609
298,10.0,79480,0.05,7948,-0.37949999999999995,266,0.13163995742797852,0.001,19619
298,10.0,79520,0.05,7952,-0.41050000000000003,266,0.09735453128814697,0.001,19629
298,10.0,79560,0.05,7956,-0.508,266,0.1600964218378067,0.001,19639
298,10.0,79600,0.05,7960,-0.445,266,0.10869234055280685,0.001,19649
298,10.0,79640,0.05,7964,-0.44099999999999995,266,0.14272712171077728,0.001,19659
298,10.0,79680,0.05,7968,-0.4819999999999999,266,0.07236580550670624,0.001,19669
298,10.0,79720,0.05,7972,-0.41050000000000003,266,0.10017873346805573,0.001,19679
298,10.0,79760,0.05,7976,-0.424,266,0.08526503294706345,0.001,19689
298,10.0,79800,0.05,7980,-0.38800000000000007,266,0.08656343817710876,0.001,19699
298,10.0,79840,0.05,7984,-0.38150000000000006,267,0.16578291356563568,0.001,19709
299,10.0,79880,0.05,7988,-0.359,267,0.0953129231929779,0.001,19719
299,10.0,79920,0.05,7992,-0.263,267,0.08101040869951248,0.001,19729
299,10.0,79960,0.05,7996,-0.327,267,0.6142257452011108,0.001,19739
299,10.0,80000,0.05,8000,-0.35700000000000004,267,0.12144146859645844,0.001,19749
299,10.0,80040,0.05,8004,-0.34650000000000003,267,0.09021731466054916,0.001,19759
299,10.0,80080,0.05,8008,-0.414,267,0.0734129548072815,0.001,19769
299,10.0,80120,0.05,8012,-0.39149999999999996,267,0.09502405673265457,0.001,19779
299,10.0,80160,0.05,8016,-0.442,267,0.20738287270069122,0.001,19789
299,10.0,80200,0.05,8020,-0.412,267,0.36755433678627014,0.001,19799
299,10.0,80240,0.05,8024,-0.35349999999999987,267,0.2412683069705963,0.001,19809
299,10.0,80280,0.05,8028,-0.31549999999999995,268,0.16067823767662048,0.001,19819
299,10.0,80320,0.05,8032,-0.271,268,0.08082255721092224,0.001,19829
299,10.0,80360,0.05,8036,-0.4415,268,0.07912206649780273,0.001,19839
299,10.0,80400,0.05,8040,-0.42800000000000005,268,0.08161164075136185,0.001,19849
299,10.0,80440,0.05,8044,-0.401,268,0.24942728877067566,0.001,19859
299,10.0,80480,0.05,8048,-0.34800000000000003,268,0.12409044802188873,0.001,19869
299,10.0,80520,0.05,8052,-0.3045,268,0.1459389328956604,0.001,19879
299,10.0,80560,0.05,8056,-0.18500000000000003,268,0.8700969815254211,0.001,19889
299,10.0,80600,0.05,8060,-0.23900000000000002,268,0.1310465931892395,0.001,19899
300,10.0,80640,0.05,8064,-0.22000000000000003,268,0.09588679671287537,0.001,19909
300,10.0,80680,0.05,8068,-0.16350000000000006,268,0.15460088849067688,0.001,19919
300,10.0,80720,0.05,8072,-0.1505,268,0.13002976775169373,0.001,19929
300,10.0,80760,0.05,8076,-0.22450000000000006,269,0.09602176398038864,0.001,19939
300,10.0,80800,0.05,8080,-0.34850000000000003,269,0.07890238612890244,0.001,19949
300,10.0,80840,0.05,8084,-0.3370000000000001,269,0.1057044267654419,0.001,19959
300,10.0,80880,0.05,8088,-0.3085,269,0.12122088670730591,0.001,19969
300,10.0,80920,0.05,8092,-0.2865000000000001,269,0.13980495929718018,0.001,19979
300,10.0,80960,0.05,8096,-0.17000000000000004,269,0.14305177330970764,0.001,19989
300,10.0,81000,0.05,8100,-0.1065,269,0.3904906213283539,0.001,19999
300,10.0,81040,0.05,8104,-0.14799999999999996,270,0.2754778265953064,0.001,20009
300,10.0,81080,0.05,8108,-0.08649999999999998,270,0.06184475123882294,0.001,20019
300,10.0,81120,0.05,8112,-0.1485,270,0.10042987763881683,0.001,20029
300,10.0,81160,0.05,8116,-0.13349999999999998,270,0.2864883244037628,0.001,20039
300,10.0,81200,0.05,8120,-0.168,270,0.07241033762693405,0.001,20049
300,10.0,81240,0.05,8124,-0.161,270,0.37450963258743286,0.001,20059
300,10.0,81280,0.05,8128,-0.188,270,0.08080001920461655,0.001,20069
300,10.0,81320,0.05,8132,-0.13699999999999998,270,0.18140287697315216,0.001,20079
300,10.0,81360,0.05,8136,-0.04450000000000002,271,0.0805678442120552,0.001,20089
300,10.0,81400,0.05,8140,-0.04750000000000001,271,0.3413008749485016,0.001,20099
300,10.0,81440,0.05,8144,-0.016499999999999994,271,0.10501239448785782,0.001,20109
300,10.0,81480,0.05,8148,0.0025000000000000135,271,0.2245386838912964,0.001,20119
299,10.0,81520,0.05,8152,-0.08999999999999997,271,0.1552264392375946,0.001,20129
299,10.0,81560,0.05,8156,-0.08049999999999997,271,0.11248649656772614,0.001,20139
299,10.0,81600,0.05,8160,-0.08999999999999997,272,0.575348436832428,0.001,20149
299,10.0,81640,0.05,8164,-0.20950000000000008,272,0.1099804937839508,0.001,20159
299,10.0,81680,0.05,8168,-0.22000000000000003,272,0.08898778259754181,0.001,20169
299,10.0,81720,0.05,8172,-0.25,272,0.1293146312236786,0.001,20179
299,10.0,81760,0.05,8176,-0.147,272,0.11522601544857025,0.001,20189
299,10.0,81800,0.05,8180,-0.0009999999999999395,272,0.10415902733802795,0.001,20199
299,10.0,81840,0.05,8184,0.07300000000000006,273,0.1141064241528511,0.001,20209
299,10.0,81880,0.05,8188,0.056500000000000036,273,0.13176769018173218,0.001,20219
299,10.0,81920,0.05,8192,0.056500000000000036,273,0.09408026188611984,0.001,20229
299,10.0,81960,0.05,8196,0.05350000000000001,273,0.15176919102668762,0.001,20239
299,10.0,82000,0.05,8200,0.08050000000000003,273,0.08859141170978546,0.001,20249
299,10.0,82040,0.05,8204,0.011000000000000027,273,0.06212947517633438,0.001,20259
299,10.0,82080,0.05,8208,0.003999999999999995,273,0.5026641488075256,0.001,20269
299,10.0,82120,0.05,8212,0.020499999999999935,273,0.10860384255647659,0.001,20279
299,10.0,82160,0.05,8216,-0.06500000000000003,274,0.19025874137878418,0.001,20289
299,10.0,82200,0.05,8220,-0.05050000000000003,274,0.13457193970680237,0.001,20299
299,10.0,82240,0.05,8224,-0.0915,274,0.4194478690624237,0.001,20309
299,10.0,82280,0.05,8228,0.01850000000000007,274,0.11734532564878464,0.001,20319
299,10.0,82320,0.05,8232,-0.10649999999999993,274,0.12941031157970428,0.001,20329
300,10.0,82360,0.05,8236,-0.09000000000000005,274,0.2559942603111267,0.001,20339
300,10.0,82400,0.05,8240,-0.08350000000000005,274,0.09285663813352585,0.001,20349
300,10.0,82440,0.05,8244,-0.14649999999999996,274,0.14811022579669952,0.001,20359
300,10.0,82480,0.05,8248,-0.21349999999999997,274,0.12054070830345154,0.001,20369
300,10.0,82520,0.05,8252,-0.16049999999999998,274,0.08583778142929077,0.001,20379
300,10.0,82560,0.05,8256,-0.19649999999999998,275,0.09526321291923523,0.001,20389
300,10.0,82600,0.05,8260,-0.13350000000000004,275,0.08394438773393631,0.001,20399
300,10.0,82640,0.05,8264,-0.12750000000000003,275,0.11822840571403503,0.001,20409
300,10.0,82680,0.05,8268,-0.158,275,0.1113777831196785,0.001,20419
300,10.0,82720,0.05,8272,-0.132,275,0.08881854265928268,0.001,20429
300,10.0,82760,0.05,8276,-0.1805,275,0.09035678952932358,0.001,20439
300,10.0,82800,0.05,8280,-0.22400000000000003,275,0.10261064767837524,0.001,20449
300,10.0,82840,0.05,8284,-0.305,275,0.10994640737771988,0.001,20459
300,10.0,82880,0.05,8288,-0.3295,275,0.11565594375133514,0.001,20469
300,10.0,82920,0.05,8292,-0.3705,275,0.15161006152629852,0.001,20479
300,10.0,82960,0.05,8296,-0.3445,275,0.13637951016426086,0.001,20489
300,10.0,83000,0.05,8300,-0.36749999999999994,275,0.09808548539876938,0.001,20499
300,10.0,83040,0.05,8304,-0.32099999999999995,276,0.14963284134864807,0.001,20509
300,10.0,83080,0.05,8308,-0.31399999999999995,276,0.1633320450782776,0.001,20519
300,10.0,83120,0.05,8312,-0.24649999999999994,276,0.2480090856552124,0.001,20529
300,10.0,83160,0.05,8316,-0.18350000000000002,276,0.11424579471349716,0.001,20539
300,10.0,83200,0.05,8320,-0.191,276,0.12042087316513062,0.001,20549
301,10.0,83240,0.05,8324,-0.10150000000000002,276,0.2547144293785095,0.001,20559
301,10.0,83280,0.05,8328,-0.24349999999999994,276,0.11344903707504272,0.001,20569
301,10.0,83320,0.05,8332,-0.191,276,0.1146635115146637,0.001,20579
301,10.0,83360,0.05,8336,-0.19750000000000006,276,0.09663047641515732,0.001,20589
301,10.0,83400,0.05,8340,-0.2195,276,0.13715799152851105,0.001,20599
301,10.0,83440,0.05,8344,-0.2245,276,0.08601583540439606,0.001,20609
301,10.0,83480,0.05,8348,-0.31150000000000005,277,0.10835783183574677,0.001,20619
301,10.0,83520,0.05,8352,-0.3885,277,0.11501042544841766,0.001,20629
301,10.0,83560,0.05,8356,-0.518,277,0.11174643039703369,0.001,20639
301,10.0,83600,0.05,8360,-0.6404999999999998,277,0.0893666222691536,0.001,20649
301,10.0,83640,0.05,8364,-0.5995,277,0.15116724371910095,0.001,20659
301,10.0,83680,0.05,8368,-0.669,277,0.06863440573215485,0.001,20669
301,10.0,83720,0.05,8372,-0.785,277,0.152557373046875,0.001,20679
301,10.0,83760,0.05,8376,-0.7765,277,0.11608625948429108,0.001,20689
301,10.0,83800,0.05,8380,-0.716,277,0.07078301906585693,0.001,20699
301,10.0,83840,0.05,8384,-0.8019999999999999,277,0.2599247694015503,0.001,20709
301,10.0,83880,0.05,8388,-0.763,277,0.08496993780136108,0.001,20719
301,10.0,83920,0.05,8392,-0.7529999999999998,278,0.07269731163978577,0.001,20729
301,10.0,83960,0.05,8396,-0.8094999999999999,278,0.07594875246286392,0.001,20739
301,10.0,84000,0.05,8400,-0.8225,278,0.11678667366504669,0.001,20749
301,10.0,84040,0.05,8404,-0.863,278,0.13768236339092255,0.001,20759
301,10.0,84080,0.05,8408,-0.9205000000000001,278,0.10574649274349213,0.001,20769
302,10.0,84120,0.05,8412,-0.9605,278,0.08273488283157349,0.001,20779
302,10.0,84160,0.05,8416,-0.8889999999999999,278,0.12158824503421783,0.001,20789
302,10.0,84200,0.05,8420,-0.8734999999999999,278,0.1725045144557953,0.001,20799
302,10.0,84240,0.05,8424,-0.8985,278,0.11311471462249756,0.001,20809
302,10.0,84280,0.05,8428,-0.7475,278,0.11344823986291885,0.001,20819
302,10.0,84320,0.05,8432,-0.799,278,0.06987354904413223,0.001,20829
302,10.0,84360,0.05,8436,-0.8665,279,0.13745810091495514,0.001,20839
302,10.0,84400,0.05,8440,-0.8510000000000002,279,0.10075590014457703,0.001,20849
302,10.0,84440,0.05,8444,-0.7574999999999998,279,0.1495848000049591,0.001,20859
302,10.0,84480,0.05,8448,-0.7265,279,0.2053455412387848,0.001,20869
302,10.0,84520,0.05,8452,-0.6435,279,0.09028419107198715,0.001,20879
302,10.0,84560,0.05,8456,-0.5324999999999999,279,0.30512693524360657,0.001,20889
302,10.0,84600,0.05,8460,-0.48699999999999993,279,0.1077699288725853,0.001,20899
302,10.0,84640,0.05,8464,-0.4535,279,0.09436611831188202,0.001,20909
302,10.0,84680,0.05,8468,-0.4515,279,0.08758985251188278,0.001,20919
302,10.0,84720,0.05,8472,-0.2975,279,0.08392393589019775,0.001,20929
302,10.0,84760,0.05,8476,-0.28400000000000003,279,0.2818455696105957,0.001,20939
302,10.0,84800,0.05,8480,-0.3015,280,0.10801828652620316,0.001,20949
302,10.0,84840,0.05,8484,-0.2065,280,0.10585145652294159,0.001,20959
302,10.0,84880,0.05,8488,-0.25250000000000006,280,0.09278073906898499,0.001,20969
302,10.0,84920,0.05,8492,-0.2815,280,0.24204283952713013,0.001,20979
302,10.0,84960,0.05,8496,-0.37849999999999995,280,0.08693817257881165,0.001,20989
303,10.0,85000,0.05,8500,-0.27449999999999997,280,0.07913864403963089,0.001,20999
303,10.0,85040,0.05,8504,-0.15450000000000003,280,0.06601588428020477,0.001,21009
303,10.0,85080,0.05,8508,-0.20250000000000004,280,0.18537181615829468,0.001,21019
303,10.0,85120,0.05,8512,-0.26300000000000007,280,0.08103121817111969,0.001,21029
303,10.0,85160,0.05,8516,-0.2545,280,0.13106057047843933,0.001,21039
303,10.0,85200,0.05,8520,-0.218,280,0.07861414551734924,0.001,21049
303,10.0,85240,0.05,8524,-0.21500000000000008,281,0.09883558005094528,0.001,21059
303,10.0,85280,0.05,8528,-0.33799999999999997,281,0.20810268819332123,0.001,21069
303,10.0,85320,0.05,8532,-0.3505,281,0.17889602482318878,0.001,21079
303,10.0,85360,0.05,8536,-0.2955,281,0.2643786668777466,0.001,21089
303,10.0,85400,0.05,8540,-0.39349999999999996,281,0.10056619346141815,0.001,21099
303,10.0,85440,0.05,8544,-0.44449999999999995,281,0.09446485340595245,0.001,21109
303,10.0,85480,0.05,8548,-0.44299999999999995,281,0.23875947296619415,0.001,21119
303,10.0,85520,0.05,8552,-0.5354999999999999,281,0.11341644078493118,0.001,21129
303,10.0,85560,0.05,8556,-0.5269999999999999,281,0.07562825083732605,0.001,21139
303,10.0,85600,0.05,8560,-0.49949999999999994,281,0.10164716094732285,0.001,21149
303,10.0,85640,0.05,8564,-0.43,281,0.12487787753343582,0.001,21159
303,10.0,85680,0.05,8568,-0.264,282,0.3143422603607178,0.001,21169
303,10.0,85720,0.05,8572,-0.2335,282,0.09500733017921448,0.001,21179
303,10.0,85760,0.05,8576,-0.24550000000000005,282,0.11077594757080078,0.001,21189
303,10.0,85800,0.05,8580,-0.28250000000000003,282,0.5660476684570312,0.001,21199
303,10.0,85840,0.05,8584,-0.3235,282,0.09434311836957932,0.001,21209
303,10.0,85880,0.05,8588,-0.27449999999999997,282,0.10743112862110138,0.001,21219
303,10.0,85920,0.05,8592,-0.24750000000000003,282,0.07064229249954224,0.001,21229
304,10.0,85960,0.05,8596,-0.1905,282,0.1895448863506317,0.001,21239
304,10.0,86000,0.05,8600,-0.33049999999999996,282,0.24391402304172516,0.001,21249
304,10.0,86040,0.05,8604,-0.382,282,0.1050746813416481,0.001,21259
304,10.0,86080,0.05,8608,-0.29800000000000004,283,0.07975725829601288,0.001,21269
304,10.0,86120,0.05,8612,-0.23500000000000004,283,0.13282690942287445,0.001,21279
304,10.0,86160,0.05,8616,-0.31000000000000005,283,0.10132589936256409,0.001,21289
304,10.0,86200,0.05,8620,-0.3060000000000001,283,0.09716446697711945,0.001,21299
304,10.0,86240,0.05,8624,-0.261,283,0.10291096568107605,0.001,21309
304,10.0,86280,0.05,8628,-0.17800000000000005,283,0.0965222418308258,0.001,21319
304,10.0,86320,0.05,8632,-0.06850000000000006,283,0.1176881492137909,0.001,21329
304,10.0,86360,0.05,8636,-0.036000000000000074,283,0.08676473051309586,0.001,21339
304,10.0,86400,0.05,8640,0.10849999999999996,283,0.14481928944587708,0.001,21349
304,10.0,86440,0.05,8644,0.08349999999999998,283,0.07699910551309586,0.001,21359
304,10.0,86480,0.05,8648,0.20749999999999996,283,0.15294545888900757,0.001,21369
304,10.0,86520,0.05,8652,0.344,284,0.12671788036823273,0.001,21379
304,10.0,86560,0.05,8656,0.278,284,0.07957927137613297,0.001,21389
304,10.0,86600,0.05,8660,0.20800000000000002,284,0.10918653011322021,0.001,21399
304,10.0,86640,0.05,8664,0.049,284,0.08452402800321579,0.001,21409
304,10.0,86680,0.05,8668,-0.0055000000000000404,284,0.06286003440618515,0.001,21419
304,10.0,86720,0.05,8672,-0.09200000000000007,284,0.10225902497768402,0.001,21429
304,10.0,86760,0.05,8676,-0.20299999999999996,284,0.08616288751363754,0.001,21439
304,10.0,86800,0.05,8680,-0.1885,284,0.38276219367980957,0.001,21449
304,10.0,86840,0.05,8684,-0.1935,284,0.1048186793923378,0.001,21459
304,10.0,86880,0.05,8688,-0.21149999999999994,284,0.06584864854812622,0.001,21469
305,10.0,86920,0.05,8692,-0.28200000000000003,284,0.14507752656936646,0.001,21479
305,10.0,86960,0.05,8696,-0.2725,285,0.12958824634552002,0.001,21489
305,10.0,87000,0.05,8700,-0.34149999999999997,285,0.07584910094738007,0.001,21499
305,10.0,87040,0.05,8704,-0.309,285,0.1810484677553177,0.001,21509
305,10.0,87080,0.05,8708,-0.36650000000000005,285,0.09240365028381348,0.001,21519
305,10.0,87120,0.05,8712,-0.31050000000000005,285,0.09752554446458817,0.001,21529
305,10.0,87160,0.05,8716,-0.3025,285,0.0918148085474968,0.001,21539
305,10.0,87200,0.05,8720,-0.3185,285,0.1291896402835846,0.001,21549
305,10.0,87240,0.05,8724,-0.3329999999999999,285,0.2543644309043884,0.001,21559
305,10.0,87280,0.05,8728,-0.38999999999999985,286,0.07833044975996017,0.001,21569
305,10.0,87320,0.05,8732,-0.442,286,0.19784533977508545,0.001,21579
305,10.0,87360,0.05,8736,-0.4059999999999999,286,0.07735318690538406,0.001,21589
305,10.0,87400,0.05,8740,-0.486,286,0.21296380460262299,0.001,21599
305,10.0,87440,0.05,8744,-0.611,286,0.11303295195102692,0.001,21609
305,10.0,87480,0.05,8748,-0.6585000000000001,286,0.07517357915639877,0.001,21619
305,10.0,87520,0.05,8752,-0.7759999999999999,286,0.09205500036478043,0.001,21629
305,10.0,87560,0.05,8756,-0.7865000000000001,286,0.1042412519454956,0.001,21639
305,10.0,87600,0.05,8760,-0.7639999999999998,287,0.07374660670757294,0.001,21649
305,10.0,87640,0.05,8764,-0.6790000000000002,287,0.08369624614715576,0.001,21659
304,10.0,87680,0.05,8768,-0.6890000000000001,287,0.12356290966272354,0.001,21669
304,10.0,87720,0.05,8772,-0.6119999999999998,287,0.10828961431980133,0.001,21679
304,10.0,87760,0.05,8776,-0.506,287,0.1821395456790924,0.001,21689
304,10.0,87800,0.05,8780,-0.519,288,0.12119278311729431,0.001,21699
304,10.0,87840,0.05,8784,-0.514,288,0.10865267366170883,0.001,21709
304,10.0,87880,0.05,8788,-0.46549999999999997,288,0.1853945553302765,0.001,21719
304,10.0,87920,0.05,8792,-0.44,288,0.18964985013008118,0.001,21729
304,10.0,87960,0.05,8796,-0.37500000000000006,288,0.15378886461257935,0.001,21739
304,10.0,88000,0.05,8800,-0.25650000000000006,288,0.25026383996009827,0.001,21749
304,10.0,88040,0.05,8804,-0.2145,288,0.07026930153369904,0.001,21759
304,10.0,88080,0.05,8808,-0.17550000000000002,289,0.11809451878070831,0.001,21769
304,10.0,88120,0.05,8812,-0.19349999999999998,289,0.16900207102298737,0.001,21779
304,10.0,88160,0.05,8816,-0.12349999999999996,289,0.10822140425443649,0.001,21789
304,10.0,88200,0.05,8820,-0.14999999999999997,289,0.5400787591934204,0.001,21799
304,10.0,88240,0.05,8824,-0.1295,289,0.257534921169281,0.001,21809
304,10.0,88280,0.05,8828,-0.09000000000000004,289,0.1242418959736824,0.001,21819
304,10.0,88320,0.05,8832,0.018999999999999982,289,0.19698643684387207,0.001,21829
304,10.0,88360,0.05,8836,-0.02649999999999998,289,0.09921199828386307,0.001,21839
304,10.0,88400,0.05,8840,-0.07649999999999997,290,0.203340083360672,0.001,21849
304,10.0,88440,0.05,8844,0.08299999999999998,290,0.07633412629365921,0.001,21859
304,10.0,88480,0.05,8848,-0.009500000000000041,290,0.12058371305465698,0.001,21869
304,10.0,88520,0.05,8852,0.034499999999999954,290,0.0565948486328125,0.001,21879
304,10.0,88560,0.05,8856,0.12799999999999997,290,0.11067341268062592,0.001,21889
304,10.0,88600,0.05,8860,0.179,290,0.11823474615812302,0.001,21899
305,10.0,88640,0.05,8864,0.14299999999999996,290,0.2568041682243347,0.001,21909
305,10.0,88680,0.05,8868,0.07449999999999993,290,0.10449570417404175,0.001,21919
305,10.0,88720,0.05,8872,-0.02849999999999997,290,0.1161714419722557,0.001,21929
305,10.0,88760,0.05,8876,-0.046999999999999986,290,0.09968893975019455,0.001,21939
305,10.0,88800,0.05,8880,-0.11299999999999999,290,0.10304641723632812,0.001,21949
305,10.0,88840,0.05,8884,-0.11849999999999994,291,0.09151458740234375,0.001,21959
305,10.0,88880,0.05,8888,-0.23049999999999987,291,0.12052398175001144,0.001,21969
305,10.0,88920,0.05,8892,-0.30799999999999994,291,0.3570486605167389,0.001,21979
305,10.0,88960,0.05,8896,-0.47700000000000004,291,0.13072866201400757,0.001,21989
305,10.0,89000,0.05,8900,-0.6534999999999997,291,0.1131560355424881,0.001,21999
305,10.0,89040,0.05,8904,-0.6559999999999999,291,0.08775626868009567,0.001,22009
305,10.0,89080,0.05,8908,-0.791,291,0.09365113824605942,0.001,22019
305,10.0,89120,0.05,8912,-0.8805,291,0.09498757123947144,0.001,22029
305,10.0,89160,0.05,8916,-0.9065000000000001,291,0.06055904179811478,0.001,22039
305,10.0,89200,0.05,8920,-1.0114999999999998,292,0.07841232419013977,0.001,22049
305,10.0,89240,0.05,8924,-1.038,292,0.5580795407295227,0.001,22059
305,10.0,89280,0.05,8928,-1.0765000000000002,292,0.13568511605262756,0.001,22069
305,10.0,89320,0.05,8932,-1.205,292,0.09086020290851593,0.001,22079
305,10.0,89360,0.05,8936,-1.2255,292,0.09031227976083755,0.001,22089
305,10.0,89400,0.05,8940,-1.1345000000000003,292,0.09843769669532776,0.001,22099
305,10.0,89440,0.05,8944,-1.0775000000000001,292,0.26092031598091125,0.001,22109
305,10.0,89480,0.05,8948,-0.9725,292,0.0710623562335968,0.001,22119
305,10.0,89520,0.05,8952,-0.9485000000000002,292,0.13381783664226532,0.001,22129
305,10.0,89560,0.05,8956,-1.0110000000000001,292,0.06926561146974564,0.001,22139
305,10.0,89600,0.05,8960,-0.9985,293,0.06978721916675568,0.001,22149
305,10.0,89640,0.05,8964,-0.9585000000000001,293,0.12736646831035614,0.001,22159
305,10.0,89680,0.05,8968,-0.8585,293,0.2539782226085663,0.001,22169
305,10.0,89720,0.05,8972,-0.7775000000000002,293,0.11343014985322952,0.001,22179
305,10.0,89760,0.05,8976,-0.731,293,0.09358934313058853,0.001,22189
305,10.0,89800,0.05,8980,-0.6349999999999999,293,0.11747889220714569,0.001,22199
305,10.0,89840,0.05,8984,-0.639,293,0.09291207790374756,0.001,22209
305,10.0,89880,0.05,8988,-0.5825,293,0.22341634333133698,0.001,22219
305,10.0,89920,0.05,8992,-0.4750000000000001,293,0.07599864155054092,0.001,22229
305,10.0,89960,0.05,8996,-0.3200000000000001,294,0.15794618427753448,0.001,22239
305,10.0,90000,0.05,9000,-0.19600000000000006,294,0.2460334599018097,0.001,22249
306,10.0,90040,0.05,9004,-0.26,294,0.06753142178058624,0.001,22259
306,10.0,90080,0.05,9008,-0.10299999999999997,294,0.09560982882976532,0.001,22269
306,10.0,90120,0.05,9012,0.007500000000000004,294,0.23774735629558563,0.001,22279
306,10.0,90160,0.05,9016,-0.004999999999999989,294,0.1665545105934143,0.001,22289
306,10.0,90200,0.05,9020,0.11200000000000002,294,0.31136268377304077,0.001,22299
306,10.0,90240,0.05,9024,0.036999999999999984,294,0.07859966903924942,0.001,22309
306,10.0,90280,0.05,9028,0.12249999999999997,294,0.06578695774078369,0.001,22319
306,10.0,90320,0.05,9032,0.21249999999999997,294,0.04745417833328247,0.001,22329
306,10.0,90360,0.05,9036,0.17200000000000004,295,0.1236758753657341,0.001,22339
306,10.0,90400,0.05,9040,0.16150000000000003,295,0.08173437416553497,0.001,22349
306,10.0,90440,0.05,9044,0.11550000000000002,295,0.14827421307563782,0.001,22359
306,10.0,90480,0.05,9048,0.11150000000000006,295,0.18007171154022217,0.001,22369
306,10.0,90520,0.05,9052,0.11650000000000003,295,0.09898398816585541,0.001,22379
306,10.0,90560,0.05,9056,0.11850000000000001,295,0.13066303730010986,0.001,22389
306,10.0,90600,0.05,9060,0.158,295,0.1102646216750145,0.001,22399
306,10.0,90640,0.05,9064,0.040999999999999995,295,0.16964221000671387,0.001,22409
306,10.0,90680,0.05,9068,-0.02699999999999994,295,0.10695236176252365,0.001,22419
306,10.0,90720,0.05,9072,-0.08649999999999994,295,0.08043601363897324,0.001,22429
306,10.0,90760,0.05,9076,-0.14049999999999999,296,0.15985338389873505,0.001,22439
306,10.0,90800,0.05,9080,-0.12649999999999997,296,0.07156287133693695,0.001,22449
306,10.0,90840,0.05,9084,-0.06099999999999995,296,0.08542714267969131,0.001,22459
306,10.0,90880,0.05,9088,-0.10350000000000001,296,0.090566486120224,0.001,22469
306,10.0,90920,0.05,9092,-0.10800000000000001,296,0.0947820171713829,0.001,22479
306,10.0,90960,0.05,9096,-0.17099999999999993,296,0.1162407249212265,0.001,22489
306,10.0,91000,0.05,9100,-0.14599999999999996,296,0.10104144364595413,0.001,22499
306,10.0,91040,0.05,9104,-0.16999999999999996,296,0.06535654515028,0.001,22509
306,10.0,91080,0.05,9108,-0.17099999999999999,296,0.2550148367881775,0.001,22519
306,10.0,91120,0.05,9112,-0.319,296,0.1668042540550232,0.001,22529
306,10.0,91160,0.05,9116,-0.26549999999999996,297,0.07118655741214752,0.001,22539
306,10.0,91200,0.05,9120,-0.28049999999999997,297,0.12481154501438141,0.001,22549
306,10.0,91240,0.05,9124,-0.2765,297,0.38439857959747314,0.001,22559
306,10.0,91280,0.05,9128,-0.3474999999999999,297,0.17864616215229034,0.001,22569
307,10.0,91320,0.05,9132,-0.3975,297,0.1371794193983078,0.001,22579
307,10.0,91360,0.05,9136,-0.32100000000000006,297,0.12982018291950226,0.001,22589
307,10.0,91400,0.05,9140,-0.3095,297,0.28126975893974304,0.001,22599
307,10.0,91440,0.05,9144,-0.281,297,0.10086466372013092,0.001,22609
307,10.0,91480,0.05,9148,-0.31250000000000006,297,0.09820714592933655,0.001,22619
307,10.0,91520,0.05,9152,-0.325,297,0.06907437741756439,0.001,22629
307,10.0,91560,0.05,9156,-0.30800000000000005,298,0.27305522561073303,0.001,22639
307,10.0,91600,0.05,9160,-0.4225000000000001,298,0.1314423382282257,0.001,22649
307,10.0,91640,0.05,9164,-0.354,298,0.07970404624938965,0.001,22659
307,10.0,91680,0.05,9168,-0.34299999999999997,298,0.10721857100725174,0.001,22669
307,10.0,91720,0.05,9172,-0.332,298,0.09244485199451447,0.001,22679
307,10.0,91760,0.05,9176,-0.315,298,0.0924614667892456,0.001,22689
307,10.0,91800,0.05,9180,-0.343,298,0.13020995259284973,0.001,22699
307,10.0,91840,0.05,9184,-0.35650000000000004,298,0.0849505141377449,0.001,22709
307,10.0,91880,0.05,9188,-0.2465,298,0.08187238872051239,0.001,22719
307,10.0,91920,0.05,9192,-0.17199999999999996,298,0.11385646462440491,0.001,22729
307,10.0,91960,0.05,9196,-0.09850000000000002,299,0.1444069743156433,0.001,22739
307,10.0,92000,0.05,9200,-0.09500000000000001,299,0.09281450510025024,0.001,22749
307,10.0,92040,0.05,9204,-0.09800000000000003,299,0.08618761599063873,0.001,22759
307,10.0,92080,0.05,9208,-0.07450000000000004,299,0.10105856508016586,0.001,22769
307,10.0,92120,0.05,9212,0.07049999999999997,299,0.07724325358867645,0.001,22779
307,10.0,92160,0.05,9216,0.02249999999999998,299,0.10281392186880112,0.001,22789
307,10.0,92200,0.05,9220,0.04849999999999996,299,0.0912122055888176,0.001,22799
307,10.0,92240,0.05,9224,0.05399999999999996,299,0.07311612367630005,0.001,22809
307,10.0,92280,0.05,9228,-0.004500000000000064,299,0.11417602747678757,0.001,22819
307,10.0,92320,0.05,9232,0.07199999999999993,299,0.09025316685438156,0.001,22829
307,10.0,92360,0.05,9236,0.11749999999999992,300,0.09859734028577805,0.001,22839
307,10.0,92400,0.05,9240,0.13149999999999992,300,0.10878114402294159,0.001,22849
307,10.0,92440,0.05,9244,0.11849999999999992,300,0.07494737207889557,0.001,22859
307,10.0,92480,0.05,9248,0.14599999999999994,300,0.46248993277549744,0.001,22869
307,10.0,92520,0.05,9252,0.09649999999999999,300,0.09030210226774216,0.001,22879
307,10.0,92560,0.05,9256,0.19099999999999998,300,0.07925308495759964,0.001,22889
308,10.0,92600,0.05,9260,0.1839999999999999,300,0.11013489216566086,0.001,22899
308,10.0,92640,0.05,9264,0.16849999999999996,300,0.07332583516836166,0.001,22909
308,10.0,92680,0.05,9268,0.15999999999999998,300,0.08669348806142807,0.001,22919
308,10.0,92720,0.05,9272,0.19649999999999995,300,0.1276317834854126,0.001,22929
308,10.0,92760,0.05,9276,0.17449999999999996,301,0.18973702192306519,0.001,22939
308,10.0,92800,0.05,9280,0.20899999999999996,301,0.5100131630897522,0.001,22949
308,10.0,92840,0.05,9284,0.10249999999999998,301,0.07849670946598053,0.001,22959
308,10.0,92880,0.05,9288,0.08700000000000005,301,0.0874781608581543,0.001,22969
308,10.0,92920,0.05,9292,0.016000000000000084,301,0.08979254215955734,0.001,22979
308,10.0,92960,0.05,9296,0.055000000000000056,301,0.10447265952825546,0.001,22989
308,10.0,93000,0.05,9300,0.0315,301,0.3947959840297699,0.001,22999
308,10.0,93040,0.05,9304,0.07100000000000001,301,0.10396643728017807,0.001,23009
308,10.0,93080,0.05,9308,0.014500000000000035,302,0.14312288165092468,0.001,23019
308,10.0,93120,0.05,9312,-0.008999999999999987,302,0.1192074716091156,0.001,23029
308,10.0,93160,0.05,9316,-0.026500000000000027,302,0.09440921247005463,0.001,23039
307,10.0,93200,0.05,9320,-0.037000000000000005,302,0.06538210809230804,0.001,23049
307,10.0,93240,0.05,9324,-0.030000000000000027,302,0.11160363256931305,0.001,23059
307,10.0,93280,0.05,9328,0.029999999999999947,302,0.08572788536548615,0.001,23069
307,10.0,93320,0.05,9332,-0.03550000000000001,303,0.10169538110494614,0.001,23079
307,10.0,93360,0.05,9336,-0.146,303,0.08467668294906616,0.001,23089
307,10.0,93400,0.05,9340,-0.17,303,0.3369368314743042,0.001,23099
307,10.0,93440,0.05,9344,-0.18250000000000002,303,0.11928965151309967,0.001,23109
307,10.0,93480,0.05,9348,-0.24599999999999994,303,0.11501413583755493,0.001,23119
307,10.0,93520,0.05,9352,-0.20850000000000002,304,0.21325740218162537,0.001,23129
307,10.0,93560,0.05,9356,-0.2829999999999999,304,0.13484764099121094,0.001,23139
307,10.0,93600,0.05,9360,-0.19149999999999998,304,0.0864487886428833,0.001,23149
307,10.0,93640,0.05,9364,-0.07199999999999995,304,0.13605725765228271,0.001,23159
307,10.0,93680,0.05,9368,-0.06649999999999996,304,0.06851393729448318,0.001,23169
307,10.0,93720,0.05,9372,-0.04899999999999997,304,0.19108012318611145,0.001,23179
307,10.0,93760,0.05,9376,-0.02099999999999997,305,0.12998494505882263,0.001,23189
307,10.0,93800,0.05,9380,-0.027499999999999986,305,0.0879201665520668,0.001,23199
307,10.0,93840,0.05,9384,0.052000000000000025,305,0.11522867530584335,0.001,23209
307,10.0,93880,0.05,9388,-0.1115,305,0.21892374753952026,0.001,23219
307,10.0,93920,0.05,9392,-0.03600000000000002,305,0.08587359637022018,0.001,23229
307,10.0,93960,0.05,9396,-0.15250000000000005,305,0.10422021895647049,0.001,23239
307,10.0,94000,0.05,9400,-0.13050000000000003,305,0.07970034331083298,0.001,23249
307,10.0,94040,0.05,9404,-0.08,306,0.09269173443317413,0.001,23259
307,10.0,94080,0.05,9408,-0.03750000000000002,306,0.16561424732208252,0.001,23269
307,10.0,94120,0.05,9412,-0.01150000000000002,306,0.10911060869693756,0.001,23279
307,10.0,94160,0.05,9416,-0.02200000000000002,306,0.11150103807449341,0.001,23289
307,10.0,94200,0.05,9420,-0.048,306,0.10350258648395538,0.001,23299
307,10.0,94240,0.05,9424,-0.03749999999999999,306,0.07966786623001099,0.001,23309
307,10.0,94280,0.05,9428,-0.0565,306,0.10351686924695969,0.001,23319
307,10.0,94320,0.05,9432,-0.03750000000000002,306,0.1717592030763626,0.001,23329
307,10.0,94360,0.05,9436,-0.10100000000000002,307,0.09772451221942902,0.001,23339
307,10.0,94400,0.05,9440,-0.08949999999999997,307,0.22934016585350037,0.001,23349
307,10.0,94440,0.05,9444,-0.13749999999999998,307,0.09309867024421692,0.001,23359
307,10.0,94480,0.05,9448,-0.08549999999999995,307,0.07558425515890121,0.001,23369
307,10.0,94520,0.05,9452,-0.14299999999999993,307,0.1037420928478241,0.001,23379
307,10.0,94560,0.05,9456,-0.187,307,0.2423921525478363,0.001,23389
307,10.0,94600,0.05,9460,-0.17650000000000002,307,0.07658978551626205,0.001,23399
307,10.0,94640,0.05,9464,-0.26299999999999996,308,0.0911896824836731,0.001,23409
307,10.0,94680,0.05,9468,-0.20749999999999996,308,0.08563598245382309,0.001,23419
307,10.0,94720,0.05,9472,-0.264,308,0.06690006703138351,0.001,23429
307,10.0,94760,0.05,9476,-0.21300000000000005,308,0.3836996853351593,0.001,23439
307,10.0,94800,0.05,9480,-0.20000000000000007,308,0.08816010504961014,0.001,23449
307,10.0,94840,0.05,9484,-0.16549999999999992,308,0.09275799989700317,0.001,23459
307,10.0,94880,0.05,9488,-0.05999999999999997,309,0.07776644825935364,0.001,23469
307,10.0,94920,0.05,9492,-0.09799999999999999,309,0.09168791025876999,0.001,23479
307,10.0,94960,0.05,9496,0.013499999999999991,309,0.09446531534194946,0.001,23489
307,10.0,95000,0.05,9500,0.10250000000000002,309,0.07063028961420059,0.001,23499
307,10.0,95040,0.05,9504,0.037500000000000026,309,0.11813673377037048,0.001,23509
307,10.0,95080,0.05,9508,-0.011499999999999969,309,0.26112937927246094,0.001,23519
307,10.0,95120,0.05,9512,-0.01949999999999996,309,0.07484110444784164,0.001,23529
307,10.0,95160,0.05,9516,-0.00950000000000001,309,0.09495235979557037,0.001,23539
307,10.0,95200,0.05,9520,0.078,309,0.07775387912988663,0.001,23549
307,10.0,95240,0.05,9524,0.11000000000000001,310,0.13834908604621887,0.001,23559
307,10.0,95280,0.05,9528,0.12700000000000003,310,0.09024371951818466,0.001,23569
307,10.0,95320,0.05,9532,0.1115,310,0.09550503641366959,0.001,23579
307,10.0,95360,0.05,9536,0.223,310,0.14589117467403412,0.001,23589
307,10.0,95400,0.05,9540,0.18949999999999995,310,0.09329766780138016,0.001,23599
307,10.0,95440,0.05,9544,0.24849999999999994,310,0.5032961964607239,0.001,23609
307,10.0,95480,0.05,9548,0.21349999999999997,310,0.11020927131175995,0.001,23619
307,10.0,95520,0.05,9552,0.25249999999999995,310,0.11280034482479095,0.001,23629
307,10.0,95560,0.05,9556,0.35749999999999993,310,0.06628277152776718,0.001,23639
307,10.0,95600,0.05,9560,0.3095,311,0.11527091264724731,0.001,23649
307,10.0,95640,0.05,9564,0.3335,311,0.093706414103508,0.001,23659
307,10.0,95680,0.05,9568,0.2715,311,0.09507063776254654,0.001,23669
307,10.0,95720,0.05,9572,0.3325,311,0.09057153016328812,0.001,23679
307,10.0,95760,0.05,9576,0.31549999999999995,311,0.21020826697349548,0.001,23689
307,10.0,95800,0.05,9580,0.28600000000000003,311,0.11709754168987274,0.001,23699
307,10.0,95840,0.05,9584,0.312,311,0.12344280630350113,0.001,23709
307,10.0,95880,0.05,9588,0.38,311,0.1292273998260498,0.001,23719
307,10.0,95920,0.05,9592,0.3445,312,0.08553026616573334,0.001,23729
307,10.0,95960,0.05,9596,0.31599999999999995,312,0.1449323296546936,0.001,23739
307,10.0,96000,0.05,9600,0.256,312,0.4358883202075958,0.001,23749
307,10.0,96040,0.05,9604,0.30500000000000005,312,0.17350411415100098,0.001,23759
307,10.0,96080,0.05,9608,0.24850000000000003,312,0.16421762108802795,0.001,23769
307,10.0,96120,0.05,9612,0.13300000000000003,312,0.17274567484855652,0.001,23779
307,10.0,96160,0.05,9616,0.1085,313,0.07358872145414352,0.001,23789
307,10.0,96200,0.05,9620,0.03550000000000003,313,0.08233568072319031,0.001,23799
307,10.0,96240,0.05,9624,-0.010499999999999954,313,0.0988665223121643,0.001,23809
307,10.0,96280,0.05,9628,0.013499999999999988,313,0.08017603307962418,0.001,23819
307,10.0,96320,0.05,9632,0.03049999999999997,313,0.11469806730747223,0.001,23829
307,10.0,96360,0.05,9636,-0.018500000000000027,313,0.1370617151260376,0.001,23839
307,10.0,96400,0.05,9640,0.01799999999999998,313,0.11121492087841034,0.001,23849
307,10.0,96440,0.05,9644,-0.0035000000000000096,313,0.08049516379833221,0.001,23859
307,10.0,96480,0.05,9648,0.07149999999999998,313,0.08109798282384872,0.001,23869
307,10.0,96520,0.05,9652,0.13849999999999998,314,0.08546304702758789,0.001,23879
307,10.0,96560,0.05,9656,0.0525,314,0.09894736856222153,0.001,23889
307,10.0,96600,0.05,9660,0.06700000000000003,314,0.09940739721059799,0.001,23899
307,10.0,96640,0.05,9664,0.05700000000000001,314,0.20518162846565247,0.001,23909
306,10.0,96680,0.05,9668,0.09199999999999997,314,0.13282032310962677,0.001,23919
306,10.0,96720,0.05,9672,0.0925,315,0.06788375973701477,0.001,23929
306,10.0,96760,0.05,9676,0.11100000000000002,315,0.2558930814266205,0.001,23939
306,10.0,96800,0.05,9680,0.11399999999999999,315,0.3991276025772095,0.001,23949
306,10.0,96840,0.05,9684,0.025000000000000012,315,0.0814182385802269,0.001,23959
306,10.0,96880,0.05,9688,-0.08449999999999999,315,0.06446702778339386,0.001,23969
306,10.0,96920,0.05,9692,-0.043999999999999984,315,0.08254238218069077,0.001,23979
306,10.0,96960,0.05,9696,-0.08449999999999999,316,0.17870067059993744,0.001,23989
306,10.0,97000,0.05,9700,-0.056500000000000064,316,0.07633071392774582,0.001,23999
306,10.0,97040,0.05,9704,-0.06900000000000006,316,0.1049468144774437,0.001,24009
306,10.0,97080,0.05,9708,-0.026500000000000037,316,0.06345413625240326,0.001,24019
306,10.0,97120,0.05,9712,0.09399999999999994,316,0.49845823645591736,0.001,24029
306,10.0,97160,0.05,9716,0.23150000000000007,316,0.08761875331401825,0.001,24039
306,10.0,97200,0.05,9720,0.27399999999999997,316,0.07355722039937973,0.001,24049
306,10.0,97240,0.05,9724,0.3125,316,0.08184165507555008,0.001,24059
306,10.0,97280,0.05,9728,0.2339999999999999,316,0.09920777380466461,0.001,24069
307,10.0,97320,0.05,9732,0.11549999999999994,316,0.11080624908208847,0.001,24079
307,10.0,97360,0.05,9736,0.1475,317,0.10141199082136154,0.001,24089
307,10.0,97400,0.05,9740,0.1845,317,0.10041540861129761,0.001,24099
307,10.0,97440,0.05,9744,0.15750000000000003,317,0.05600244924426079,0.001,24109
307,10.0,97480,0.05,9748,0.1115,317,0.1488550752401352,0.001,24119
306,10.0,97520,0.05,9752,0.02899999999999999,317,0.09453418105840683,0.001,24129
306,10.0,97560,0.05,9756,-0.021000000000000022,317,0.30584096908569336,0.001,24139
306,10.0,97600,0.05,9760,-0.006000000000000088,318,0.08896337449550629,0.001,24149
306,10.0,97640,0.05,9764,0.02499999999999994,318,0.08461291342973709,0.001,24159
306,10.0,97680,0.05,9768,-0.09450000000000001,318,0.07369107753038406,0.001,24169
306,10.0,97720,0.05,9772,-0.11550000000000005,318,0.08161419630050659,0.001,24179
306,10.0,97760,0.05,9776,-0.14150000000000001,318,0.08456435799598694,0.001,24189
306,10.0,97800,0.05,9780,-0.13750000000000004,319,0.09340792894363403,0.001,24199
306,10.0,97840,0.05,9784,-0.031000000000000038,319,0.10686538368463516,0.001,24209
306,10.0,97880,0.05,9788,0.063,319,0.07570363581180573,0.001,24219
305,10.0,97920,0.05,9792,-0.0395,320,0.06465034186840057,0.001,24229
305,10.0,97960,0.05,9796,0.0065000000000000014,320,0.12906977534294128,0.001,24239
305,10.0,98000,0.05,9800,-0.06450000000000002,321,0.19547712802886963,0.001,24249
305,10.0,98040,0.05,9804,-0.04850000000000001,321,0.3623126149177551,0.001,24259
305,10.0,98080,0.05,9808,0.0645,321,0.07830855250358582,0.001,24269
305,10.0,98120,0.05,9812,0.08749999999999997,321,0.2507530152797699,0.001,24279
304,10.0,98160,0.05,9816,-0.03200000000000001,321,0.13151828944683075,0.001,24289
304,10.0,98200,0.05,9820,-0.067,322,0.1829470545053482,0.001,24299
304,10.0,98240,0.05,9824,0.03399999999999998,322,0.10209321230649948,0.001,24309
304,10.0,98280,0.05,9828,0.1315,322,0.11975929886102676,0.001,24319
304,10.0,98320,0.05,9832,0.13450000000000006,322,0.05104610696434975,0.001,24329
304,10.0,98360,0.05,9836,0.06000000000000005,322,0.0670059323310852,0.001,24339
304,10.0,98400,0.05,9840,0.028500000000000022,322,0.06359163671731949,0.001,24349
304,10.0,98440,0.05,9844,-0.02699999999999999,322,0.31184208393096924,0.001,24359
304,10.0,98480,0.05,9848,0.04049999999999999,322,0.16580277681350708,0.001,24369
304,10.0,98520,0.05,9852,0.029999999999999992,323,0.11319757997989655,0.001,24379
304,10.0,98560,0.05,9856,0.11799999999999997,323,0.16958728432655334,0.001,24389
304,10.0,98600,0.05,9860,0.16149999999999998,323,0.08850371837615967,0.001,24399
304,10.0,98640,0.05,9864,0.12799999999999997,323,0.14009834825992584,0.001,24409
304,10.0,98680,0.05,9868,0.17449999999999996,323,0.0991934984922409,0.001,24419
304,10.0,98720,0.05,9872,0.13999999999999993,323,0.09067898988723755,0.001,24429
304,10.0,98760,0.05,9876,0.06549999999999997,323,0.09564194083213806,0.001,24439
304,10.0,98800,0.05,9880,0.018499999999999982,323,0.07997705787420273,0.001,24449
304,10.0,98840,0.05,9884,-0.053000000000000026,324,0.193728968501091,0.001,24459
304,10.0,98880,0.05,9888,-0.06650000000000002,324,0.07666994631290436,0.001,24469
304,10.0,98920,0.05,9892,-0.03449999999999998,324,0.09854128211736679,0.001,24479
304,10.0,98960,0.05,9896,-0.061,324,0.05953410640358925,0.001,24489
304,10.0,99000,0.05,9900,-0.10600000000000001,324,0.08678758144378662,0.001,24499
304,10.0,99040,0.05,9904,-0.1465,324,0.08615416288375854,0.001,24509
304,10.0,99080,0.05,9908,-0.248,325,0.09087048470973969,0.001,24519
304,10.0,99120,0.05,9912,-0.33149999999999996,325,0.06910724937915802,0.001,24529
304,10.0,99160,0.05,9916,-0.2995,325,0.12078709155321121,0.001,24539
304,10.0,99200,0.05,9920,-0.32199999999999995,325,0.0659264326095581,0.001,24549
304,10.0,99240,0.05,9924,-0.444,325,0.2769339680671692,0.001,24559
304,10.0,99280,0.05,9928,-0.49,325,0.07381951808929443,0.001,24569
304,10.0,99320,0.05,9932,-0.4355,326,0.13099990785121918,0.001,24579
304,10.0,99360,0.05,9936,-0.33049999999999996,326,0.08362507820129395,0.001,24589
304,10.0,99400,0.05,9940,-0.30450000000000005,326,0.09050824493169785,0.001,24599
304,10.0,99440,0.05,9944,-0.19599999999999998,326,0.15569289028644562,0.001,24609
304,10.0,99480,0.05,9948,-0.2845,326,0.09610903263092041,0.001,24619
304,10.0,99520,0.05,9952,-0.20599999999999993,326,0.3320128619670868,0.001,24629
304,10.0,99560,0.05,9956,-0.1825,326,0.09004565328359604,0.001,24639
304,10.0,99600,0.05,9960,-0.2705,327,0.09642988443374634,0.001,24649
304,10.0,99640,0.05,9964,-0.25650000000000006,327,0.09848017990589142,0.001,24659
304,10.0,99680,0.05,9968,-0.19599999999999998,327,0.15662306547164917,0.001,24669
304,10.0,99720,0.05,9972,-0.23399999999999996,327,0.1026557981967926,0.001,24679
304,10.0,99760,0.05,9976,-0.19950000000000004,327,0.08035097271203995,0.001,24689
304,10.0,99800,0.05,9980,-0.16450000000000004,327,0.08837401866912842,0.001,24699
304,10.0,99840,0.05,9984,-0.07250000000000002,328,0.07759729027748108,0.001,24709
304,10.0,99880,0.05,9988,-0.06250000000000004,328,0.07744977623224258,0.001,24719
304,10.0,99920,0.05,9992,-0.06850000000000005,328,0.2955300807952881,0.001,24729
304,10.0,99960,0.05,9996,-0.12200000000000003,328,0.08826009929180145,0.001,24739
304,10.0,100000,0.05,10000,0.021999999999999957,328,0.0871313288807869,0.001,24749
304,10.0,100040,0.05,10004,0.050999999999999955,328,0.09094180911779404,0.001,24759
304,10.0,100080,0.05,10008,0.11299999999999998,329,0.10476717352867126,0.001,24769
304,10.0,100120,0.05,10012,0.1935,329,0.16469845175743103,0.001,24779
304,10.0,100160,0.05,10016,0.10649999999999996,329,0.10173523426055908,0.001,24789
304,10.0,100200,0.05,10020,0.11649999999999996,329,0.21756206452846527,0.001,24799
304,10.0,100240,0.05,10024,0.05949999999999997,329,0.07790271192789078,0.001,24809
304,10.0,100280,0.05,10028,0.08349999999999992,329,0.09484133124351501,0.001,24819
303,10.0,100320,0.05,10032,0.11249999999999993,330,0.07548929750919342,0.001,24829
303,10.0,100360,0.05,10036,0.10949999999999992,330,0.19774754345417023,0.001,24839
303,10.0,100400,0.05,10040,0.010999999999999965,330,0.11729353666305542,0.001,24849
303,10.0,100440,0.05,10044,-0.014000000000000007,330,0.10299855470657349,0.001,24859
303,10.0,100480,0.05,10048,-0.033500000000000016,330,0.09834004938602448,0.001,24869
303,10.0,100520,0.05,10052,-0.04450000000000005,330,0.07564454525709152,0.001,24879
303,10.0,100560,0.05,10056,-0.040000000000000036,331,0.07124323397874832,0.001,24889
303,10.0,100600,0.05,10060,0.03799999999999995,331,0.2083555907011032,0.001,24899
303,10.0,100640,0.05,10064,0.11299999999999995,331,0.2062188982963562,0.001,24909
303,10.0,100680,0.05,10068,0.0455,331,0.09131570905447006,0.001,24919
303,10.0,100720,0.05,10072,0.0795,331,0.07500653713941574,0.001,24929
303,10.0,100760,0.05,10076,0.1585,331,0.07014480233192444,0.001,24939
303,10.0,100800,0.05,10080,0.17900000000000005,331,0.07757171988487244,0.001,24949
303,10.0,100840,0.05,10084,0.1435,332,0.10523323714733124,0.001,24959
303,10.0,100880,0.05,10088,0.2339999999999999,332,0.10472558438777924,0.001,24969
303,10.0,100920,0.05,10092,0.3349999999999999,332,0.06840548664331436,0.001,24979
303,10.0,100960,0.05,10096,0.41050000000000003,332,0.11132923513650894,0.001,24989
303,10.0,101000,0.05,10100,0.313,332,0.13781487941741943,0.001,24999
303,10.0,101040,0.05,10104,0.28300000000000003,332,0.5456893444061279,0.001,25009
303,10.0,101080,0.05,10108,0.24800000000000005,333,0.04612361639738083,0.001,25019
303,10.0,101120,0.05,10112,0.22900000000000006,333,0.08295643329620361,0.001,25029
303,10.0,101160,0.05,10116,0.3035000000000001,333,0.08467997610569,0.001,25039
303,10.0,101200,0.05,10120,0.2565000000000001,333,0.09076656401157379,0.001,25049
303,10.0,101240,0.05,10124,0.3525000000000001,333,0.07762357592582703,0.001,25059
303,10.0,101280,0.05,10128,0.3815,334,0.06690720468759537,0.001,25069
303,10.0,101320,0.05,10132,0.2725,334,0.09458878636360168,0.001,25079
302,10.0,101360,0.05,10136,0.285,334,0.35214927792549133,0.001,25089
302,10.0,101400,0.05,10140,0.3325,334,0.0953466147184372,0.001,25099
302,10.0,101440,0.05,10144,0.2985,334,0.07506708055734634,0.001,25109
302,10.0,101480,0.05,10148,0.3550000000000001,335,0.06129784509539604,0.001,25119
302,10.0,101520,0.05,10152,0.37949999999999995,335,0.10916825383901596,0.001,25129
302,10.0,101560,0.05,10156,0.32849999999999996,335,0.12095820903778076,0.001,25139
302,10.0,101600,0.05,10160,0.3115,335,0.13489457964897156,0.001,25149
302,10.0,101640,0.05,10164,0.22650000000000003,336,0.11969511955976486,0.001,25159
302,10.0,101680,0.05,10168,0.3425000000000001,336,0.1221255213022232,0.001,25169
302,10.0,101720,0.05,10172,0.389,336,0.11363860219717026,0.001,25179
302,10.0,101760,0.05,10176,0.32500000000000007,336,0.09419175982475281,0.001,25189
301,10.0,101800,0.05,10180,0.27449999999999997,337,0.11508895456790924,0.001,25199
301,10.0,101840,0.05,10184,0.17049999999999998,337,0.505525529384613,0.001,25209
301,10.0,101880,0.05,10188,0.12649999999999995,337,0.32820042967796326,0.001,25219
301,10.0,101920,0.05,10192,-0.017500000000000005,337,0.09444184601306915,0.001,25229
301,10.0,101960,0.05,10196,-0.06949999999999996,337,0.06407494843006134,0.001,25239
301,10.0,102000,0.05,10200,-0.047499999999999966,338,0.07468545436859131,0.001,25249
301,10.0,102040,0.05,10204,-0.06549999999999997,338,0.21655981242656708,0.001,25259
301,10.0,102080,0.05,10208,-0.07549999999999998,338,0.09421046823263168,0.001,25269
301,10.0,102120,0.05,10212,-0.11149999999999999,338,0.1419021636247635,0.001,25279
301,10.0,102160,0.05,10216,-0.10400000000000001,338,0.07082640379667282,0.001,25289
301,10.0,102200,0.05,10220,-0.07550000000000003,338,0.0811416506767273,0.001,25299
301,10.0,102240,0.05,10224,-0.10999999999999999,338,0.08500437438488007,0.001,25309
301,10.0,102280,0.05,10228,-0.156,338,0.08294457197189331,0.001,25319
301,10.0,102320,0.05,10232,-0.04599999999999997,339,0.06978286802768707,0.001,25329
301,10.0,102360,0.05,10236,-0.11849999999999998,339,0.17059777677059174,0.001,25339
301,10.0,102400,0.05,10240,-0.11349999999999999,339,0.10995106399059296,0.001,25349
301,10.0,102440,0.05,10244,-0.127,339,0.22845833003520966,0.001,25359
301,10.0,102480,0.05,10248,-0.14449999999999996,339,0.12815847992897034,0.001,25369
301,10.0,102520,0.05,10252,-0.10999999999999995,339,0.08761250972747803,0.001,25379
301,10.0,102560,0.05,10256,-0.1415,340,0.20332221686840057,0.001,25389
301,10.0,102600,0.05,10260,-0.251,340,0.3821006715297699,0.001,25399
301,10.0,102640,0.05,10264,-0.22599999999999998,340,0.049225516617298126,0.001,25409
301,10.0,102680,0.05,10268,-0.324,340,0.07708412408828735,0.001,25419
301,10.0,102720,0.05,10272,-0.26050000000000006,340,0.09818432480096817,0.001,25429
301,10.0,102760,0.05,10276,-0.2925,340,0.16873638331890106,0.001,25439
301,10.0,102800,0.05,10280,-0.23049999999999998,340,0.1065230518579483,0.001,25449
301,10.0,102840,0.05,10284,-0.2145,341,0.1297856718301773,0.001,25459
301,10.0,102880,0.05,10288,-0.3115,341,0.23496611416339874,0.001,25469
301,10.0,102920,0.05,10292,-0.24400000000000002,341,0.20435528457164764,0.001,25479
301,10.0,102960,0.05,10296,-0.233,341,0.12294968962669373,0.001,25489
301,10.0,103000,0.05,10300,-0.201,341,0.09226124733686447,0.001,25499
301,10.0,103040,0.05,10304,-0.18950000000000006,341,0.095619797706604,0.001,25509
301,10.0,103080,0.05,10308,-0.15750000000000008,341,0.1268441379070282,0.001,25519
301,10.0,103120,0.05,10312,-0.187,342,0.13034258782863617,0.001,25529
301,10.0,103160,0.05,10316,-0.27349999999999997,342,0.16048219799995422,0.001,25539
301,10.0,103200,0.05,10320,-0.2645,342,0.10783261805772781,0.001,25549
301,10.0,103240,0.05,10324,-0.37550000000000006,342,0.08068006485700607,0.001,25559
301,10.0,103280,0.05,10328,-0.381,342,0.09662333130836487,0.001,25569
301,10.0,103320,0.05,10332,-0.39899999999999997,342,0.24296627938747406,0.001,25579
301,10.0,103360,0.05,10336,-0.39449999999999996,342,0.09214159846305847,0.001,25589
301,10.0,103400,0.05,10340,-0.24250000000000005,343,0.06578271836042404,0.001,25599
301,10.0,103440,0.05,10344,-0.25000000000000006,343,0.09494775533676147,0.001,25609
301,10.0,103480,0.05,10348,-0.2455,343,0.08923586457967758,0.001,25619
301,10.0,103520,0.05,10352,-0.423,343,0.0986865758895874,0.001,25629
301,10.0,103560,0.05,10356,-0.4225,343,0.11366986483335495,0.001,25639
301,10.0,103600,0.05,10360,-0.42300000000000004,343,0.09473414719104767,0.001,25649
301,10.0,103640,0.05,10364,-0.426,344,0.08058986067771912,0.001,25659
301,10.0,103680,0.05,10368,-0.4575,344,0.11182930320501328,0.001,25669
301,10.0,103720,0.05,10372,-0.608,344,0.09389911592006683,0.001,25679
301,10.0,103760,0.05,10376,-0.5364999999999999,344,0.12220688164234161,0.001,25689
301,10.0,103800,0.05,10380,-0.5960000000000001,344,0.09724811464548111,0.001,25699
301,10.0,103840,0.05,10384,-0.547,344,0.05306636542081833,0.001,25709
301,10.0,103880,0.05,10388,-0.6140000000000001,344,0.0945885106921196,0.001,25719
301,10.0,103920,0.05,10392,-0.6104999999999999,345,0.07317078858613968,0.001,25729
301,10.0,103960,0.05,10396,-0.711,345,0.08955327421426773,0.001,25739
301,10.0,104000,0.05,10400,-0.8305,345,0.10464851558208466,0.001,25749
301,10.0,104040,0.05,10404,-0.7635,345,0.09673430025577545,0.001,25759
301,10.0,104080,0.05,10408,-0.8135000000000002,345,0.08734139800071716,0.001,25769
301,10.0,104120,0.05,10412,-0.8365,345,0.11742053180932999,0.001,25779
301,10.0,104160,0.05,10416,-0.7384999999999999,345,0.31000226736068726,0.001,25789
301,10.0,104200,0.05,10420,-0.7245,346,0.13255158066749573,0.001,25799
301,10.0,104240,0.05,10424,-0.6355000000000001,346,0.09691893309354782,0.001,25809
301,10.0,104280,0.05,10428,-0.6435000000000001,346,0.11780885607004166,0.001,25819
301,10.0,104320,0.05,10432,-0.6105000000000002,346,0.09985411167144775,0.001,25829
301,10.0,104360,0.05,10436,-0.5035000000000001,346,0.0891653299331665,0.001,25839
301,10.0,104400,0.05,10440,-0.6395,346,0.07114489376544952,0.001,25849
300,10.0,104440,0.05,10444,-0.584,346,0.10231389850378036,0.001,25859
300,10.0,104480,0.05,10448,-0.52,347,0.22502192854881287,0.001,25869
300,10.0,104520,0.05,10452,-0.4070000000000001,347,0.10795312374830246,0.001,25879
301,10.0,104560,0.05,10456,-0.40100000000000013,347,0.12238257378339767,0.001,25889
301,10.0,104600,0.05,10460,-0.42150000000000015,347,0.267118364572525,0.001,25899
301,10.0,104640,0.05,10464,-0.44750000000000006,347,0.10536722093820572,0.001,25909
301,10.0,104680,0.05,10468,-0.36699999999999994,347,0.11384805291891098,0.001,25919
301,10.0,104720,0.05,10472,-0.2860000000000001,347,0.09419667720794678,0.001,25929
301,10.0,104760,0.05,10476,-0.32100000000000006,347,0.06369097530841827,0.001,25939
301,10.0,104800,0.05,10480,-0.2775,348,0.08775822073221207,0.001,25949
300,10.0,104840,0.05,10484,-0.27449999999999997,348,0.15197205543518066,0.001,25959
300,10.0,104880,0.05,10488,-0.15750000000000003,348,0.08131133019924164,0.001,25969
300,10.0,104920,0.05,10492,-0.1405,348,0.16606032848358154,0.001,25979
300,10.0,104960,0.05,10496,-0.06450000000000002,348,0.10172116756439209,0.001,25989
300,10.0,105000,0.05,10500,-0.056500000000000015,348,0.4896545112133026,0.001,25999
300,10.0,105040,0.05,10504,-0.14049999999999996,349,0.09166242927312851,0.001,26009
300,10.0,105080,0.05,10508,-0.07449999999999998,349,0.09147915244102478,0.001,26019
300,10.0,105120,0.05,10512,-0.07600000000000001,349,0.06918587535619736,0.001,26029
300,10.0,105160,0.05,10516,-0.0535,349,0.06507051736116409,0.001,26039
300,10.0,105200,0.05,10520,-0.03950000000000002,350,0.1047677993774414,0.001,26049
300,10.0,105240,0.05,10524,0.056499999999999974,350,0.11592119187116623,0.001,26059
300,10.0,105280,0.05,10528,0.0805,350,0.1250198930501938,0.001,26069
300,10.0,105320,0.05,10532,0.07950000000000002,350,0.10045535862445831,0.001,26079
300,10.0,105360,0.05,10536,0.060500000000000005,350,0.1024525910615921,0.001,26089
300,10.0,105400,0.05,10540,0.07000000000000002,351,0.06695038080215454,0.001,26099
300,10.0,105440,0.05,10544,0.06400000000000003,351,0.09192920476198196,0.001,26109
300,10.0,105480,0.05,10548,-0.03499999999999999,351,0.11410646885633469,0.001,26119
299,10.0,105520,0.05,10552,-0.08649999999999997,351,0.0857531726360321,0.001,26129
299,10.0,105560,0.05,10556,-0.032499999999999946,352,0.332776814699173,0.001,26139
299,10.0,105600,0.05,10560,0.10900000000000006,352,0.09108198434114456,0.001,26149
299,10.0,105640,0.05,10564,0.06499999999999997,352,0.06790466606616974,0.001,26159
299,10.0,105680,0.05,10568,0.1255,352,0.09275384247303009,0.001,26169
299,10.0,105720,0.05,10572,0.14800000000000002,352,0.10610367357730865,0.001,26179
299,10.0,105760,0.05,10576,0.18299999999999997,353,0.09100640565156937,0.001,26189
299,10.0,105800,0.05,10580,0.18949999999999995,353,0.07010453939437866,0.001,26199
299,10.0,105840,0.05,10584,0.18249999999999997,353,0.10220881551504135,0.001,26209
299,10.0,105880,0.05,10588,0.1845,353,0.09992450475692749,0.001,26219
299,10.0,105920,0.05,10592,0.1655,354,0.12889541685581207,0.001,26229
299,10.0,105960,0.05,10596,0.145,354,0.06330922991037369,0.001,26239
299,10.0,106000,0.05,10600,0.226,354,0.12536421418190002,0.001,26249
299,10.0,106040,0.05,10604,0.20299999999999996,354,0.1863846629858017,0.001,26259
299,10.0,106080,0.05,10608,0.17,354,0.16178633272647858,0.001,26269
299,10.0,106120,0.05,10612,0.27599999999999997,354,0.09394820779561996,0.001,26279
299,10.0,106160,0.05,10616,0.20850000000000002,354,0.09841731190681458,0.001,26289
299,10.0,106200,0.05,10620,0.14750000000000002,354,0.07394598424434662,0.001,26299
299,10.0,106240,0.05,10624,-0.0069999999999999975,355,0.3311207592487335,0.001,26309
299,10.0,106280,0.05,10628,-0.01450000000000003,355,0.07168007642030716,0.001,26319
299,10.0,106320,0.05,10632,-0.04650000000000004,355,0.07630743086338043,0.001,26329
299,10.0,106360,0.05,10636,-0.015500000000000035,355,0.10536321997642517,0.001,26339
299,10.0,106400,0.05,10640,-0.026000000000000023,355,0.06928624957799911,0.001,26349
299,10.0,106440,0.05,10644,-0.04099999999999998,355,0.10976405441761017,0.001,26359
299,10.0,106480,0.05,10648,0.005499999999999994,356,0.09985463321208954,0.001,26369
299,10.0,106520,0.05,10652,0.0,356,0.10174605250358582,0.001,26379
299,10.0,106560,0.05,10656,-0.07699999999999997,356,0.09108119457960129,0.001,26389
299,10.0,106600,0.05,10660,-0.09999999999999995,356,0.12367155402898788,0.001,26399
298,10.0,106640,0.05,10664,-0.06849999999999999,356,0.07025562226772308,0.001,26409
298,10.0,106680,0.05,10668,-0.15000000000000002,356,0.08230801671743393,0.001,26419
298,10.0,106720,0.05,10672,-0.18700000000000003,356,0.07505296915769577,0.001,26429
298,10.0,106760,0.05,10676,-0.2195000000000001,357,0.09804181754589081,0.001,26439
298,10.0,106800,0.05,10680,-0.24400000000000002,357,0.05952337384223938,0.001,26449
298,10.0,106840,0.05,10684,-0.21899999999999997,357,0.07184706628322601,0.001,26459
299,10.0,106880,0.05,10688,-0.247,357,0.10925611853599548,0.001,26469
299,10.0,106920,0.05,10692,-0.22149999999999992,357,0.1038091778755188,0.001,26479
299,10.0,106960,0.05,10696,-0.11149999999999992,357,0.08528630435466766,0.001,26489
299,10.0,107000,0.05,10700,-0.16349999999999995,357,0.0964837372303009,0.001,26499
299,10.0,107040,0.05,10704,-0.15100000000000002,357,0.09030172973871231,0.001,26509
299,10.0,107080,0.05,10708,-0.13,358,0.31258460879325867,0.001,26519
299,10.0,107120,0.05,10712,-0.19800000000000004,358,0.1111857071518898,0.001,26529
299,10.0,107160,0.05,10716,-0.13949999999999999,358,0.0525159053504467,0.001,26539
299,10.0,107200,0.05,10720,-0.0855,358,0.1080593392252922,0.001,26549
299,10.0,107240,0.05,10724,-0.10400000000000002,358,0.08480092883110046,0.001,26559
299,10.0,107280,0.05,10728,-0.11849999999999998,358,0.07111891359090805,0.001,26569
299,10.0,107320,0.05,10732,-0.08549999999999999,358,0.08369137346744537,0.001,26579
299,10.0,107360,0.05,10736,-0.18849999999999997,358,0.23545342683792114,0.001,26589
299,10.0,107400,0.05,10740,-0.24449999999999997,359,0.08286525309085846,0.001,26599
299,10.0,107440,0.05,10744,-0.24300000000000005,359,0.11988359689712524,0.001,26609
299,10.0,107480,0.05,10748,-0.3125,359,0.1427420973777771,0.001,26619
299,10.0,107520,0.05,10752,-0.1775,359,0.07900834083557129,0.001,26629
299,10.0,107560,0.05,10756,-0.12999999999999998,359,0.28718996047973633,0.001,26639
299,10.0,107600,0.05,10760,-0.1085,359,0.2511321008205414,0.001,26649
299,10.0,107640,0.05,10764,-0.01900000000000001,359,0.10068845003843307,0.001,26659
299,10.0,107680,0.05,10768,-0.10049999999999998,359,0.06281231343746185,0.001,26669
299,10.0,107720,0.05,10772,-0.03449999999999996,359,0.09637748450040817,0.001,26679
299,10.0,107760,0.05,10776,-0.043000000000000024,359,0.08944384753704071,0.001,26689
299,10.0,107800,0.05,10780,-0.07100000000000004,360,0.0679824948310852,0.001,26699
299,10.0,107840,0.05,10784,-0.04150000000000003,360,0.11090648174285889,0.001,26709
299,10.0,107880,0.05,10788,-0.005,360,0.08510282635688782,0.001,26719
299,10.0,107920,0.05,10792,-0.07100000000000002,360,0.11434029787778854,0.001,26729
299,10.0,107960,0.05,10796,-0.12350000000000005,360,0.09240841865539551,0.001,26739
299,10.0,108000,0.05,10800,-0.07450000000000001,360,0.5419101119041443,0.001,26749
299,10.0,108040,0.05,10804,-0.021500000000000005,360,0.10897240787744522,0.001,26759
299,10.0,108080,0.05,10808,0.03749999999999998,360,0.11188994348049164,0.001,26769
299,10.0,108120,0.05,10812,-0.010500000000000039,360,0.06422954052686691,0.001,26779
299,10.0,108160,0.05,10816,0.05949999999999999,360,0.14359691739082336,0.001,26789
299,10.0,108200,0.05,10820,0.04549999999999998,361,0.10410400480031967,0.001,26799
299,10.0,108240,0.05,10824,0.0975,361,0.09070926159620285,0.001,26809
299,10.0,108280,0.05,10828,0.11900000000000001,361,0.09096953272819519,0.001,26819
299,10.0,108320,0.05,10832,0.11400000000000005,361,0.060095515102148056,0.001,26829
299,10.0,108360,0.05,10836,0.12000000000000005,361,0.07176241278648376,0.001,26839
299,10.0,108400,0.05,10840,0.1630000000000001,361,0.07280907779932022,0.001,26849
299,10.0,108440,0.05,10844,0.14200000000000002,361,0.07999909669160843,0.001,26859
299,10.0,108480,0.05,10848,0.1985000000000001,361,0.07599195837974548,0.001,26869
299,10.0,108520,0.05,10852,0.07700000000000008,361,0.11649586260318756,0.001,26879
299,10.0,108560,0.05,10856,0.17950000000000008,361,0.10846933722496033,0.001,26889
299,10.0,108600,0.05,10860,0.13650000000000007,362,0.09507901966571808,0.001,26899
299,10.0,108640,0.05,10864,0.09600000000000004,362,0.09501565992832184,0.001,26909
300,10.0,108680,0.05,10868,0.2045,362,0.07260579615831375,0.001,26919
300,10.0,108720,0.05,10872,0.175,362,0.08216328918933868,0.001,26929
300,10.0,108760,0.05,10876,0.2520000000000001,362,0.0868457704782486,0.001,26939
300,10.0,108800,0.05,10880,0.3525,362,0.09792844951152802,0.001,26949
300,10.0,108840,0.05,10884,0.30000000000000004,362,0.07638251036405563,0.001,26959
300,10.0,108880,0.05,10888,0.267,362,0.07499270886182785,0.001,26969
300,10.0,108920,0.05,10892,0.2285,362,0.06194237247109413,0.001,26979
300,10.0,108960,0.05,10896,0.092,362,0.07974410057067871,0.001,26989
300,10.0,109000,0.05,10900,0.08100000000000002,363,0.0979451909661293,0.001,26999
300,10.0,109040,0.05,10904,0.02249999999999998,363,0.2154153436422348,0.001,27009
300,10.0,109080,0.05,10908,-0.0435,363,0.06862351298332214,0.001,27019
300,10.0,109120,0.05,10912,0.0010000000000000109,363,0.10094799846410751,0.001,27029
300,10.0,109160,0.05,10916,-0.18349999999999997,363,0.09893178194761276,0.001,27039
300,10.0,109200,0.05,10920,-0.1154999999999999,363,0.22020359337329865,0.001,27049
300,10.0,109240,0.05,10924,-0.04849999999999999,363,0.11258948594331741,0.001,27059
300,10.0,109280,0.05,10928,0.004500000000000006,363,0.07819783687591553,0.001,27069
300,10.0,109320,0.05,10932,-0.017499999999999988,364,0.10383271425962448,0.001,27079
300,10.0,109360,0.05,10936,0.0035000000000000118,364,0.11103324592113495,0.001,27089
300,10.0,109400,0.05,10940,-0.019500000000000038,364,0.07353387027978897,0.001,27099
300,10.0,109440,0.05,10944,-0.02650000000000005,364,0.09170155972242355,0.001,27109
300,10.0,109480,0.05,10948,0.00799999999999993,364,0.06396868079900742,0.001,27119
300,10.0,109520,0.05,10952,0.05499999999999996,364,0.06608012318611145,0.001,27129
300,10.0,109560,0.05,10956,0.019499999999999993,364,0.10818468034267426,0.001,27139
300,10.0,109600,0.05,10960,0.009000000000000011,364,0.07862502336502075,0.001,27149
300,10.0,109640,0.05,10964,0.026999999999999996,364,0.05496300011873245,0.001,27159
300,10.0,109680,0.05,10968,-0.03750000000000003,364,0.1260010004043579,0.001,27169
300,10.0,109720,0.05,10972,-0.029000000000000012,365,0.04374253749847412,0.001,27179
300,10.0,109760,0.05,10976,-0.10249999999999998,365,0.09154707193374634,0.001,27189
300,10.0,109800,0.05,10980,-0.19499999999999995,365,0.07890289276838303,0.001,27199
300,10.0,109840,0.05,10984,-0.21,365,0.10570321977138519,0.001,27209
300,10.0,109880,0.05,10988,-0.26849999999999996,365,0.09404351562261581,0.001,27219
300,10.0,109920,0.05,10992,-0.151,365,0.09401494264602661,0.001,27229
300,10.0,109960,0.05,10996,-0.10649999999999998,366,0.11006122082471848,0.001,27239
300,10.0,110000,0.05,11000,-0.09599999999999997,366,0.06323999166488647,0.001,27249
299,10.0,110040,0.05,11004,-0.019000000000000003,366,0.10799041390419006,0.001,27259
299,10.0,110080,0.05,11008,-0.05350000000000002,367,0.07001863420009613,0.001,27269
299,10.0,110120,0.05,11012,-0.0655,367,0.07410027831792831,0.001,27279
299,10.0,110160,0.05,11016,0.10599999999999998,367,0.14949831366539001,0.001,27289
299,10.0,110200,0.05,11020,0.03149999999999995,367,0.09122804552316666,0.001,27299
299,10.0,110240,0.05,11024,-0.018000000000000047,368,0.07922777533531189,0.001,27309
299,10.0,110280,0.05,11028,-0.06350000000000007,368,0.07606325298547745,0.001,27319
299,10.0,110320,0.05,11032,-0.0005000000000000471,368,0.0934131070971489,0.001,27329
299,10.0,110360,0.05,11036,-0.011500000000000052,368,0.09448137134313583,0.001,27339
299,10.0,110400,0.05,11040,0.030999999999999948,368,0.08619537949562073,0.001,27349
299,10.0,110440,0.05,11044,-0.026500000000000003,369,0.10495206713676453,0.001,27359
299,10.0,110480,0.05,11048,-0.015500000000000028,369,0.0965549573302269,0.001,27369
299,10.0,110520,0.05,11052,-0.06300000000000008,369,0.09171462804079056,0.001,27379
298,10.0,110560,0.05,11056,-0.06250000000000007,369,0.06387804448604584,0.001,27389
298,10.0,110600,0.05,11060,-0.019500000000000083,369,0.09912306815385818,0.001,27399
299,10.0,110640,0.05,11064,-0.015000000000000051,370,0.09092041850090027,0.001,27409
299,10.0,110680,0.05,11068,0.020999999999999942,370,0.07633087784051895,0.001,27419
299,10.0,110720,0.05,11072,-0.03650000000000005,370,0.08044330030679703,0.001,27429
299,10.0,110760,0.05,11076,0.010499999999999971,370,0.06427797675132751,0.001,27439
299,10.0,110800,0.05,11080,-0.06550000000000007,370,0.09312956035137177,0.001,27449
299,10.0,110840,0.05,11084,-0.017500000000000068,370,0.0970301479101181,0.001,27459
299,10.0,110880,0.05,11088,0.01199999999999997,370,0.0901092141866684,0.001,27469
299,10.0,110920,0.05,11092,-0.028500000000000022,370,0.13562193512916565,0.001,27479
299,10.0,110960,0.05,11096,-0.023499999999999983,370,0.10461782664060593,0.001,27489
299,10.0,111000,0.05,11100,-0.077,371,0.3127463757991791,0.001,27499
299,10.0,111040,0.05,11104,-0.09450000000000001,371,0.09709030389785767,0.001,27509
299,10.0,111080,0.05,11108,-0.05550000000000001,371,0.08862646669149399,0.001,27519
299,10.0,111120,0.05,11112,-0.062,371,0.10392554849386215,0.001,27529
299,10.0,111160,0.05,11116,-0.22899999999999995,371,0.08001573383808136,0.001,27539
299,10.0,111200,0.05,11120,-0.198,371,0.07665092498064041,0.001,27549
299,10.0,111240,0.05,11124,-0.13949999999999999,371,0.1037491038441658,0.001,27559
299,10.0,111280,0.05,11128,-0.18199999999999997,371,0.08333762735128403,0.001,27569
299,10.0,111320,0.05,11132,-0.20849999999999994,371,0.07953542470932007,0.001,27579
299,10.0,111360,0.05,11136,-0.291,371,0.10436537861824036,0.001,27589
299,10.0,111400,0.05,11140,-0.3115,371,0.07535518705844879,0.001,27599
299,10.0,111440,0.05,11144,-0.237,372,0.08854865282773972,0.001,27609
299,10.0,111480,0.05,11148,-0.267,372,0.12159157544374466,0.001,27619
299,10.0,111520,0.05,11152,-0.158,372,0.07957460731267929,0.001,27629
299,10.0,111560,0.05,11156,-0.28099999999999997,372,0.08030856400728226,0.001,27639
299,10.0,111600,0.05,11160,-0.2955,372,0.10383621603250504,0.001,27649
299,10.0,111640,0.05,11164,-0.405,372,0.05539197474718094,0.001,27659
299,10.0,111680,0.05,11168,-0.3985,372,0.06727319210767746,0.001,27669
299,10.0,111720,0.05,11172,-0.3520000000000001,372,0.09648275375366211,0.001,27679
299,10.0,111760,0.05,11176,-0.46,372,0.06836431473493576,0.001,27689
299,10.0,111800,0.05,11180,-0.37450000000000006,372,0.07680247724056244,0.001,27699
299,10.0,111840,0.05,11184,-0.39449999999999996,373,0.06211584061384201,0.001,27709
299,10.0,111880,0.05,11188,-0.27,373,0.10374674946069717,0.001,27719
299,10.0,111920,0.05,11192,-0.23600000000000002,373,0.09897817671298981,0.001,27729
299,10.0,111960,0.05,11196,-0.24150000000000005,373,0.1648971140384674,0.001,27739
299,10.0,112000,0.05,11200,-0.2725,373,0.08936076611280441,0.001,27749
299,10.0,112040,0.05,11204,-0.347,373,0.07082139700651169,0.001,27759
299,10.0,112080,0.05,11208,-0.31499999999999995,373,0.08170657604932785,0.001,27769
299,10.0,112120,0.05,11212,-0.2895000000000001,373,0.12615761160850525,0.001,27779
299,10.0,112160,0.05,11216,-0.15450000000000003,373,0.06450098007917404,0.001,27789
299,10.0,112200,0.05,11220,-0.17400000000000004,374,0.09910529851913452,0.001,27799
300,10.0,112240,0.05,11224,-0.24,374,0.08036729693412781,0.001,27809
300,10.0,112280,0.05,11228,-0.20199999999999999,374,0.08583898097276688,0.001,27819
300,10.0,112320,0.05,11232,-0.218,374,0.08580935746431351,0.001,27829
300,10.0,112360,0.05,11236,-0.14150000000000007,374,0.09769947826862335,0.001,27839
300,10.0,112400,0.05,11240,-0.11850000000000001,374,0.18312284350395203,0.001,27849
300,10.0,112440,0.05,11244,-0.08,374,0.09622785449028015,0.001,27859
300,10.0,112480,0.05,11248,-0.057,374,0.05928935110569,0.001,27869
300,10.0,112520,0.05,11252,-0.12050000000000002,374,0.07080729305744171,0.001,27879
300,10.0,112560,0.05,11256,-0.030500000000000024,374,0.10136405378580093,0.001,27889
300,10.0,112600,0.05,11260,-0.08400000000000002,374,0.08198696374893188,0.001,27899
300,10.0,112640,0.05,11264,-0.02200000000000002,375,0.07721957564353943,0.001,27909
300,10.0,112680,0.05,11268,-0.028500000000000015,375,0.09708435088396072,0.001,27919
300,10.0,112720,0.05,11272,-0.01850000000000002,375,0.10395735502243042,0.001,27929
300,10.0,112760,0.05,11276,0.025999999999999995,375,0.09659940749406815,0.001,27939
300,10.0,112800,0.05,11280,-0.06000000000000002,375,0.34860992431640625,0.001,27949
300,10.0,112840,0.05,11284,-0.06849999999999999,375,0.10268319398164749,0.001,27959
300,10.0,112880,0.05,11288,-0.22600000000000006,375,0.07629596441984177,0.001,27969
300,10.0,112920,0.05,11292,-0.22150000000000006,375,0.7655701041221619,0.001,27979
300,10.0,112960,0.05,11296,-0.13500000000000004,375,0.10368220508098602,0.001,27989
300,10.0,113000,0.05,11300,-0.07050000000000005,375,0.08508150279521942,0.001,27999
300,10.0,113040,0.05,11304,0.06349999999999995,376,0.07964354008436203,0.001,28009
300,10.0,113080,0.05,11308,-0.022500000000000027,376,0.043156299740076065,0.001,28019
300,10.0,113120,0.05,11312,-0.049000000000000016,376,0.13183018565177917,0.001,28029
300,10.0,113160,0.05,11316,-0.046,376,0.10180719196796417,0.001,28039
300,10.0,113200,0.05,11320,-0.03950000000000001,376,0.0696648433804512,0.001,28049
300,10.0,113240,0.05,11324,-0.030500000000000017,376,0.07084668427705765,0.001,28059
300,10.0,113280,0.05,11328,0.056499999999999974,376,0.08978714048862457,0.001,28069
300,10.0,113320,0.05,11332,0.07799999999999996,376,0.06275724619626999,0.001,28079
300,10.0,113360,0.05,11336,0.09199999999999996,376,0.04712729901075363,0.001,28089
300,10.0,113400,0.05,11340,0.07349999999999998,376,0.12265916168689728,0.001,28099
300,10.0,113440,0.05,11344,0.08850000000000001,377,0.07476679980754852,0.001,28109
300,10.0,113480,0.05,11348,0.05949999999999999,377,0.11701060831546783,0.001,28119
300,10.0,113520,0.05,11352,0.1175,377,0.672196626663208,0.001,28129
300,10.0,113560,0.05,11356,0.08950000000000002,377,0.15059371292591095,0.001,28139
300,10.0,113600,0.05,11360,0.15850000000000003,377,0.07116419076919556,0.001,28149
301,10.0,113640,0.05,11364,0.24100000000000005,377,0.045179419219493866,0.001,28159
301,10.0,113680,0.05,11368,0.23549999999999996,377,0.05867641791701317,0.001,28169
301,10.0,113720,0.05,11372,0.15249999999999997,377,0.09002295881509781,0.001,28179
301,10.0,113760,0.05,11376,0.11400000000000002,377,0.06469729542732239,0.001,28189
301,10.0,113800,0.05,11380,0.24150000000000002,377,0.09200210869312286,0.001,28199
301,10.0,113840,0.05,11384,0.21349999999999997,378,0.3128662407398224,0.001,28209
301,10.0,113880,0.05,11388,0.259,378,0.08460761606693268,0.001,28219
301,10.0,113920,0.05,11392,0.22950000000000007,378,0.084544338285923,0.001,28229
301,10.0,113960,0.05,11396,0.23200000000000004,378,0.12657469511032104,0.001,28239
301,10.0,114000,0.05,11400,0.16550000000000004,378,0.06682044267654419,0.001,28249
301,10.0,114040,0.05,11404,0.004500000000000037,378,0.0692550465464592,0.001,28259
301,10.0,114080,0.05,11408,0.06699999999999998,378,0.21488195657730103,0.001,28269
301,10.0,114120,0.05,11412,0.115,378,0.27941781282424927,0.001,28279
301,10.0,114160,0.05,11416,-0.03349999999999997,378,0.10064279288053513,0.001,28289
301,10.0,114200,0.05,11420,-0.0024999999999999957,378,0.09826045483350754,0.001,28299
301,10.0,114240,0.05,11424,-0.0315,379,0.09466388821601868,0.001,28309
301,10.0,114280,0.05,11428,-0.09350000000000003,379,0.0815608873963356,0.001,28319
301,10.0,114320,0.05,11432,-0.125,379,0.07462532818317413,0.001,28329
301,10.0,114360,0.05,11436,-0.07100000000000001,379,0.1082320362329483,0.001,28339
301,10.0,114400,0.05,11440,0.017499999999999984,379,0.0856429934501648,0.001,28349
301,10.0,114440,0.05,11444,0.010499999999999999,379,0.08577144145965576,0.001,28359
301,10.0,114480,0.05,11448,0.054000000000000006,379,0.09329907596111298,0.001,28369
301,10.0,114520,0.05,11452,0.032,379,0.2818533182144165,0.001,28379
301,10.0,114560,0.05,11456,0.008500000000000037,379,0.07473453134298325,0.001,28389
301,10.0,114600,0.05,11460,-0.020499999999999963,379,0.11731386184692383,0.001,28399
301,10.0,114640,0.05,11464,-0.13950000000000004,380,0.10030226409435272,0.001,28409
301,10.0,114680,0.05,11468,-0.092,380,0.10831378400325775,0.001,28419
301,10.0,114720,0.05,11472,0.00550000000000003,380,0.11269430816173553,0.001,28429
301,10.0,114760,0.05,11476,0.137,380,0.09089687466621399,0.001,28439
301,10.0,114800,0.05,11480,0.1325,380,0.040375303477048874,0.001,28449
301,10.0,114840,0.05,11484,0.16650000000000006,380,0.0925605371594429,0.001,28459
301,10.0,114880,0.05,11488,0.218,380,0.1259462982416153,0.001,28469
301,10.0,114920,0.05,11492,0.24200000000000002,380,0.08855907618999481,0.001,28479
301,10.0,114960,0.05,11496,0.17300000000000001,380,0.09293302893638611,0.001,28489
301,10.0,115000,0.05,11500,0.268,380,0.08830443769693375,0.001,28499
301,10.0,115040,0.05,11504,0.31449999999999995,381,0.07865607738494873,0.001,28509
301,10.0,115080,0.05,11508,0.26149999999999995,381,0.10854952037334442,0.001,28519
301,10.0,115120,0.05,11512,0.24900000000000003,381,0.09000958502292633,0.001,28529
301,10.0,115160,0.05,11516,0.2985,381,0.08853843063116074,0.001,28539
302,10.0,115200,0.05,11520,0.2684999999999999,381,0.06760479509830475,0.001,28549
301,10.0,115240,0.05,11524,0.324,381,0.0823853462934494,0.001,28559
301,10.0,115280,0.05,11528,0.284,381,0.1162482425570488,0.001,28569
301,10.0,115320,0.05,11532,0.28400000000000003,381,0.13365311920642853,0.001,28579
301,10.0,115360,0.05,11536,0.20999999999999994,382,0.10244641453027725,0.001,28589
301,10.0,115400,0.05,11540,0.10949999999999994,382,0.08306001126766205,0.001,28599
301,10.0,115440,0.05,11544,0.037000000000000005,382,0.3500579595565796,0.001,28609
301,10.0,115480,0.05,11548,-0.09,382,0.4753982722759247,0.001,28619
301,10.0,115520,0.05,11552,-0.16549999999999998,382,0.11157706379890442,0.001,28629
301,10.0,115560,0.05,11556,-0.184,382,0.09035331755876541,0.001,28639
301,10.0,115600,0.05,11560,-0.13050000000000003,383,0.08873613178730011,0.001,28649
301,10.0,115640,0.05,11564,-0.06150000000000002,383,0.0777386724948883,0.001,28659
301,10.0,115680,0.05,11568,-0.07649999999999996,383,0.07529087364673615,0.001,28669
301,10.0,115720,0.05,11572,-0.14949999999999997,383,0.1192304939031601,0.001,28679
301,10.0,115760,0.05,11576,-0.23249999999999993,383,0.07702847570180893,0.001,28689
301,10.0,115800,0.05,11580,-0.22349999999999995,383,0.08995610475540161,0.001,28699
301,10.0,115840,0.05,11584,-0.24350000000000002,384,0.10822717845439911,0.001,28709
301,10.0,115880,0.05,11588,-0.311,384,0.048283129930496216,0.001,28719
301,10.0,115920,0.05,11592,-0.3575,384,0.07042711973190308,0.001,28729
301,10.0,115960,0.05,11596,-0.259,384,0.06630367040634155,0.001,28739
301,10.0,116000,0.05,11600,-0.23550000000000007,384,0.11744241416454315,0.001,28749
301,10.0,116040,0.05,11604,-0.17850000000000005,384,0.06579495221376419,0.001,28759
301,10.0,116080,0.05,11608,-0.2735000000000001,385,0.09294354915618896,0.001,28769
301,10.0,116120,0.05,11612,-0.353,385,0.08941025286912918,0.001,28779
301,10.0,116160,0.05,11616,-0.32350000000000007,385,0.07358936220407486,0.001,28789
301,10.0,116200,0.05,11620,-0.3135000000000001,385,0.08680409938097,0.001,28799
301,10.0,116240,0.05,11624,-0.2915,385,0.07448694109916687,0.001,28809
301,10.0,116280,0.05,11628,-0.3565,385,0.12982231378555298,0.001,28819
301,10.0,116320,0.05,11632,-0.33899999999999997,386,0.09501286596059799,0.001,28829
301,10.0,116360,0.05,11636,-0.282,386,0.08823419362306595,0.001,28839
301,10.0,116400,0.05,11640,-0.27549999999999997,386,0.07470336556434631,0.001,28849
301,10.0,116440,0.05,11644,-0.25199999999999995,386,0.10525435209274292,0.001,28859
301,10.0,116480,0.05,11648,-0.29,386,0.05500434711575508,0.001,28869
301,10.0,116520,0.05,11652,-0.39049999999999996,386,0.9658555388450623,0.001,28879
301,10.0,116560,0.05,11656,-0.348,386,0.10330186784267426,0.001,28889
301,10.0,116600,0.05,11660,-0.42349999999999993,386,0.48452335596084595,0.001,28899
301,10.0,116640,0.05,11664,-0.5269999999999999,386,0.07939081639051437,0.001,28909
301,10.0,116680,0.05,11668,-0.5415,386,0.6872423887252808,0.001,28919
301,10.0,116720,0.05,11672,-0.49399999999999994,387,0.10051622241735458,0.001,28929
301,10.0,116760,0.05,11676,-0.48949999999999994,387,0.09218886494636536,0.001,28939
301,10.0,116800,0.05,11680,-0.5564999999999999,387,0.06991900503635406,0.001,28949
301,10.0,116840,0.05,11684,-0.5475,387,0.22858822345733643,0.001,28959
301,10.0,116880,0.05,11688,-0.42100000000000004,387,0.09849090874195099,0.001,28969
301,10.0,116920,0.05,11692,-0.36699999999999994,387,0.056374914944171906,0.001,28979
301,10.0,116960,0.05,11696,-0.4685,387,0.09842793643474579,0.001,28989
301,10.0,117000,0.05,11700,-0.4929999999999999,387,0.2881341874599457,0.001,28999
301,10.0,117040,0.05,11704,-0.5189999999999999,387,0.062119342386722565,0.001,29009
301,10.0,117080,0.05,11708,-0.4329999999999999,387,0.07310283184051514,0.001,29019
301,10.0,117120,0.05,11712,-0.38849999999999985,388,0.05669824033975601,0.001,29029
301,10.0,117160,0.05,11716,-0.35749999999999993,388,0.08487498760223389,0.001,29039
301,10.0,117200,0.05,11720,-0.3975000000000001,388,0.079391248524189,0.001,29049
301,10.0,117240,0.05,11724,-0.4220000000000001,388,0.0944555327296257,0.001,29059
301,10.0,117280,0.05,11728,-0.2724999999999999,388,0.09045764803886414,0.001,29069
301,10.0,117320,0.05,11732,-0.2755,388,0.09404374659061432,0.001,29079
302,10.0,117360,0.05,11736,-0.2445,388,0.12730924785137177,0.001,29089
302,10.0,117400,0.05,11740,-0.18049999999999994,388,0.08292596787214279,0.001,29099
302,10.0,117440,0.05,11744,-0.15599999999999997,388,0.11068849265575409,0.001,29109
302,10.0,117480,0.05,11748,-0.0245,388,0.0757611021399498,0.001,29119
302,10.0,117520,0.05,11752,0.15499999999999997,389,0.08571726083755493,0.001,29129
302,10.0,117560,0.05,11756,0.068,389,0.09373771399259567,0.001,29139
302,10.0,117600,0.05,11760,0.0765,389,0.09116915613412857,0.001,29149
302,10.0,117640,0.05,11764,0.161,389,0.11683037132024765,0.001,29159
302,10.0,117680,0.05,11768,0.18899999999999997,389,0.09449468553066254,0.001,29169
302,10.0,117720,0.05,11772,0.19499999999999995,389,0.05169588327407837,0.001,29179
302,10.0,117760,0.05,11776,0.26749999999999996,389,0.08715013414621353,0.001,29189
302,10.0,117800,0.05,11780,0.28,389,0.07292164117097855,0.001,29199
302,10.0,117840,0.05,11784,0.1970000000000001,390,0.08499189466238022,0.001,29209
302,10.0,117880,0.05,11788,0.07100000000000001,390,0.09625369310379028,0.001,29219
302,10.0,117920,0.05,11792,0.0044999999999999814,390,0.13914139568805695,0.001,29229
302,10.0,117960,0.05,11796,0.032499999999999994,390,0.06662705540657043,0.001,29239
302,10.0,118000,0.05,11800,0.04049999999999999,390,0.09706425666809082,0.001,29249
302,10.0,118040,0.05,11804,0.044999999999999984,390,0.07125220447778702,0.001,29259
302,10.0,118080,0.05,11808,0.022000000000000002,390,0.06159741058945656,0.001,29269
302,10.0,118120,0.05,11812,0.056000000000000015,391,0.06302396208047867,0.001,29279
302,10.0,118160,0.05,11816,0.05849999999999996,391,0.0607416145503521,0.001,29289
302,10.0,118200,0.05,11820,0.05949999999999995,391,0.07590257376432419,0.001,29299
302,10.0,118240,0.05,11824,0.067,391,0.0868581160902977,0.001,29309
302,10.0,118280,0.05,11828,-0.045,391,0.13324040174484253,0.001,29319
302,10.0,118320,0.05,11832,-0.05949999999999998,391,0.06385065615177155,0.001,29329
302,10.0,118360,0.05,11836,-0.1925,391,0.05956141650676727,0.001,29339
302,10.0,118400,0.05,11840,-0.18449999999999997,391,0.08451278507709503,0.001,29349
302,10.0,118440,0.05,11844,-0.23000000000000004,391,0.08773533254861832,0.001,29359
302,10.0,118480,0.05,11848,-0.2465,391,0.10215374082326889,0.001,29369
302,10.0,118520,0.05,11852,-0.2700000000000001,392,0.0691186860203743,0.001,29379
302,10.0,118560,0.05,11856,-0.16200000000000006,392,0.07328639179468155,0.001,29389
302,10.0,118600,0.05,11860,-0.12600000000000008,392,0.09040647745132446,0.001,29399
302,10.0,118640,0.05,11864,-0.04750000000000009,392,0.08373796939849854,0.001,29409
302,10.0,118680,0.05,11868,-0.046500000000000076,392,0.06891551613807678,0.001,29419
302,10.0,118720,0.05,11872,-0.04700000000000008,392,0.1137775108218193,0.001,29429
302,10.0,118760,0.05,11876,-0.12700000000000006,392,0.10001533478498459,0.001,29439
302,10.0,118800,0.05,11880,-0.13900000000000007,392,0.11042261123657227,0.001,29449
302,10.0,118840,0.05,11884,-0.02300000000000001,392,0.07763586938381195,0.001,29459
302,10.0,118880,0.05,11888,-0.01849999999999997,392,0.09456948935985565,0.001,29469
302,10.0,118920,0.05,11892,-0.09549999999999997,393,0.10551057755947113,0.001,29479
302,10.0,118960,0.05,11896,-0.06550000000000002,393,0.37512609362602234,0.001,29489
302,10.0,119000,0.05,11900,-0.09200000000000003,393,0.10678508132696152,0.001,29499
302,10.0,119040,0.05,11904,-0.10450000000000001,393,0.08123616874217987,0.001,29509
302,10.0,119080,0.05,11908,-0.05150000000000007,393,0.10434308648109436,0.001,29519
302,10.0,119120,0.05,11912,-0.017500000000000043,393,0.11876613646745682,0.001,29529
302,10.0,119160,0.05,11916,-0.009499999999999993,393,0.11330140382051468,0.001,29539
302,10.0,119200,0.05,11920,0.02449999999999997,393,0.07819615304470062,0.001,29549
302,10.0,119240,0.05,11924,0.053499999999999964,393,0.10627371072769165,0.001,29559
302,10.0,119280,0.05,11928,0.11199999999999996,393,0.08596411347389221,0.001,29569
302,10.0,119320,0.05,11932,0.09049999999999996,393,0.10359211266040802,0.001,29579
302,10.0,119360,0.05,11936,0.17899999999999994,394,0.06306657195091248,0.001,29589
302,10.0,119400,0.05,11940,0.17749999999999996,394,0.07338432222604752,0.001,29599
302,10.0,119440,0.05,11944,0.32699999999999996,394,0.07134678214788437,0.001,29609
302,10.0,119480,0.05,11948,0.2874999999999999,394,0.18539020419120789,0.001,29619
302,10.0,119520,0.05,11952,0.18449999999999997,394,0.10513845086097717,0.001,29629
303,10.0,119560,0.05,11956,0.16299999999999998,394,0.12051750719547272,0.001,29639
303,10.0,119600,0.05,11960,0.128,394,0.08834327757358551,0.001,29649
303,10.0,119640,0.05,11964,0.07699999999999997,394,1.0006877183914185,0.001,29659
303,10.0,119680,0.05,11968,-0.0030000000000000382,394,0.2276972383260727,0.001,29669
303,10.0,119720,0.05,11972,-0.08500000000000003,394,0.07131882756948471,0.001,29679
303,10.0,119760,0.05,11976,-0.0915,395,0.12598881125450134,0.001,29689
303,10.0,119800,0.05,11980,0.006499999999999988,395,0.11069930344820023,0.001,29699
303,10.0,119840,0.05,11984,-0.036000000000000025,395,0.09357091039419174,0.001,29709
303,10.0,119880,0.05,11988,-0.04600000000000001,395,0.09282972663640976,0.001,29719
303,10.0,119920,0.05,11992,0.09999999999999996,395,0.06312303990125656,0.001,29729
303,10.0,119960,0.05,11996,0.08699999999999998,395,0.09096566587686539,0.001,29739
303,10.0,120000,0.05,12000,0.08899999999999998,395,0.09046541899442673,0.001,29749
